nearest_university,listing_mode,gender_allowed,area_sqm,bedrooms,bathrooms,total_capacity,price,has_WiFi,has_AC,has_Elevator,has_Balcony,has_WashingMachine,has_NaturalGas
Cairo University,Bed,Female,25.8,1,1,2,884.7,0,0,0,0,1,1
Mansoura University,Bed,Male,142.5,1,1,2,3483.79,1,0,0,0,1,0
GUC,EntireUnit,Female,34.8,1,1,2,4109.64,1,0,1,1,1,1
Fayoum University,Bed,Male,133.0,2,2,4,1210.83,0,0,0,0,0,1
Tanta University,EntireUnit,Female,114.9,4,2,5,5265.9,0,0,0,0,1,0
Suez Canal University,Room,Female,190.3,4,2,7,2332.55,1,1,1,0,1,1
Alexandria University,EntireUnit,Female,109.6,3,2,6,7447.58,1,1,1,0,0,0
Alexandria University,Room,Male,120.2,1,1,2,8416.45,0,1,0,0,1,1
Benha University,EntireUnit,Female,98.2,2,1,3,4738.19,1,1,0,1,0,0
GUC,EntireUnit,Male,139.3,2,2,4,12442.52,1,0,0,1,0,0
Benha University,Room,Male,145.3,4,2,7,1470.25,0,0,1,0,0,0
Minia University,EntireUnit,Male,143.1,1,1,2,6961.49,0,1,0,1,1,1
Helwan University,Bed,Male,88.8,3,2,6,720.16,0,0,0,0,0,0
Suez Canal University,Room,Male,195.4,1,1,1,10052.93,1,1,1,1,0,0
Mansoura University,EntireUnit,Male,96.0,3,2,4,5628.21,1,0,1,1,1,1
Benha University,EntireUnit,Female,172.1,4,2,5,8911.97,1,1,1,1,1,1
GUC,Bed,Male,165.2,2,1,3,4934.04,0,0,1,1,1,1
Zagazig University,Room,Female,61.4,1,1,1,3525.48,0,1,1,1,0,1
Tanta University,Bed,Female,83.5,3,2,4,1266.77,1,1,1,1,1,1
Minia University,Room,Male,108.4,4,2,4,1405.77,1,1,1,0,0,1
Assiut University,EntireUnit,Male,195.2,1,1,1,6829.1,0,0,0,1,0,0
Zagazig University,Bed,Male,144.2,3,1,3,1820.34,0,0,1,0,0,0
Cairo University,EntireUnit,Female,178.8,3,1,3,11898.94,1,1,1,1,1,1
Zagazig University,EntireUnit,Female,86.9,2,2,4,4224.98,0,1,0,1,0,0
Benha University,Room,Female,176.9,1,1,2,7818.45,1,1,1,0,1,1
Assiut University,Room,Female,101.7,3,1,3,1299.44,0,0,0,0,1,0
Benha University,Bed,Male,158.9,2,2,4,1628.08,0,0,0,0,0,0
GUC,EntireUnit,Female,188.2,2,1,3,20008.65,1,1,1,1,1,1
Alexandria University,Room,Female,173.2,4,2,4,2569.96,0,0,0,0,0,0
GUC,Room,Female,193.5,4,2,8,4859.89,1,1,1,1,1,1
Fayoum University,Bed,Female,113.7,2,1,2,2620.64,0,1,1,1,1,0
Zagazig University,EntireUnit,Male,103.0,1,1,2,5194.78,1,1,1,0,0,0
Ain Shams University,Bed,Male,154.0,2,2,4,2024.72,1,0,0,0,0,1
Minia University,EntireUnit,Male,142.0,4,2,8,7292.93,1,1,1,0,0,1
GUC,Bed,Female,165.9,3,1,3,5195.44,1,1,1,1,1,1
Cairo University,EntireUnit,Male,150.1,3,2,4,11686.97,1,1,1,1,1,1
Tanta University,Room,Male,49.0,1,1,1,2420.37,0,0,1,1,0,0
Ain Shams University,Bed,Male,75.4,1,1,1,4100.7,0,0,0,1,0,0
AUC,Bed,Female,197.5,2,1,2,11095.98,1,0,1,0,0,0
Fayoum University,Bed,Male,149.5,3,1,3,1807.48,0,0,0,0,0,0
GUC,Room,Male,197.6,2,1,2,10130.28,1,0,0,1,0,0
Mansoura University,Bed,Male,103.7,4,2,7,765.0,1,0,0,0,1,1
Ain Shams University,Bed,Female,197.9,4,2,7,1729.77,1,0,0,0,0,0
Assiut University,EntireUnit,Female,145.1,2,2,4,7077.24,1,1,0,1,0,0
Mansoura University,Room,Female,193.9,4,2,4,2011.6,0,0,0,0,0,0
Alexandria University,EntireUnit,Female,133.8,4,2,7,8351.34,0,0,1,0,1,0
Ain Shams University,Bed,Female,178.6,4,2,7,1564.52,1,1,1,1,0,1
Fayoum University,Bed,Female,149.5,2,1,3,2002.36,0,0,0,0,0,0
AUC,Room,Female,100.8,2,2,4,5691.3,1,1,1,0,0,0
Assiut University,Room,Female,177.7,4,2,6,1682.13,0,0,0,1,1,0
Tanta University,Bed,Male,176.8,4,2,7,1286.22,1,1,1,1,1,1
Suez Canal University,Room,Female,50.6,1,1,2,3278.65,1,1,1,0,1,0
Mansoura University,Room,Male,79.2,3,1,3,1583.8,0,1,0,0,0,1
Zagazig University,Room,Male,192.1,1,1,2,8089.91,0,0,0,0,0,0
Tanta University,Bed,Male,195.3,1,1,1,10607.65,1,1,1,1,1,0
Zagazig University,Room,Male,115.5,4,2,7,1463.71,0,1,0,1,1,0
Fayoum University,Room,Male,62.4,2,1,2,1714.26,1,1,1,1,0,1
Cairo University,Room,Male,89.2,2,1,2,2531.52,0,0,0,0,0,0
AUC,Bed,Female,66.2,1,1,2,3347.23,0,0,0,1,0,0
Assiut University,EntireUnit,Female,104.8,4,2,5,4660.47,0,0,0,1,1,0
Mansoura University,Room,Male,61.1,2,1,2,2325.38,1,1,1,1,0,1
Zagazig University,Room,Male,187.5,3,2,5,2538.51,0,1,0,0,1,0
Minia University,EntireUnit,Female,144.3,4,2,7,4612.83,0,0,0,0,0,0
Assiut University,Bed,Female,117.8,3,1,3,1810.77,1,0,1,1,1,1
Fayoum University,Room,Female,90.1,3,1,3,1195.52,0,0,0,0,1,0
Alexandria University,EntireUnit,Female,189.2,2,1,2,10802.61,1,0,0,0,0,0
Tanta University,EntireUnit,Male,71.6,1,1,1,3300.53,1,0,0,1,1,1
Zagazig University,Room,Female,138.8,2,2,4,3048.65,0,1,1,1,0,0
Fayoum University,Room,Male,121.1,2,1,3,2223.94,0,0,0,0,0,0
Fayoum University,Bed,Male,194.2,3,2,5,1474.63,0,0,0,1,1,0
Ain Shams University,Bed,Male,115.1,3,1,3,2702.87,1,1,0,1,1,1
Assiut University,EntireUnit,Female,125.8,4,2,6,4972.26,1,0,0,0,1,0
Tanta University,EntireUnit,Male,121.4,1,1,2,6315.8,1,1,1,1,0,1
Ain Shams University,Bed,Male,73.7,2,2,4,1233.35,1,0,1,0,0,0
Fayoum University,Room,Male,116.8,2,1,2,2497.55,0,0,1,0,1,1
AUC,Room,Female,86.9,2,2,4,4968.72,0,1,0,0,1,0
Alexandria University,Room,Male,123.5,4,2,7,1976.6,0,0,0,0,0,0
Suez Canal University,EntireUnit,Male,186.2,3,2,4,8657.2,1,1,1,1,1,1
Minia University,Room,Male,127.3,2,1,3,2130.02,1,0,0,0,0,0
Zagazig University,Room,Female,106.4,4,2,4,1474.75,1,1,0,0,0,1
Cairo University,EntireUnit,Male,174.9,4,2,6,11068.24,1,0,1,1,1,0
GUC,EntireUnit,Female,73.9,2,1,3,7513.0,0,0,0,1,1,0
Cairo University,EntireUnit,Male,188.8,4,2,6,11824.25,1,1,1,1,1,1
Cairo University,Bed,Male,185.0,4,2,5,2544.92,1,0,1,0,0,1
Mansoura University,Room,Male,147.8,3,1,3,2430.55,0,0,0,0,1,1
Fayoum University,Room,Male,186.0,3,2,4,2623.86,1,1,1,1,1,1
Cairo University,EntireUnit,Male,113.9,1,1,1,7348.86,0,0,1,0,1,1
Ain Shams University,Bed,Male,93.3,1,1,2,2550.18,1,0,0,0,0,0
Alexandria University,Room,Female,186.9,3,2,5,3601.47,1,0,1,1,1,0
Helwan University,Bed,Male,99.0,1,1,1,6106.73,1,1,1,1,1,1
Alexandria University,Room,Male,115.4,4,2,8,1893.09,0,0,0,0,0,0
Helwan University,EntireUnit,Female,138.6,2,2,4,7438.37,0,1,1,0,1,1
Suez Canal University,EntireUnit,Female,152.1,3,1,3,5779.0,0,0,0,0,0,0
Tanta University,Room,Male,107.7,4,2,6,1106.98,0,0,0,0,0,0
Helwan University,Bed,Male,67.9,1,1,1,4298.04,1,1,0,1,0,1
Assiut University,Bed,Female,97.9,3,1,3,1486.92,1,0,1,0,0,0
Tanta University,EntireUnit,Female,79.9,1,1,2,3808.85,0,1,0,0,0,1
GUC,Room,Female,165.3,1,1,2,15057.67,1,1,1,1,1,1
Assiut University,Bed,Female,126.8,3,2,5,1141.4,0,1,1,0,1,1
AUC,Bed,Male,50.8,2,1,3,2333.15,1,1,1,0,1,1
Minia University,Room,Male,64.7,2,2,4,1482.95,1,0,1,0,1,1
Mansoura University,Bed,Male,93.0,2,1,2,2684.76,0,1,0,1,0,0
Helwan University,Bed,Female,178.6,2,2,4,2459.99,1,1,1,1,1,1
Assiut University,EntireUnit,Male,154.6,3,2,4,5761.94,0,0,0,1,1,0
Tanta University,Bed,Male,109.2,2,1,2,2481.73,0,1,0,0,0,0
Ain Shams University,Bed,Male,176.5,3,2,5,2384.84,0,1,0,0,0,0
Fayoum University,Bed,Male,178.2,4,2,5,1312.94,1,0,1,1,0,1
Benha University,EntireUnit,Female,84.2,2,1,2,3200.19,0,0,0,0,1,0
Mansoura University,Room,Male,27.6,1,1,2,1302.08,0,0,0,0,0,1
AUC,Bed,Female,189.1,3,2,6,3167.87,1,0,1,1,1,0
Helwan University,Bed,Female,149.9,2,1,2,3950.44,1,0,1,1,0,0
Helwan University,Bed,Female,121.6,4,2,4,1752.2,1,1,1,1,1,1
Assiut University,Bed,Male,60.8,2,1,3,753.68,0,0,0,0,0,0
Fayoum University,EntireUnit,Female,70.8,1,1,2,4582.47,0,1,1,1,1,1
Assiut University,Bed,Female,58.2,2,2,4,571.12,0,0,0,0,0,1
Ain Shams University,Room,Female,191.7,2,1,2,6244.08,1,0,1,1,0,1
Cairo University,Room,Female,90.7,1,1,1,6516.13,1,1,1,1,1,1
Cairo University,Room,Female,145.4,1,1,2,9343.24,0,1,0,0,0,1
Helwan University,EntireUnit,Female,193.2,3,1,3,10916.3,1,1,1,0,1,0
AUC,Bed,Female,140.4,4,2,4,3810.44,1,1,1,0,1,1
Assiut University,EntireUnit,Male,77.9,1,1,1,3236.36,1,0,1,0,1,0
Suez Canal University,Bed,Female,45.6,1,1,1,2939.77,0,1,1,0,0,1
Fayoum University,Bed,Female,189.5,2,1,3,2193.01,1,0,0,0,0,0
Fayoum University,EntireUnit,Female,167.6,2,1,3,7667.48,1,1,1,1,0,1
Suez Canal University,Room,Male,179.0,3,2,5,2796.58,0,1,0,0,0,0
Alexandria University,EntireUnit,Male,93.5,2,2,4,6658.7,0,0,1,1,0,1
Fayoum University,EntireUnit,Female,108.1,3,2,5,4529.79,0,0,0,0,1,1
GUC,Bed,Male,27.8,1,1,1,2986.7,1,0,0,0,0,0
Helwan University,Room,Male,57.1,2,1,2,2270.64,1,1,1,1,1,0
Tanta University,Bed,Male,177.5,4,2,4,2054.22,1,1,1,1,0,0
Ain Shams University,Bed,Female,39.9,1,1,1,3907.73,0,1,0,1,1,1
Assiut University,EntireUnit,Male,119.2,1,1,2,4179.12,0,0,1,0,0,1
Fayoum University,Bed,Male,188.8,4,2,6,1188.77,1,0,0,1,1,1
Ain Shams University,Room,Male,106.5,3,1,3,2580.28,1,1,1,1,1,1
Assiut University,Bed,Male,98.3,3,2,4,974.56,0,0,1,0,0,0
Zagazig University,Room,Male,136.2,4,2,5,1422.94,0,0,0,1,0,0
Assiut University,Room,Male,115.8,3,2,5,1460.23,0,0,0,0,1,0
Tanta University,Bed,Female,96.8,3,2,5,957.2,0,1,0,0,1,0
Zagazig University,EntireUnit,Male,192.0,1,1,2,9175.17,1,1,0,1,1,0
Alexandria University,Room,Female,138.2,2,1,3,4592.21,0,0,0,0,0,0
Suez Canal University,Bed,Female,186.9,1,1,2,4030.03,0,0,0,0,1,0
Zagazig University,Room,Male,191.4,1,1,2,8998.09,0,1,1,0,0,1
Suez Canal University,Bed,Female,198.3,4,2,5,1639.81,1,0,1,0,1,1
Tanta University,EntireUnit,Female,108.0,4,2,4,4817.7,0,0,1,0,0,0
Zagazig University,Room,Female,128.8,1,1,2,6134.24,0,1,1,1,1,0
Cairo University,Bed,Female,159.9,3,2,4,2629.55,1,1,1,0,0,1
Ain Shams University,Room,Male,146.9,4,2,5,2453.84,0,1,1,1,1,1
Alexandria University,EntireUnit,Female,130.7,1,1,1,9819.69,1,1,1,1,1,0
Alexandria University,Bed,Male,128.8,2,1,2,3628.27,0,0,0,0,0,0
Suez Canal University,Bed,Male,58.3,2,1,2,2067.67,0,1,1,1,1,1
Fayoum University,Room,Female,69.2,2,2,4,1415.71,0,0,0,1,0,1
Fayoum University,Bed,Female,182.0,2,1,2,3697.83,1,1,0,1,1,1
Zagazig University,Room,Female,87.2,1,1,2,4968.03,1,1,1,0,1,1
Mansoura University,Bed,Male,134.9,2,2,4,2057.85,1,1,1,1,0,1
AUC,Bed,Male,188.3,4,2,6,3767.54,1,1,1,1,0,0
Cairo University,Room,Male,190.3,4,2,4,2748.97,1,0,0,0,0,0
Mansoura University,Bed,Male,128.6,4,2,7,934.01,0,0,1,1,0,0
AUC,EntireUnit,Female,76.2,3,2,6,8690.65,0,1,0,0,0,1
Ain Shams University,Room,Male,106.5,4,2,7,1860.29,0,1,1,0,1,0
Ain Shams University,Bed,Male,151.2,3,2,6,1682.2,1,0,1,1,1,1
Helwan University,Room,Male,189.2,4,2,4,2636.89,1,1,1,1,1,1
Zagazig University,Bed,Male,174.0,2,1,3,3127.42,1,1,1,1,1,1
Cairo University,EntireUnit,Male,183.9,2,1,3,12163.48,0,0,1,1,1,1
Fayoum University,Room,Male,52.4,2,1,2,994.95,0,0,0,0,1,1
Fayoum University,EntireUnit,Female,61.2,1,1,2,3688.85,1,1,1,0,0,1
Ain Shams University,Room,Female,117.0,1,1,1,7661.58,0,1,0,1,1,0
Suez Canal University,Room,Male,89.6,2,1,2,1926.56,0,0,0,0,0,0
GUC,Room,Male,173.6,3,2,5,5351.19,0,0,0,0,0,0
Alexandria University,Room,Female,108.5,1,1,1,7039.72,0,1,0,0,1,1
Assiut University,Room,Male,84.9,3,1,3,1507.3,1,1,0,1,1,1
Assiut University,Room,Female,122.6,1,1,1,5464.45,1,1,1,0,0,1
Zagazig University,Room,Female,146.7,3,2,5,2423.73,0,1,0,0,0,1
Assiut University,EntireUnit,Female,142.6,2,1,2,4731.61,0,0,0,0,0,0
Benha University,Bed,Female,186.9,1,1,1,8479.09,0,0,1,1,1,0
Helwan University,Bed,Female,189.6,1,1,1,9329.79,0,0,0,0,0,0
Suez Canal University,Bed,Female,198.9,4,2,7,1378.85,1,1,1,1,0,1
Mansoura University,EntireUnit,Male,97.7,1,1,1,3819.04,0,0,0,0,0,0
Helwan University,Room,Female,185.7,4,2,7,2219.83,1,1,1,1,1,1
Minia University,EntireUnit,Male,162.4,4,2,7,7945.4,1,1,1,1,0,1
Mansoura University,EntireUnit,Male,158.6,3,1,3,7127.83,0,0,0,1,1,1
Ain Shams University,EntireUnit,Female,116.4,4,2,5,7177.67,0,0,0,0,0,0
Fayoum University,Room,Male,105.1,4,2,7,1094.17,1,0,1,0,1,1
Suez Canal University,Room,Male,190.8,3,1,3,2853.78,1,0,1,1,1,1
Fayoum University,EntireUnit,Female,75.6,1,1,2,4473.55,0,1,1,1,1,1
Fayoum University,Bed,Female,141.7,3,2,4,1135.98,0,0,0,0,0,0
Zagazig University,Room,Male,130.2,2,1,3,2386.77,0,0,0,0,0,0
Suez Canal University,Bed,Male,51.2,2,2,4,982.03,0,1,1,1,1,0
Tanta University,Room,Female,155.2,3,1,3,2457.91,1,1,1,1,1,0
Tanta University,Bed,Male,41.7,1,1,2,1098.35,1,0,1,0,1,0
Benha University,Bed,Female,43.4,1,1,2,1258.47,1,0,1,1,1,1
Suez Canal University,Room,Female,110.8,1,1,1,4518.97,0,0,0,0,0,0
Fayoum University,Bed,Female,132.5,2,1,3,1971.51,0,1,0,0,1,0
GUC,Room,Male,64.3,2,2,4,3192.21,0,0,0,0,1,0
Assiut University,EntireUnit,Male,187.3,2,1,2,6906.98,0,0,0,0,0,0
AUC,EntireUnit,Male,172.9,2,1,2,18067.42,1,0,0,0,0,1
Assiut University,Bed,Male,118.8,2,1,3,2023.57,1,1,1,1,1,1
AUC,EntireUnit,Male,143.6,2,1,2,16490.76,1,1,0,1,0,0
AUC,Bed,Male,144.7,1,1,1,14920.43,0,1,1,1,1,1
Suez Canal University,Room,Female,190.8,4,2,6,1742.54,0,0,0,0,0,0
Zagazig University,EntireUnit,Female,113.1,4,2,5,5968.66,1,0,1,0,1,1
GUC,Bed,Female,143.7,2,1,3,4332.12,0,0,0,0,0,1
Fayoum University,Room,Female,103.2,4,2,4,1341.74,0,1,1,0,0,1
Benha University,EntireUnit,Female,147.1,2,2,4,7706.18,1,1,1,0,1,0
Mansoura University,Bed,Female,111.1,1,1,2,3559.22,1,1,1,1,1,1
Assiut University,EntireUnit,Male,199.1,4,2,8,7450.36,1,0,0,1,1,1
Cairo University,EntireUnit,Female,147.4,1,1,2,9502.87,1,0,0,0,0,0
Fayoum University,Room,Female,78.3,2,1,2,1493.39,0,0,0,0,0,0
GUC,Bed,Male,183.6,3,2,6,3138.13,0,0,0,1,0,1
Tanta University,Room,Male,84.8,3,2,6,1754.64,0,1,1,0,1,1
Assiut University,Room,Male,196.1,2,1,2,3909.98,0,1,0,0,0,1
Suez Canal University,EntireUnit,Male,180.6,2,1,3,7568.83,1,0,0,0,0,0
Minia University,Room,Male,86.3,1,1,2,3442.39,0,0,0,0,0,1
AUC,Room,Female,167.4,4,2,6,4355.11,1,1,0,1,0,1
Minia University,Room,Female,109.3,4,2,4,1517.91,1,1,1,1,1,1
Tanta University,Bed,Female,37.7,1,1,1,1617.09,0,0,0,0,0,0
Fayoum University,EntireUnit,Male,164.1,4,2,4,6481.32,0,1,0,0,0,0
Assiut University,Bed,Male,148.8,4,2,6,883.76,1,0,1,0,0,0
Alexandria University,EntireUnit,Female,129.6,3,2,4,9462.79,1,1,1,1,1,0
GUC,Bed,Male,119.2,3,2,5,2603.28,0,1,1,1,1,0
Suez Canal University,EntireUnit,Female,105.5,2,1,2,6330.53,1,1,1,1,1,1
Mansoura University,Room,Female,122.7,3,2,4,2137.23,0,1,1,1,1,0
Minia University,Bed,Female,160.2,1,1,1,5536.96,1,0,0,0,0,0
Helwan University,EntireUnit,Male,149.4,1,1,2,8559.87,0,1,1,1,0,1
Assiut University,EntireUnit,Male,118.7,2,2,4,5601.97,0,1,1,1,1,1
Cairo University,Bed,Female,152.3,1,1,2,4945.66,1,1,1,1,1,1
Minia University,Bed,Male,169.2,4,2,6,973.9,0,0,0,0,0,0
GUC,Room,Female,133.4,4,2,6,2882.39,0,0,0,0,0,1
Helwan University,EntireUnit,Female,85.6,1,1,1,5268.68,1,1,1,1,1,1
Cairo University,Room,Female,129.6,3,2,6,2663.86,0,1,0,0,0,1
Benha University,EntireUnit,Female,125.1,3,2,5,7087.25,1,1,1,0,1,1
Cairo University,Bed,Female,155.1,3,2,6,1591.12,1,1,0,1,0,0
Suez Canal University,Bed,Male,96.1,3,1,3,1672.76,1,1,0,0,1,1
Cairo University,Bed,Female,80.8,2,1,3,2130.67,0,1,1,1,1,1
Minia University,EntireUnit,Male,85.4,1,1,1,4681.34,1,1,1,1,1,1
Tanta University,Room,Female,116.2,4,2,4,1445.78,0,1,1,0,1,0
Suez Canal University,Bed,Male,69.1,2,2,4,1233.83,1,1,1,1,1,1
Assiut University,EntireUnit,Female,93.6,3,1,3,4689.18,1,1,1,1,1,1
Benha University,EntireUnit,Male,166.1,2,1,2,8400.4,1,1,1,1,1,1
Helwan University,Room,Female,126.4,2,1,3,3390.97,0,1,0,1,0,1
Cairo University,EntireUnit,Female,199.2,4,2,5,11452.6,0,0,0,0,0,0
Zagazig University,Bed,Male,172.6,1,1,2,3991.43,1,1,1,1,0,0
Helwan University,EntireUnit,Male,150.1,4,2,7,7387.77,0,0,0,0,0,0
GUC,EntireUnit,Female,156.9,4,2,4,13438.2,1,0,0,0,1,0
Zagazig University,Bed,Male,117.6,4,2,4,1500.97,0,1,1,1,1,1
Mansoura University,EntireUnit,Male,195.2,4,2,7,8667.51,0,0,0,0,0,0
Mansoura University,Room,Male,131.0,3,2,6,2462.4,0,1,1,1,1,1
Cairo University,EntireUnit,Male,184.9,4,2,7,11899.02,0,1,0,0,0,0
Zagazig University,EntireUnit,Male,65.7,1,1,2,3780.27,1,1,0,1,1,0
Ain Shams University,Room,Male,165.1,3,2,5,3096.39,0,1,0,1,0,1
GUC,Room,Male,99.0,2,1,2,4845.88,0,0,0,0,0,0
Benha University,EntireUnit,Male,68.9,1,1,1,3256.86,1,0,1,0,0,1
Tanta University,EntireUnit,Male,110.1,3,1,3,6817.53,1,1,1,1,1,1
Alexandria University,EntireUnit,Female,59.1,2,1,3,5255.52,1,1,1,0,0,0
GUC,Room,Female,120.3,2,1,2,6211.42,0,1,0,0,0,0
Mansoura University,Room,Male,146.2,3,2,4,2278.89,0,1,0,1,1,0
Fayoum University,Room,Male,93.7,1,1,1,4927.63,0,1,0,0,1,0
Minia University,Room,Male,115.3,3,2,5,1404.95,1,0,0,0,0,0
Benha University,EntireUnit,Female,162.4,1,1,1,8487.09,1,1,1,1,1,0
Fayoum University,Room,Male,177.9,3,2,5,2826.79,1,1,1,1,1,1
Mansoura University,Room,Male,197.1,3,2,6,2795.18,0,0,0,0,0,1
Alexandria University,Bed,Male,96.1,2,1,3,2308.33,1,1,1,0,1,1
Minia University,Room,Female,139.6,2,1,3,2953.39,1,0,1,0,0,0
Zagazig University,Room,Female,142.5,4,2,5,1504.27,0,1,0,0,0,1
Mansoura University,Room,Male,182.0,4,2,5,2466.04,1,1,1,1,1,1
Tanta University,Room,Male,150.3,4,2,7,1884.27,1,1,0,1,1,1
Minia University,EntireUnit,Male,102.1,2,1,3,4697.08,0,1,1,1,1,1
Zagazig University,EntireUnit,Male,147.0,1,1,1,5673.09,0,0,0,0,0,0
Fayoum University,EntireUnit,Female,169.9,1,1,1,7923.37,1,1,0,0,1,1
Helwan University,EntireUnit,Female,27.6,1,1,1,3082.14,1,1,1,0,1,0
Mansoura University,EntireUnit,Male,193.1,1,1,1,8879.32,0,0,0,0,0,0
Suez Canal University,Room,Female,140.9,1,1,1,7172.63,0,1,1,0,1,0
Suez Canal University,Room,Female,165.2,3,1,3,2267.82,1,0,0,0,0,1
Fayoum University,EntireUnit,Female,159.6,4,2,6,5745.95,1,0,0,0,0,0
Ain Shams University,Room,Male,153.3,2,1,2,4942.38,0,1,0,0,1,0
Minia University,Room,Female,155.1,3,2,6,2057.1,1,0,0,0,0,0
Helwan University,Room,Female,198.4,4,2,8,1967.05,0,0,0,0,0,0
Fayoum University,Room,Male,168.2,3,2,5,2502.85,1,1,1,1,1,1
Cairo University,Room,Female,43.3,1,1,2,2700.72,0,0,0,0,1,1
Alexandria University,Room,Male,92.6,1,1,2,4985.16,0,0,0,0,0,0
Cairo University,Bed,Female,167.1,4,2,7,1567.79,0,1,0,0,0,1
Ain Shams University,Bed,Female,94.8,2,1,2,2585.01,0,0,0,0,1,0
Assiut University,EntireUnit,Female,188.7,4,2,4,8543.23,0,1,1,0,1,1
Cairo University,EntireUnit,Female,165.7,4,2,7,10408.4,1,1,1,0,1,1
Benha University,EntireUnit,Male,172.1,4,2,8,8152.33,1,1,1,1,0,1
Zagazig University,Room,Male,104.5,3,2,4,1889.67,1,1,1,1,1,1
Cairo University,Room,Male,71.6,2,1,2,2998.76,1,1,1,1,1,1
Alexandria University,Bed,Male,131.5,4,2,6,1583.02,1,1,1,1,1,1
Mansoura University,Room,Male,172.5,4,2,4,2455.39,1,1,1,0,1,0
Suez Canal University,EntireUnit,Male,78.5,1,1,2,5486.91,1,1,1,1,1,1
Helwan University,EntireUnit,Female,82.8,3,1,3,5472.29,1,1,1,1,1,1
Ain Shams University,EntireUnit,Male,108.5,4,2,8,6358.97,0,0,0,1,0,0
Assiut University,Room,Female,187.6,2,1,3,3605.83,0,1,0,1,1,1
Assiut University,Room,Female,128.4,3,1,3,1835.86,1,1,1,0,0,0
Mansoura University,EntireUnit,Female,169.7,4,2,4,8997.18,1,1,0,1,1,1
Fayoum University,Bed,Male,157.6,4,2,8,810.78,0,0,0,1,1,1
Minia University,Room,Male,164.4,1,1,1,5960.37,0,0,0,0,0,0
Fayoum University,Room,Female,143.3,1,1,1,4861.31,0,0,0,0,0,0
Fayoum University,Bed,Female,64.1,2,1,3,928.37,1,0,0,0,0,0
Minia University,Room,Female,170.0,4,2,4,1862.92,0,1,1,1,1,0
GUC,EntireUnit,Female,164.2,2,1,2,16796.37,0,1,0,0,0,0
Zagazig University,Room,Male,105.4,2,2,4,2424.68,0,1,0,0,1,0
Mansoura University,Bed,Female,83.1,2,2,4,1413.18,1,1,1,1,0,0
Zagazig University,Bed,Male,175.6,2,1,2,3436.73,1,0,0,0,0,0
Benha University,Bed,Female,163.7,1,1,2,3842.67,1,0,1,0,0,0
Minia University,Room,Female,107.8,4,2,8,1187.7,1,0,1,1,1,1
Suez Canal University,EntireUnit,Male,96.2,3,2,4,3708.33,0,0,0,0,0,0
Minia University,Bed,Male,43.8,1,1,1,1954.41,1,0,0,0,0,0
Zagazig University,Bed,Female,28.2,1,1,1,2257.39,1,1,0,1,1,0
Tanta University,Room,Female,52.3,2,1,3,2128.68,1,1,1,1,1,1
Zagazig University,Bed,Female,148.3,2,1,2,2972.36,1,0,0,0,0,0
Minia University,EntireUnit,Female,171.4,2,1,2,5799.53,1,0,0,1,0,0
Cairo University,Bed,Female,164.4,3,2,6,1676.89,0,0,1,0,0,1
Benha University,Bed,Male,121.5,1,1,2,2436.0,0,0,0,0,0,0
Ain Shams University,Bed,Male,166.8,2,1,2,4645.7,1,0,0,1,1,0
Ain Shams University,EntireUnit,Female,122.5,2,1,2,7504.69,1,0,0,0,1,1
Suez Canal University,Room,Male,62.2,1,1,2,4026.62,1,1,1,0,1,1
Benha University,EntireUnit,Female,83.4,3,1,3,4448.38,1,0,1,1,1,1
Assiut University,EntireUnit,Female,106.6,1,1,1,5162.1,1,0,1,1,1,0
Zagazig University,EntireUnit,Male,177.4,1,1,2,7823.41,0,1,0,1,0,0
Helwan University,Bed,Female,173.0,2,1,2,3747.22,1,0,0,0,1,1
Minia University,EntireUnit,Female,167.0,2,1,3,8363.38,0,1,1,1,1,0
Benha University,Bed,Female,148.4,4,2,4,1765.28,1,1,1,1,1,0
Alexandria University,Room,Male,166.6,4,2,6,2961.07,1,1,1,0,1,0
Suez Canal University,Room,Female,128.4,3,2,4,1953.27,0,1,1,1,0,0
Cairo University,Bed,Male,72.6,1,1,1,6430.98,1,1,1,0,1,0
Minia University,Bed,Male,192.2,4,2,8,910.13,1,0,1,1,0,1
Ain Shams University,Bed,Female,190.8,4,2,7,1641.14,1,0,0,1,1,0
Suez Canal University,Bed,Male,110.5,3,2,4,1049.85,0,0,0,1,0,0
Mansoura University,Bed,Female,101.6,3,2,6,757.43,0,0,1,0,0,1
GUC,Bed,Male,107.1,3,2,6,1633.18,0,1,0,1,0,0
Zagazig University,Bed,Male,164.2,1,1,2,2948.48,0,0,0,0,0,0
Tanta University,Bed,Female,66.1,2,1,3,1358.38,0,1,1,0,1,1
Suez Canal University,Bed,Female,96.0,2,1,2,3043.44,1,1,1,1,1,1
GUC,Room,Male,199.2,4,2,5,4914.57,0,0,0,1,0,0
Cairo University,Room,Male,177.1,4,2,4,3015.13,0,0,0,1,0,1
Helwan University,Bed,Male,189.1,2,2,4,2397.42,0,0,1,1,0,0
Zagazig University,EntireUnit,Male,91.3,2,1,2,5147.99,1,1,0,1,1,0
Fayoum University,Bed,Female,149.4,3,2,5,1591.77,1,1,1,1,1,1
Helwan University,Room,Female,111.9,1,1,2,5404.9,0,0,0,0,0,0
Mansoura University,Room,Male,81.0,3,1,3,1595.87,1,1,1,0,1,0
GUC,Bed,Male,176.5,4,2,8,2027.53,1,1,0,0,1,0
Assiut University,EntireUnit,Male,109.3,4,2,6,4966.04,0,1,1,0,1,0
Cairo University,Room,Female,114.7,3,2,5,2656.56,1,0,1,0,0,0
Benha University,Room,Female,95.1,3,2,4,1193.6,0,0,0,0,0,0
Cairo University,Bed,Female,91.3,3,1,3,2243.0,1,0,1,0,0,1
Suez Canal University,EntireUnit,Male,43.1,1,1,2,1856.03,0,0,0,0,1,0
Cairo University,Room,Female,127.6,3,2,4,2861.68,0,0,1,0,0,0
Cairo University,EntireUnit,Female,144.6,2,1,2,9055.62,1,0,1,1,0,0
Fayoum University,EntireUnit,Male,77.4,2,1,2,2712.26,1,0,0,0,0,0
Cairo University,Bed,Female,133.9,4,2,5,1974.01,1,1,0,1,1,1
Assiut University,Room,Male,48.9,1,1,1,3579.05,1,1,1,0,1,0
Suez Canal University,Bed,Male,129.5,2,1,2,2520.49,0,0,0,0,0,0
Tanta University,Bed,Male,194.5,4,2,7,1119.62,0,0,0,0,0,0
Helwan University,Bed,Male,112.7,2,1,2,3258.22,1,1,1,1,1,0
Cairo University,Room,Male,169.4,1,1,1,12916.13,1,1,1,1,0,0
Mansoura University,EntireUnit,Male,176.3,4,2,5,8515.93,1,1,1,1,1,1
Zagazig University,Room,Female,80.9,1,1,1,5163.17,1,1,1,1,0,0
Fayoum University,EntireUnit,Female,175.9,4,2,4,7001.46,0,0,0,0,1,0
Fayoum University,Room,Male,115.4,1,1,1,5499.91,1,1,1,0,0,1
GUC,Bed,Male,153.4,2,2,4,3160.98,0,0,0,0,0,1
Helwan University,EntireUnit,Male,129.9,3,2,6,5886.96,0,0,0,0,1,1
Alexandria University,Room,Male,174.7,4,2,6,2791.96,1,1,1,1,1,1
AUC,EntireUnit,Female,124.2,3,1,3,15078.96,0,1,1,1,0,0
GUC,Room,Male,91.1,2,1,3,5157.16,1,1,1,1,1,1
Tanta University,Bed,Female,133.5,1,1,2,2860.79,1,0,1,0,0,1
Benha University,Bed,Female,88.0,2,1,2,2263.88,0,1,1,1,1,1
Cairo University,Bed,Male,160.7,4,2,6,1899.3,1,1,1,1,1,1
Ain Shams University,EntireUnit,Female,189.1,2,1,2,11073.3,0,1,1,1,1,0
Minia University,Bed,Female,130.9,3,1,3,1764.84,0,1,0,0,0,0
Cairo University,Bed,Female,137.8,2,2,4,2327.78,1,1,1,1,1,1
Cairo University,EntireUnit,Female,154.5,3,2,6,10008.83,0,1,0,0,0,0
Assiut University,Room,Female,55.6,2,1,3,1342.21,1,0,1,0,0,0
Minia University,Bed,Male,128.0,3,2,6,1042.27,1,1,0,0,0,1
Assiut University,Room,Male,122.8,3,1,3,1830.15,1,1,1,1,0,1
Fayoum University,EntireUnit,Male,140.8,2,1,3,5798.71,1,0,0,0,0,0
GUC,Room,Male,100.8,2,1,3,5093.23,0,1,1,0,1,0
Ain Shams University,Bed,Female,165.5,2,2,4,2873.43,1,1,1,1,0,0
Tanta University,Room,Female,184.4,1,1,2,8304.04,1,1,1,1,1,1
Helwan University,EntireUnit,Female,97.7,3,1,3,4356.62,0,0,0,1,0,0
Zagazig University,EntireUnit,Male,140.1,3,1,3,7260.81,0,1,1,1,1,1
Benha University,Bed,Female,88.8,2,2,4,981.33,1,0,0,0,0,0
Fayoum University,Bed,Female,137.5,2,2,4,1468.05,0,0,1,1,0,1
Fayoum University,EntireUnit,Male,163.4,4,2,8,7110.42,0,0,1,0,1,0
Assiut University,Room,Male,119.2,4,2,8,1095.79,0,0,1,0,0,1
Ain Shams University,Bed,Male,194.7,3,2,6,1941.96,1,1,1,1,0,1
Helwan University,Room,Male,127.1,1,1,2,7638.41,1,1,1,1,1,1
Helwan University,EntireUnit,Male,120.4,3,2,4,7541.22,1,1,1,1,0,1
Mansoura University,Room,Male,123.5,4,2,6,1859.3,1,1,1,0,1,1
Benha University,Bed,Female,122.1,1,1,2,2414.6,0,0,0,0,0,0
AUC,Bed,Male,199.1,2,1,2,10265.91,1,0,1,1,1,1
Helwan University,Room,Female,164.9,2,1,2,3701.71,0,0,0,0,0,0
Fayoum University,EntireUnit,Male,187.8,3,1,3,6854.49,0,0,0,0,0,1
Benha University,Bed,Female,196.8,3,2,6,1567.13,1,0,1,1,0,1
Minia University,EntireUnit,Female,153.3,2,2,4,6410.07,1,1,0,1,1,1
Minia University,EntireUnit,Male,183.1,4,2,5,9143.96,1,1,1,1,1,0
Zagazig University,EntireUnit,Male,59.9,1,1,2,3690.35,0,1,0,1,1,1
AUC,Bed,Female,171.3,4,2,4,4018.9,0,0,0,0,0,1
GUC,Bed,Female,176.3,3,2,5,3635.46,1,1,1,1,0,1
Minia University,Bed,Male,148.2,4,2,4,1403.69,0,0,0,0,0,1
Fayoum University,EntireUnit,Male,95.1,3,1,3,4434.17,1,1,1,0,0,0
Zagazig University,Bed,Female,105.8,2,1,2,2419.96,0,0,1,0,0,0
Benha University,Bed,Female,70.0,2,1,2,2064.57,1,1,1,1,1,1
Alexandria University,EntireUnit,Male,142.5,1,1,2,8956.8,1,0,1,1,1,1
Suez Canal University,EntireUnit,Male,196.3,3,2,6,9617.24,1,1,1,1,1,1
Assiut University,Bed,Male,85.0,3,2,5,1001.59,1,1,1,1,1,1
Fayoum University,EntireUnit,Male,178.0,3,2,4,7393.65,1,1,1,1,0,1
Zagazig University,Bed,Male,189.8,1,1,1,7849.55,0,0,1,1,0,1
Benha University,EntireUnit,Male,148.7,4,2,7,6966.31,1,1,1,1,1,1
Suez Canal University,Room,Male,152.0,1,1,2,6312.47,1,0,1,1,1,1
Zagazig University,Bed,Female,111.8,4,2,8,825.27,1,1,1,1,1,1
Alexandria University,Bed,Male,124.6,2,1,3,2866.95,1,1,1,1,1,1
Ain Shams University,EntireUnit,Male,104.0,1,1,1,6497.25,0,0,1,0,0,0
Cairo University,EntireUnit,Male,188.5,4,2,8,12220.03,1,0,0,1,0,0
Cairo University,EntireUnit,Female,93.9,1,1,2,6303.88,0,0,1,1,0,0
Zagazig University,EntireUnit,Female,140.6,1,1,1,6548.62,1,0,0,0,1,1
GUC,Bed,Female,128.3,3,2,6,2071.34,0,0,1,0,1,0
Alexandria University,EntireUnit,Female,119.8,2,1,3,6850.4,0,0,1,0,0,0
Zagazig University,EntireUnit,Male,171.7,1,1,1,7976.38,1,1,1,1,1,1
Suez Canal University,EntireUnit,Female,121.9,4,2,6,6436.6,1,0,1,1,1,0
Helwan University,Bed,Male,110.4,3,2,6,1030.26,1,1,0,1,1,1
Fayoum University,EntireUnit,Male,194.7,1,1,1,7978.19,1,0,0,1,0,1
Minia University,Room,Male,199.1,3,2,4,3111.2,1,1,1,1,1,1
Minia University,Bed,Female,132.5,2,1,2,2321.31,0,0,0,0,0,0
Benha University,Bed,Female,152.9,4,2,7,925.05,1,0,0,0,0,1
Fayoum University,EntireUnit,Male,112.1,3,2,5,4379.96,0,0,0,1,0,0
Tanta University,Bed,Male,51.6,1,1,2,1079.17,1,0,0,0,0,0
Minia University,EntireUnit,Female,34.3,1,1,2,1274.44,0,0,0,0,0,0
Alexandria University,Room,Female,161.0,1,1,2,8978.83,0,0,0,0,0,1
Alexandria University,Bed,Female,128.1,4,2,6,1498.26,1,1,1,1,0,1
Fayoum University,EntireUnit,Male,151.3,3,2,6,6799.54,0,0,1,1,1,0
Benha University,Bed,Male,86.5,2,2,4,1260.11,1,1,0,0,1,1
Helwan University,Room,Male,153.9,2,2,4,3224.5,0,0,0,0,0,0
Mansoura University,Bed,Male,40.0,1,1,1,2258.51,0,0,0,1,1,0
Alexandria University,Bed,Male,89.3,2,2,4,1283.62,0,0,0,0,0,0
AUC,Room,Male,105.4,4,2,6,3286.33,0,1,1,0,0,1
Suez Canal University,Bed,Male,147.4,2,1,3,1784.33,0,0,0,0,0,0
Fayoum University,Room,Male,145.8,2,1,3,2717.6,0,0,0,1,1,1
GUC,Bed,Female,168.9,1,1,2,8450.66,1,0,0,0,0,1
Benha University,Bed,Male,132.9,4,2,4,1433.29,0,0,1,0,1,0
GUC,Room,Female,117.8,4,2,6,2822.43,1,1,1,0,1,1
Suez Canal University,EntireUnit,Female,94.2,3,2,6,4618.8,0,1,0,0,0,0
Fayoum University,Bed,Female,181.3,2,2,4,1895.97,0,1,1,0,0,1
Alexandria University,Bed,Female,178.0,2,2,4,3320.27,1,1,1,1,1,1
Cairo University,EntireUnit,Female,128.7,4,2,5,8304.25,1,1,1,0,0,1
Helwan University,Bed,Male,171.7,1,1,1,7864.63,0,0,0,0,0,0
Minia University,Room,Male,190.1,4,2,7,2300.87,1,1,1,1,1,1
GUC,Room,Male,53.1,1,1,2,4597.47,0,0,0,0,0,0
Mansoura University,EntireUnit,Female,67.7,2,2,4,3142.06,0,0,0,1,1,1
Benha University,Bed,Female,185.3,1,1,2,4460.13,1,0,1,1,1,1
Zagazig University,Bed,Male,182.3,4,2,6,1471.95,1,1,1,1,1,0
Minia University,Room,Female,46.4,1,1,1,1848.48,0,0,0,0,0,1
Minia University,Bed,Female,53.3,1,1,2,1124.93,1,0,1,0,0,1
Ain Shams University,EntireUnit,Female,101.9,4,2,7,7499.0,1,1,1,1,1,1
Ain Shams University,EntireUnit,Male,128.9,4,2,5,6663.71,0,0,0,0,1,0
Cairo University,EntireUnit,Female,48.5,1,1,1,3461.77,0,1,0,1,0,0
GUC,Room,Female,82.9,3,2,5,3045.8,0,1,1,1,0,1
Cairo University,Room,Female,53.1,2,1,3,2482.84,1,1,1,1,1,1
Helwan University,Bed,Female,150.9,2,1,3,2782.31,0,1,0,1,1,0
AUC,Bed,Female,101.7,4,2,6,1764.38,0,1,1,0,0,0
GUC,Bed,Female,175.7,1,1,1,18216.49,0,0,0,0,1,0
Assiut University,Bed,Male,123.2,4,2,8,600.73,0,0,0,0,0,0
Benha University,EntireUnit,Male,114.6,4,2,8,6294.29,1,1,1,0,0,0
Mansoura University,EntireUnit,Male,116.8,2,1,3,6091.81,0,1,0,1,0,1
AUC,Bed,Male,122.8,1,1,1,13519.46,1,1,1,1,1,1
GUC,Bed,Male,112.3,3,1,3,4015.47,0,0,1,1,0,1
Tanta University,EntireUnit,Male,82.2,2,2,4,4329.28,1,1,1,0,1,0
Minia University,EntireUnit,Male,87.2,2,2,4,3678.67,0,1,0,1,0,0
Cairo University,EntireUnit,Male,184.2,4,2,8,10160.45,0,0,1,0,0,0
Assiut University,EntireUnit,Male,147.0,4,2,4,5382.88,0,0,0,0,1,0
AUC,EntireUnit,Female,93.4,2,1,2,12646.98,0,1,1,1,1,1
Alexandria University,EntireUnit,Female,106.0,1,1,1,6764.46,1,0,0,0,0,1
Tanta University,Bed,Male,167.8,1,1,1,7678.41,1,0,1,1,0,1
Helwan University,Bed,Female,111.8,2,1,3,2408.55,1,1,1,1,1,1
Cairo University,EntireUnit,Female,138.0,4,2,4,7670.97,0,0,0,0,0,0
Benha University,Room,Female,161.5,1,1,2,7822.39,1,0,1,0,1,1
Benha University,Bed,Female,74.0,2,1,2,1594.56,0,0,0,0,1,0
Fayoum University,Room,Female,108.5,4,2,6,1034.26,1,0,0,0,0,1
Suez Canal University,Bed,Female,101.4,4,2,6,826.43,1,1,1,1,0,0
Helwan University,EntireUnit,Male,184.1,2,1,3,8753.43,1,1,0,1,1,1
Benha University,Room,Male,111.5,2,1,3,3247.11,1,1,1,1,1,1
AUC,Room,Female,120.0,4,2,7,3665.26,1,1,1,0,1,1
Fayoum University,EntireUnit,Male,132.7,4,2,5,5514.84,0,1,1,0,0,1
Tanta University,Room,Male,134.8,1,1,2,7220.21,0,1,0,0,1,1
Helwan University,Bed,Male,87.2,3,2,6,601.3,0,0,0,0,0,0
AUC,EntireUnit,Male,50.2,1,1,2,5984.18,1,1,0,0,1,1
Assiut University,Bed,Female,109.2,1,1,2,3032.03,1,1,1,1,1,1
Benha University,EntireUnit,Male,177.3,1,1,2,7753.03,1,1,1,1,0,1
Helwan University,Room,Male,94.5,2,1,3,2251.71,0,0,0,0,0,0
Minia University,Room,Male,81.6,3,2,5,1080.02,0,0,0,1,0,0
Minia University,Bed,Male,165.5,1,1,1,7127.76,1,1,1,1,1,1
Fayoum University,EntireUnit,Female,104.3,2,2,4,5259.93,1,1,0,1,0,0
Helwan University,Bed,Male,75.0,3,2,5,888.71,1,1,1,0,1,0
Minia University,Bed,Male,123.6,4,2,8,841.16,1,1,1,1,1,1
Minia University,EntireUnit,Male,71.0,2,1,2,2809.53,0,0,0,0,0,0
AUC,EntireUnit,Female,110.9,2,2,4,11901.71,1,1,1,1,1,1
Cairo University,EntireUnit,Male,80.5,2,1,3,4829.57,0,0,0,0,1,1
Tanta University,Bed,Female,152.9,4,2,8,971.89,1,1,1,1,1,1
Helwan University,EntireUnit,Male,119.5,2,1,2,5472.31,0,0,0,0,0,0
Tanta University,Room,Male,113.4,4,2,5,1683.11,1,1,1,1,1,0
Assiut University,EntireUnit,Female,123.5,3,2,6,5291.85,1,0,1,1,1,1
Suez Canal University,Room,Female,187.3,1,1,2,9491.36,1,1,1,0,1,0
Helwan University,EntireUnit,Female,38.2,1,1,2,3203.46,0,1,1,0,1,1
Suez Canal University,Bed,Female,172.3,4,2,7,1051.84,0,0,0,1,0,0
Benha University,EntireUnit,Male,196.0,1,1,1,8791.95,0,0,1,0,1,0
Zagazig University,Bed,Male,182.4,2,1,3,2943.04,1,1,1,1,1,1
Ain Shams University,Room,Female,165.2,4,2,6,2200.88,0,0,0,0,0,1
Zagazig University,EntireUnit,Female,91.6,3,2,6,3487.23,0,0,0,0,0,0
Minia University,Bed,Male,105.8,4,2,7,631.89,0,0,1,0,0,1
Cairo University,Bed,Female,113.5,1,1,2,4605.62,1,1,1,1,1,1
GUC,Bed,Male,109.4,4,2,8,1179.43,0,0,0,0,0,0
AUC,Room,Male,93.4,3,1,3,2990.0,0,0,0,0,0,0
Fayoum University,Bed,Female,144.9,1,1,1,6725.36,1,1,1,0,0,1
Assiut University,EntireUnit,Male,81.0,1,1,2,3206.56,1,0,0,1,1,1
AUC,Bed,Female,163.0,1,1,2,10398.18,1,1,1,1,1,1
Fayoum University,Room,Male,181.4,3,2,6,2509.31,1,1,1,1,0,1
GUC,EntireUnit,Male,192.2,3,2,4,19038.83,1,0,0,0,1,1
AUC,EntireUnit,Male,85.9,2,2,4,8305.22,0,0,0,0,1,0
Zagazig University,EntireUnit,Female,111.0,3,2,4,6079.65,0,1,1,1,1,1
Helwan University,Room,Male,142.0,3,1,3,2754.24,1,1,1,1,1,1
Minia University,EntireUnit,Male,135.3,2,2,4,6454.32,1,1,1,1,1,1
Fayoum University,EntireUnit,Female,170.6,1,1,1,8356.82,1,1,0,1,1,1
Benha University,Bed,Female,76.5,3,1,3,1140.26,0,0,0,0,1,0
Tanta University,EntireUnit,Male,173.2,1,1,1,7109.89,0,0,1,1,0,0
GUC,EntireUnit,Male,191.5,1,1,2,18772.31,1,1,1,0,1,1
Suez Canal University,EntireUnit,Female,142.2,1,1,2,8209.76,1,1,1,1,1,1
AUC,Room,Female,136.8,3,1,3,4844.45,0,1,1,1,0,1
Cairo University,Room,Female,183.6,1,1,1,12842.54,1,0,1,1,0,0
Ain Shams University,EntireUnit,Female,99.2,2,1,3,6265.61,0,0,0,0,1,0
GUC,Room,Female,28.3,1,1,2,4134.62,1,1,1,1,1,1
Minia University,Bed,Female,190.9,2,2,4,1895.66,0,1,1,0,0,0
Benha University,Room,Male,113.3,4,2,6,1335.06,1,0,0,0,1,1
Zagazig University,EntireUnit,Female,128.3,4,2,6,5092.02,1,0,1,1,0,0
Suez Canal University,EntireUnit,Female,64.8,1,1,2,3538.04,1,0,1,1,0,1
Tanta University,Bed,Female,193.9,2,2,4,1852.36,0,0,0,1,0,0
Mansoura University,Bed,Female,173.7,3,2,6,1333.89,0,1,0,0,0,0
Suez Canal University,EntireUnit,Male,87.6,1,1,2,3905.94,1,0,0,1,1,1
Assiut University,Bed,Male,184.5,3,2,4,1802.67,0,1,1,0,0,1
Assiut University,Room,Male,131.2,1,1,2,4780.25,0,0,0,0,0,0
Cairo University,Bed,Female,189.9,1,1,2,5329.54,1,0,1,0,0,0
AUC,Bed,Female,133.9,2,1,3,5277.93,1,1,1,1,0,1
Ain Shams University,Room,Male,74.3,2,2,4,2855.2,1,1,1,1,1,1
Cairo University,Bed,Female,87.9,2,1,2,2730.49,0,0,0,0,1,0
Ain Shams University,Bed,Female,95.3,1,1,2,3183.51,1,0,1,0,0,0
Ain Shams University,Bed,Female,70.8,1,1,1,3645.45,0,0,0,0,0,0
Benha University,EntireUnit,Female,109.5,1,1,1,6210.7,1,1,1,1,1,1
Helwan University,EntireUnit,Female,101.2,2,2,4,4650.14,1,0,1,0,0,1
Fayoum University,Bed,Female,178.2,3,2,4,1651.36,0,0,0,0,0,0
Fayoum University,Room,Male,143.5,3,2,6,2033.89,0,1,1,1,1,1
Cairo University,Bed,Male,153.9,3,2,5,2218.85,0,1,1,1,0,0
Benha University,EntireUnit,Female,96.6,3,2,4,3962.69,0,0,0,0,1,0
Zagazig University,Bed,Male,54.7,1,1,2,1896.01,1,1,1,1,1,1
Fayoum University,Bed,Male,56.8,1,1,2,1798.71,1,1,1,1,1,1
Mansoura University,EntireUnit,Male,124.2,3,2,6,4817.01,0,0,0,0,0,0
Suez Canal University,Room,Male,170.7,4,2,4,1817.86,1,1,0,0,1,0
Benha University,Room,Female,187.2,2,2,4,4157.6,0,1,1,0,1,0
Alexandria University,EntireUnit,Female,199.3,1,1,1,13142.68,0,0,1,0,1,1
Cairo University,Bed,Female,141.5,4,2,4,2319.19,0,1,1,1,1,1
Tanta University,Room,Male,134.4,3,2,4,2353.81,1,1,1,1,1,1
Suez Canal University,Room,Male,103.1,1,1,1,5119.0,1,1,0,1,0,1
Fayoum University,Bed,Female,199.8,4,2,7,1179.37,1,1,1,1,1,0
Ain Shams University,Room,Female,173.2,4,2,7,2553.61,0,0,1,0,1,1
Assiut University,EntireUnit,Female,30.4,1,1,1,1809.44,1,0,0,0,1,1
Assiut University,Room,Male,171.2,3,2,4,2842.2,1,1,1,1,1,1
Minia University,EntireUnit,Female,103.5,2,1,2,4911.47,1,1,1,1,0,0
AUC,Room,Male,188.5,3,1,3,7321.22,1,1,0,0,1,1
Mansoura University,Room,Female,84.7,2,1,2,2744.57,0,1,1,0,1,0
Zagazig University,Room,Male,150.5,4,2,7,1356.75,0,0,0,0,0,0
Tanta University,EntireUnit,Female,187.7,3,2,4,8361.49,0,1,0,1,0,0
Mansoura University,Room,Female,49.0,1,1,1,3398.87,1,1,0,1,1,0
Minia University,Bed,Female,166.7,4,2,5,1258.1,0,0,0,0,1,0
Tanta University,Room,Female,107.4,1,1,1,5670.58,0,1,0,0,0,0
Helwan University,Bed,Male,105.9,4,2,5,897.59,0,0,0,0,1,0
Suez Canal University,Room,Male,85.4,2,1,3,2608.3,0,1,0,1,1,1
Alexandria University,Bed,Female,135.8,4,2,6,1466.82,0,0,0,0,0,1
Helwan University,Room,Male,186.1,2,1,3,4650.66,0,0,1,0,0,1
Cairo University,EntireUnit,Female,40.1,1,1,1,3324.05,1,1,0,0,0,1
Fayoum University,Room,Female,158.3,1,1,2,5593.54,0,0,0,0,0,1
Fayoum University,EntireUnit,Male,107.6,4,2,8,5707.0,1,1,0,0,1,1
Cairo University,Room,Female,190.0,2,2,4,7232.84,1,1,1,1,1,1
Helwan University,Room,Male,80.9,1,1,2,4703.14,0,1,1,0,0,0
Fayoum University,Room,Male,103.5,4,2,7,1327.63,1,1,0,1,0,1
Alexandria University,Room,Female,130.2,4,2,7,1959.08,0,0,0,0,0,0
Alexandria University,EntireUnit,Female,172.8,3,2,5,11366.91,1,0,0,0,1,1
Cairo University,Bed,Female,89.9,2,1,2,2799.92,0,0,0,1,0,1
Benha University,Room,Female,63.3,2,1,3,1622.36,1,0,0,1,1,0
Mansoura University,Room,Male,180.8,2,1,3,4654.52,1,1,1,1,0,1
Mansoura University,Bed,Female,155.6,1,1,1,7840.0,0,1,0,0,0,0
Minia University,EntireUnit,Female,171.9,3,2,4,6758.72,0,0,1,1,0,0
Alexandria University,Bed,Male,195.5,3,2,6,2456.63,1,1,1,1,1,1
Suez Canal University,Bed,Male,126.2,3,2,6,983.03,0,1,1,1,1,1
Benha University,EntireUnit,Female,104.1,3,2,4,5377.44,1,1,0,0,0,0
Mansoura University,Bed,Female,145.6,3,2,5,1434.5,1,0,1,1,1,0
Cairo University,Room,Female,45.4,1,1,1,3851.12,1,1,1,1,0,1
Helwan University,EntireUnit,Female,191.5,4,2,5,9933.51,0,1,1,1,1,1
Helwan University,Bed,Female,129.4,3,2,6,1028.38,0,0,0,0,0,0
Mansoura University,EntireUnit,Male,175.8,4,2,6,8507.93,1,0,1,1,1,0
Assiut University,EntireUnit,Female,90.3,1,1,1,3996.67,1,0,0,1,0,0
Assiut University,EntireUnit,Male,112.2,4,2,4,4303.12,0,0,0,0,0,0
Mansoura University,Bed,Female,83.7,3,2,6,653.64,1,0,0,1,1,1
Suez Canal University,EntireUnit,Male,187.0,2,2,4,8908.62,1,1,1,0,1,0
Helwan University,Bed,Female,43.3,1,1,1,2656.44,0,0,1,1,0,1
Fayoum University,EntireUnit,Female,118.7,1,1,2,4721.38,0,0,0,0,0,1
AUC,Bed,Female,167.6,3,1,3,5779.72,0,0,0,0,0,0
Suez Canal University,Room,Male,198.9,4,2,6,2242.52,0,1,1,1,1,1
Tanta University,Bed,Male,56.1,2,1,2,1614.57,0,1,0,0,0,0
Ain Shams University,Room,Male,63.9,1,1,2,3866.8,0,0,1,0,1,0
Cairo University,Room,Male,178.3,3,2,6,3946.99,0,0,0,0,0,0
Zagazig University,Bed,Male,199.8,4,2,4,2637.67,1,1,1,0,1,0
Zagazig University,Room,Male,182.1,2,1,3,4148.43,0,1,0,0,1,0
Assiut University,EntireUnit,Female,29.5,1,1,1,2320.01,0,1,1,1,0,1
Benha University,Room,Female,82.5,2,1,3,1472.71,0,0,0,0,0,0
Minia University,EntireUnit,Male,147.8,2,2,4,5361.96,0,0,0,0,1,0
Benha University,Bed,Male,185.4,1,1,1,9407.05,1,1,1,1,1,0
Cairo University,Room,Male,78.4,3,1,3,1763.69,1,1,0,0,1,0
Minia University,Bed,Female,52.8,1,1,2,1471.82,1,0,1,1,0,1
Suez Canal University,Room,Male,162.0,4,2,4,1699.04,0,0,0,1,0,0
Ain Shams University,Room,Male,93.6,2,1,2,3650.32,1,1,1,1,1,1
GUC,EntireUnit,Male,92.8,3,2,6,8216.93,1,0,0,1,0,0
Ain Shams University,Room,Male,186.5,2,2,4,5616.77,1,0,0,0,0,0
Minia University,Room,Male,90.6,3,2,5,1325.2,0,1,0,0,1,0
Alexandria University,Bed,Male,97.2,1,1,2,3459.21,1,1,1,1,1,1
Benha University,Room,Female,155.5,2,1,3,3444.18,1,1,1,1,0,0
Ain Shams University,Bed,Female,122.9,2,1,2,3849.73,1,0,0,0,0,0
Ain Shams University,EntireUnit,Female,103.9,1,1,1,5940.0,0,0,0,0,1,0
Fayoum University,Room,Female,102.5,3,2,4,1592.58,0,0,1,1,1,1
Cairo University,Room,Female,136.9,4,2,7,1964.08,1,0,0,0,0,1
Cairo University,Room,Male,110.7,3,2,6,2263.33,0,1,0,1,0,0
GUC,EntireUnit,Female,63.9,2,1,2,6686.62,0,0,0,1,0,0
Helwan University,Bed,Male,136.6,1,1,1,6412.68,0,0,1,1,0,1
Helwan University,EntireUnit,Female,179.1,4,2,5,7861.4,1,0,1,0,1,1
Suez Canal University,Room,Male,184.4,2,2,4,4184.92,0,0,0,0,1,0
Cairo University,Bed,Female,183.2,3,2,6,2132.34,1,0,1,1,0,0
Benha University,Room,Male,90.4,1,1,2,4952.0,1,1,1,1,1,1
Alexandria University,Room,Female,112.5,4,2,5,1718.5,1,0,0,0,1,0
Helwan University,EntireUnit,Male,164.2,1,1,2,7831.33,0,1,0,1,0,1
AUC,EntireUnit,Male,171.0,4,2,8,16401.13,0,0,0,0,0,0
Helwan University,EntireUnit,Female,177.1,3,2,4,10291.28,1,1,1,1,1,1
Minia University,EntireUnit,Female,58.1,2,1,2,2232.69,0,0,0,0,0,0
Suez Canal University,Room,Female,189.4,3,1,3,2487.98,0,0,0,0,0,0
Ain Shams University,EntireUnit,Male,109.3,4,2,5,6773.95,0,0,1,1,0,1
Assiut University,EntireUnit,Female,148.3,1,1,2,6953.1,1,1,1,1,1,1
Alexandria University,EntireUnit,Female,108.7,4,2,7,7660.07,1,1,1,0,1,0
Benha University,Room,Female,157.6,3,2,6,2311.04,1,0,0,1,0,0
Ain Shams University,Room,Male,116.0,3,2,6,2716.02,1,1,0,0,0,0
Suez Canal University,EntireUnit,Female,132.9,4,2,6,5274.36,0,0,0,0,0,0
Tanta University,EntireUnit,Male,142.3,1,1,2,7028.92,1,1,1,1,1,1
Fayoum University,EntireUnit,Female,72.1,2,2,4,2706.79,0,0,0,0,0,0
Minia University,Bed,Male,102.0,1,1,1,3992.35,0,0,0,0,0,0
GUC,Room,Female,127.8,2,2,4,6243.93,1,0,0,1,1,0
Benha University,EntireUnit,Male,155.0,2,1,2,7923.83,1,1,1,0,1,1
Cairo University,Room,Male,122.0,1,1,2,8634.71,1,1,1,1,1,1
Assiut University,EntireUnit,Female,151.5,3,2,5,6326.3,1,0,1,0,1,0
Cairo University,Bed,Male,110.7,3,2,4,1822.66,1,1,1,1,0,1
Minia University,Bed,Female,138.0,4,2,4,1439.16,1,0,1,1,0,1
Mansoura University,Room,Female,148.6,4,2,4,1508.64,0,0,0,0,0,1
Alexandria University,Bed,Female,56.2,1,1,1,3082.53,0,0,0,0,0,0
Suez Canal University,Bed,Female,107.5,3,2,6,718.27,0,0,1,0,0,0
Ain Shams University,EntireUnit,Female,185.6,1,1,1,11001.49,0,0,0,0,0,1
Ain Shams University,EntireUnit,Male,161.6,1,1,1,9027.63,1,0,1,0,1,1
AUC,Bed,Male,104.9,3,2,5,2754.24,1,1,1,1,1,1
GUC,Room,Male,120.0,4,2,7,2985.59,0,1,1,1,1,1
GUC,Room,Male,159.1,2,2,4,7005.17,1,0,0,1,1,0
Minia University,Room,Male,196.1,2,1,3,4223.51,1,0,1,1,1,0
AUC,EntireUnit,Male,163.6,1,1,1,18052.52,1,1,1,0,1,1
Benha University,Bed,Male,146.3,1,1,1,7039.34,1,1,1,1,1,1
Helwan University,EntireUnit,Male,117.2,3,2,6,6180.12,1,1,1,1,1,0
Benha University,Bed,Male,195.1,3,1,3,2709.26,0,1,0,0,1,1
Suez Canal University,Bed,Female,87.8,3,2,5,820.89,1,0,1,1,0,1
GUC,Bed,Male,80.3,1,1,2,4577.83,0,1,1,0,1,0
Alexandria University,Bed,Female,120.9,2,1,2,4617.56,0,1,0,1,0,1
Alexandria University,Bed,Male,78.8,2,1,2,3112.53,1,1,1,0,1,0
Zagazig University,Room,Female,190.0,4,2,8,2082.79,1,1,1,0,1,1
Assiut University,Room,Female,101.7,4,2,7,932.05,0,0,0,1,1,0
Suez Canal University,EntireUnit,Female,160.2,2,2,4,7309.65,1,1,0,0,1,1
Helwan University,Bed,Male,98.8,1,1,2,2966.63,1,1,0,1,0,1
Suez Canal University,Bed,Female,98.1,3,2,4,1121.56,0,0,1,1,1,0
Helwan University,Room,Female,64.9,2,2,4,1476.99,0,0,0,0,0,0
Helwan University,Bed,Female,187.1,4,2,7,1461.8,1,1,1,1,1,1
Cairo University,Bed,Female,135.7,3,2,5,1685.18,1,1,0,0,0,0
Minia University,EntireUnit,Female,195.6,4,2,6,6985.5,0,1,0,0,0,0
Minia University,Room,Male,117.6,2,1,2,2342.52,1,0,1,0,1,0
Helwan University,Room,Female,73.2,1,1,1,3774.68,0,0,0,0,1,0
Alexandria University,Room,Male,104.8,4,2,6,1748.13,1,1,1,0,1,0
Mansoura University,Room,Male,130.8,4,2,4,1788.64,1,0,1,1,1,1
GUC,Bed,Female,60.6,2,1,3,2153.18,1,0,1,1,1,0
Benha University,Room,Male,58.6,2,1,3,1910.36,1,1,1,0,1,1
Fayoum University,Room,Male,151.3,2,1,3,2583.79,0,0,0,1,1,0
Tanta University,Bed,Female,78.3,3,2,5,747.6,0,1,0,0,0,1
Benha University,Room,Female,137.8,4,2,7,1600.77,0,1,0,0,1,0
Minia University,Room,Female,133.8,2,1,3,2270.99,0,0,0,0,0,0
Assiut University,Room,Male,94.4,3,1,3,1325.82,0,0,1,1,0,0
Helwan University,Room,Male,152.5,3,2,5,2224.48,0,0,1,0,1,1
Alexandria University,Room,Female,138.7,4,2,5,2707.22,1,1,1,0,0,1
Fayoum University,Bed,Female,154.1,4,2,7,1096.5,1,1,1,1,1,1
Minia University,EntireUnit,Male,123.0,2,2,4,6282.14,1,1,1,1,1,1
Ain Shams University,Bed,Female,123.5,1,1,1,7655.78,1,1,0,0,1,1
GUC,EntireUnit,Female,120.6,4,2,4,12514.51,0,0,0,0,1,1
Zagazig University,Bed,Female,66.9,2,1,3,1018.37,0,0,0,1,1,1
Ain Shams University,Room,Female,82.4,2,1,2,3144.35,1,1,1,1,1,1
Alexandria University,Room,Male,172.9,4,2,5,2938.03,1,1,1,1,1,1
AUC,Bed,Female,101.5,4,2,4,2727.02,1,1,1,1,1,1
Tanta University,Bed,Male,185.7,4,2,4,2143.5,0,1,0,1,0,0
Ain Shams University,Bed,Female,159.9,4,2,8,1396.18,1,1,0,1,1,1
Minia University,Bed,Female,126.2,4,2,6,851.59,0,0,1,1,0,1
Alexandria University,EntireUnit,Female,171.5,4,2,4,11377.74,1,1,1,1,0,0
Mansoura University,Bed,Female,105.4,3,2,4,1087.22,0,0,0,1,0,0
Ain Shams University,Bed,Female,102.4,3,2,4,1595.11,0,0,1,1,1,0
GUC,EntireUnit,Male,198.1,4,2,8,16996.85,1,0,0,0,0,0
Helwan University,EntireUnit,Female,185.6,3,2,5,9229.65,1,1,1,1,1,1
Assiut University,EntireUnit,Female,39.9,1,1,1,3371.89,1,1,1,1,1,1
Ain Shams University,Bed,Female,184.4,4,2,5,2292.73,1,0,1,0,1,0
Zagazig University,EntireUnit,Female,112.9,1,1,2,5342.46,0,1,0,1,0,1
Mansoura University,EntireUnit,Male,63.6,1,1,1,3903.04,0,1,1,0,0,1
Helwan University,Bed,Female,82.6,2,2,4,1278.36,1,1,0,1,1,0
Benha University,EntireUnit,Male,132.9,2,1,2,6480.92,0,1,0,1,0,0
GUC,Bed,Female,88.3,3,2,5,1826.44,1,1,1,1,1,1
Alexandria University,Room,Female,121.3,3,2,5,2517.24,1,0,0,0,0,1
Benha University,Bed,Female,98.4,1,1,2,2510.48,0,1,1,0,1,1
Cairo University,Room,Male,48.9,1,1,2,3857.48,0,1,0,0,1,0
Alexandria University,Room,Female,158.9,3,2,6,3420.56,0,0,0,1,1,0
Assiut University,EntireUnit,Male,186.8,1,1,2,7767.3,1,1,0,1,1,1
Mansoura University,Room,Male,170.1,4,2,7,2085.09,1,1,1,1,1,1
Cairo University,Room,Female,124.8,3,2,4,3048.38,1,1,1,1,1,1
GUC,EntireUnit,Male,196.7,4,2,8,19403.87,0,0,0,0,0,0
Suez Canal University,EntireUnit,Female,163.3,3,1,3,8079.84,0,1,1,0,0,1
Mansoura University,Bed,Female,162.2,4,2,5,1812.15,1,1,1,0,1,1
Zagazig University,Room,Female,187.7,3,1,3,2871.44,0,1,1,1,1,1
Alexandria University,Room,Female,153.4,4,2,5,2748.28,0,1,1,1,0,0
Fayoum University,Room,Male,188.1,2,2,4,4123.18,0,1,1,0,0,0
Suez Canal University,Bed,Female,108.5,4,2,6,664.87,0,0,0,0,0,1
Ain Shams University,Bed,Female,122.6,1,1,2,4605.04,1,1,1,1,1,1
AUC,Bed,Female,130.3,1,1,1,14444.95,1,1,1,1,1,1
Assiut University,Bed,Female,168.9,2,1,2,4326.72,1,1,1,1,1,0
Ain Shams University,Bed,Female,156.9,1,1,2,5387.73,0,1,1,0,1,1
Tanta University,EntireUnit,Male,108.2,4,2,5,5765.93,1,1,1,1,1,0
Benha University,EntireUnit,Female,168.6,3,1,3,7611.47,0,1,0,0,0,0
Mansoura University,Room,Female,187.6,4,2,7,2005.67,1,0,0,1,1,1
AUC,Bed,Male,176.6,1,1,2,8635.81,0,0,0,0,0,0
Alexandria University,Bed,Female,188.9,3,2,5,2259.77,0,0,0,0,0,0
Helwan University,Bed,Female,194.0,4,2,6,1813.51,0,1,1,0,1,1
Assiut University,Room,Male,96.3,1,1,2,5381.75,1,1,1,1,0,1
Assiut University,EntireUnit,Female,83.0,2,2,4,4241.51,1,1,0,1,1,1
Helwan University,Bed,Male,149.6,3,1,3,2491.28,0,1,0,1,1,1
Mansoura University,Room,Male,195.7,2,1,2,4719.62,0,1,1,1,1,1
Tanta University,Bed,Male,136.7,2,1,2,3300.79,1,1,1,1,1,1
Helwan University,Bed,Female,147.8,1,1,2,3079.1,0,0,0,0,0,0
Suez Canal University,Bed,Male,170.8,2,1,2,3138.33,0,0,0,0,0,0
Tanta University,Room,Female,88.1,3,2,6,1640.22,1,0,1,1,1,1
Benha University,EntireUnit,Female,32.9,1,1,2,2569.94,1,1,1,1,0,1
Helwan University,Bed,Male,114.8,4,2,5,1064.17,1,0,1,1,1,0
Tanta University,Bed,Female,105.3,1,1,1,5351.02,0,0,1,0,1,1
Cairo University,Bed,Male,195.7,1,1,2,6544.16,1,0,0,0,1,0
Alexandria University,Bed,Female,103.5,2,1,2,3052.86,0,0,1,0,0,1
Suez Canal University,EntireUnit,Male,107.7,1,1,2,5546.47,0,1,1,1,0,0
AUC,Room,Male,190.4,1,1,2,19832.78,1,1,0,0,0,1
Ain Shams University,Bed,Male,143.2,1,1,1,8409.68,0,0,1,0,0,0
Zagazig University,EntireUnit,Female,181.3,3,1,3,8332.96,1,0,1,1,0,0
Minia University,EntireUnit,Male,154.1,3,2,4,5426.73,0,0,0,0,0,0
Helwan University,Room,Male,177.6,2,1,2,4847.09,0,1,1,1,1,0
GUC,Room,Female,74.6,2,2,4,4041.94,1,1,1,1,1,0
Mansoura University,Bed,Female,188.3,2,2,4,2370.03,1,1,0,1,1,1
Mansoura University,EntireUnit,Female,108.4,2,2,4,6991.82,1,1,1,1,1,1
Assiut University,Room,Female,172.5,1,1,1,6093.66,0,0,0,0,0,1
Minia University,Bed,Male,180.8,2,2,4,2083.49,1,1,1,1,1,1
GUC,Bed,Female,197.7,4,2,4,4351.95,0,1,0,0,0,1
Ain Shams University,Bed,Female,147.1,3,2,5,2153.74,1,1,1,1,1,1
Minia University,Bed,Male,164.6,3,2,6,1172.75,1,0,0,0,1,0
AUC,Room,Male,123.5,4,2,8,3211.37,0,1,1,1,1,1
Suez Canal University,Room,Male,190.6,3,2,6,2287.98,0,0,0,0,0,0
Helwan University,Room,Male,185.3,2,1,2,4763.86,1,1,0,1,0,1
GUC,Room,Male,107.8,2,1,3,5175.06,1,1,1,1,1,1
Assiut University,Room,Female,187.3,3,2,6,2449.92,1,0,1,1,1,1
Fayoum University,EntireUnit,Male,99.3,1,1,1,4332.07,1,0,0,0,0,1
Minia University,Bed,Male,161.3,2,2,4,1666.39,0,0,1,0,0,0
AUC,Room,Male,84.3,2,1,3,4502.44,0,0,1,0,0,0
Assiut University,EntireUnit,Female,71.9,2,1,3,3659.67,0,0,1,1,1,1
Zagazig University,EntireUnit,Female,196.5,4,2,7,7863.94,0,0,0,0,0,0
Suez Canal University,Room,Female,55.5,1,1,1,3693.04,1,1,0,0,1,0
Minia University,EntireUnit,Male,69.2,1,1,1,3449.97,1,1,1,0,0,1
Zagazig University,Bed,Male,79.9,3,2,6,508.15,0,0,0,0,0,0
Assiut University,EntireUnit,Male,92.3,3,2,4,3716.16,0,0,0,1,0,0
Fayoum University,Room,Female,129.3,2,1,2,2473.46,1,0,0,1,1,1
Zagazig University,Room,Female,148.4,4,2,8,1747.59,0,1,0,0,0,0
Cairo University,Bed,Female,184.9,3,2,5,2385.03,0,0,0,0,0,0
Ain Shams University,Bed,Female,190.9,4,2,4,2773.79,0,1,0,0,0,1
Suez Canal University,Bed,Male,188.3,3,2,4,2238.41,0,1,1,1,1,0
Suez Canal University,Room,Male,67.7,1,1,1,2906.0,0,0,0,0,0,0
GUC,EntireUnit,Male,76.4,1,1,2,7176.79,1,0,0,1,0,0
Helwan University,EntireUnit,Female,170.7,2,2,4,8188.94,0,0,1,0,1,0
Zagazig University,Room,Female,52.2,1,1,1,2081.47,1,0,0,0,0,0
Fayoum University,EntireUnit,Female,185.5,1,1,2,8765.54,1,1,1,1,1,1
AUC,Room,Female,177.2,3,1,3,6460.66,0,0,0,0,1,0
Helwan University,Bed,Female,192.8,3,1,3,3537.26,0,1,0,0,1,0
Fayoum University,EntireUnit,Male,177.6,1,1,2,7070.17,1,0,0,0,1,0
Minia University,Room,Female,123.8,1,1,2,3986.36,0,0,0,0,0,0
GUC,EntireUnit,Female,58.9,2,2,4,6064.24,0,0,0,0,1,0
Mansoura University,Bed,Female,97.9,2,2,4,1391.03,1,1,1,1,1,1
Alexandria University,Bed,Male,52.1,1,1,1,3571.71,1,0,1,1,0,0
Helwan University,EntireUnit,Female,183.5,2,1,2,7974.38,0,0,0,0,0,0
Helwan University,Bed,Male,120.6,3,2,6,918.94,0,0,0,0,0,0
Cairo University,EntireUnit,Male,140.8,3,2,5,11375.98,1,1,1,1,1,1
Minia University,Bed,Female,178.3,3,2,6,1141.78,0,1,1,1,0,0
Helwan University,EntireUnit,Male,83.5,1,1,1,5955.79,1,1,1,1,1,1
Suez Canal University,Bed,Female,118.1,3,2,5,963.7,0,0,0,0,0,0
Assiut University,EntireUnit,Male,39.8,1,1,2,2914.0,1,1,0,0,1,1
Cairo University,Bed,Male,53.8,1,1,2,2117.28,0,1,0,0,0,0
Ain Shams University,Bed,Female,126.6,1,1,2,3948.21,1,0,1,0,0,1
Ain Shams University,Bed,Female,121.1,4,2,6,1184.41,0,0,0,0,0,0
AUC,EntireUnit,Female,159.2,2,1,2,17265.18,1,0,0,0,0,0
Helwan University,EntireUnit,Female,104.6,4,2,5,5405.41,0,1,1,1,0,1
Suez Canal University,Room,Female,143.0,4,2,8,1470.83,1,0,0,0,1,0
Benha University,Room,Male,197.1,4,2,8,2250.83,1,1,1,1,1,0
Tanta University,EntireUnit,Male,50.0,2,2,4,3753.98,1,1,1,1,1,1
Benha University,EntireUnit,Male,138.0,4,2,4,6951.89,1,1,1,0,0,0
Helwan University,EntireUnit,Male,161.1,4,2,6,8758.86,0,1,0,0,0,1
Assiut University,Bed,Male,125.4,2,2,4,1350.92,0,1,1,0,1,1
Mansoura University,EntireUnit,Female,194.7,4,2,4,10705.68,1,1,1,1,0,1
Tanta University,Room,Female,69.5,1,1,2,3500.49,0,0,1,0,1,0
Cairo University,EntireUnit,Male,123.0,2,2,4,6762.8,0,0,0,0,0,0
Helwan University,Room,Female,189.3,4,2,7,2179.06,1,0,1,0,0,1
Alexandria University,EntireUnit,Male,142.7,3,2,4,9399.93,1,1,1,1,1,0
Alexandria University,EntireUnit,Female,119.4,3,2,6,6318.3,0,0,0,0,0,0
Minia University,Room,Male,161.8,4,2,6,1932.71,1,1,1,0,1,0
Mansoura University,Room,Female,175.4,4,2,4,2188.53,1,0,1,0,0,0
Minia University,Room,Male,133.4,4,2,5,1422.28,1,0,1,0,0,0
Assiut University,EntireUnit,Male,170.7,3,2,5,6074.95,0,0,0,0,0,0
Minia University,EntireUnit,Female,135.7,1,1,1,5049.53,0,0,0,0,0,0
GUC,EntireUnit,Female,158.4,3,1,3,17108.93,1,0,1,1,1,1
Assiut University,Bed,Male,132.3,3,2,5,1201.47,0,1,0,0,0,0
Benha University,Room,Female,72.6,2,1,3,2550.45,1,1,1,1,1,1
Alexandria University,Bed,Female,177.5,4,2,6,1666.98,0,0,0,0,1,0
Ain Shams University,EntireUnit,Male,143.3,1,1,2,9742.9,1,1,1,1,1,1
Minia University,Room,Male,172.5,1,1,1,6908.2,1,1,0,1,1,1
Fayoum University,Room,Male,118.8,4,2,6,1394.89,0,1,0,0,0,0
AUC,Room,Female,100.5,3,1,3,3333.84,0,0,0,0,0,0
Helwan University,Room,Male,65.0,1,1,2,4298.98,1,1,0,1,0,0
Mansoura University,Room,Male,66.8,1,1,1,3973.8,1,1,0,1,1,0
GUC,EntireUnit,Female,50.2,2,1,2,5646.83,1,0,0,0,1,0
Ain Shams University,Bed,Male,134.1,4,2,8,1153.18,1,1,1,1,1,1
Minia University,EntireUnit,Male,75.8,3,2,6,2494.67,0,0,0,0,0,0
Suez Canal University,EntireUnit,Female,107.9,3,2,5,5474.52,1,0,1,1,0,0
Fayoum University,Bed,Female,158.5,4,2,4,1580.01,1,0,1,1,0,1
AUC,Room,Male,186.9,1,1,2,19552.97,1,1,1,1,1,1
Suez Canal University,EntireUnit,Female,184.0,4,2,8,8836.19,0,1,1,1,1,0
Ain Shams University,EntireUnit,Male,176.0,2,1,2,10256.81,0,1,0,1,0,1
Zagazig University,Room,Female,105.5,1,1,2,6428.99,1,1,1,0,1,1
Suez Canal University,EntireUnit,Male,105.7,1,1,1,5843.82,1,1,1,0,1,1
Cairo University,EntireUnit,Male,67.2,2,2,4,4981.52,0,0,1,0,1,1
Minia University,EntireUnit,Male,178.2,2,1,3,8056.6,1,0,1,0,1,1
Cairo University,Room,Female,181.3,2,2,4,6453.62,1,1,1,1,1,1
Suez Canal University,Bed,Male,125.6,3,1,3,1763.44,0,0,0,1,1,0
Benha University,EntireUnit,Male,51.7,2,2,4,2048.96,0,0,0,1,0,0
Fayoum University,Bed,Female,192.5,2,1,2,3454.67,1,0,1,0,1,0
GUC,Room,Male,115.9,3,1,3,4304.22,0,1,1,1,1,1
Alexandria University,Bed,Female,150.4,1,1,1,10410.49,0,1,0,1,1,1
Cairo University,EntireUnit,Female,69.2,2,2,4,5901.57,1,1,1,1,1,1
Cairo University,EntireUnit,Female,158.3,4,2,8,12266.45,1,1,1,0,1,0
GUC,EntireUnit,Male,165.3,3,2,6,15562.52,1,0,1,0,1,1
Cairo University,Room,Female,143.8,4,2,7,2555.69,1,1,0,0,1,0
Benha University,Bed,Female,144.6,2,2,4,1647.35,0,1,1,0,1,0
Minia University,EntireUnit,Female,173.8,4,2,5,7886.63,1,1,1,1,1,1
AUC,EntireUnit,Male,25.5,1,1,2,3008.69,0,0,0,0,1,0
Suez Canal University,EntireUnit,Female,86.7,3,1,3,5054.97,1,1,1,1,1,1
Helwan University,EntireUnit,Male,121.0,2,1,3,6760.0,1,1,1,1,1,0
Assiut University,EntireUnit,Male,28.2,1,1,2,2917.01,1,1,1,1,1,1
Ain Shams University,Room,Male,91.5,3,2,5,2072.37,0,0,1,0,1,0
AUC,Room,Female,177.4,3,1,3,7090.05,1,1,1,1,0,0
Tanta University,EntireUnit,Female,132.2,3,1,3,5121.89,0,0,0,0,0,0
AUC,EntireUnit,Female,86.8,3,2,4,8222.65,0,0,0,0,1,0
Mansoura University,EntireUnit,Female,103.8,4,2,4,5409.71,1,0,1,1,0,1
Assiut University,Bed,Female,169.3,3,2,4,2128.89,1,1,1,1,1,1
Ain Shams University,EntireUnit,Male,50.1,1,1,2,4211.29,1,1,1,1,1,1
Fayoum University,EntireUnit,Female,188.1,2,1,2,7960.76,1,0,0,1,1,1
Benha University,Room,Female,76.5,2,2,4,1413.53,0,0,0,0,0,0
Zagazig University,Bed,Female,51.5,1,1,2,1926.34,1,1,0,1,1,0
Helwan University,Bed,Female,76.7,2,2,4,880.53,0,0,0,1,0,0
GUC,Room,Female,160.7,3,2,6,4954.04,0,1,0,1,1,1
Minia University,Bed,Male,149.8,3,1,3,1856.97,0,0,0,0,0,0
Alexandria University,EntireUnit,Male,107.8,4,2,6,7680.93,1,1,1,1,1,0
AUC,Bed,Male,122.4,3,2,5,2543.47,1,1,1,0,1,1
Alexandria University,Bed,Female,134.7,2,2,4,2148.39,1,1,1,0,0,1
Tanta University,EntireUnit,Male,171.4,2,1,3,7953.52,1,1,1,1,1,1
Alexandria University,EntireUnit,Male,152.2,2,1,3,11127.58,1,1,1,0,1,1
Mansoura University,EntireUnit,Male,160.7,2,1,3,7557.56,0,0,0,0,0,0
Ain Shams University,EntireUnit,Male,102.3,3,1,3,6663.21,0,0,1,0,1,0
GUC,Bed,Male,151.7,2,1,3,4565.89,0,1,0,0,0,0
Ain Shams University,Bed,Male,155.1,2,1,2,5461.96,1,1,1,1,1,1
GUC,Bed,Female,194.7,4,2,6,3428.42,0,1,0,0,1,1
AUC,EntireUnit,Male,121.1,3,2,6,13566.74,1,0,1,1,1,0
Tanta University,Bed,Female,72.7,1,1,2,1735.93,0,0,1,1,0,1
GUC,Bed,Female,132.4,4,2,5,2574.26,1,1,1,1,1,1
Fayoum University,Room,Male,125.5,3,2,6,1950.92,1,1,1,1,1,1
Alexandria University,Room,Female,199.6,1,1,1,14999.64,1,1,1,1,1,0
Fayoum University,Room,Female,176.7,2,1,3,4104.54,0,1,0,1,1,0
Fayoum University,Bed,Female,183.1,1,1,1,7382.46,0,0,0,0,0,0
Zagazig University,Room,Female,163.6,3,2,4,2522.65,1,1,1,1,1,1
Benha University,Bed,Male,97.1,2,2,4,949.2,0,0,0,0,0,0
Suez Canal University,EntireUnit,Female,134.0,4,2,4,6088.33,1,1,0,1,0,1
Ain Shams University,Room,Male,104.3,3,2,4,2318.19,0,1,0,0,0,0
AUC,EntireUnit,Female,101.3,4,2,6,11233.24,0,1,0,0,0,0
Zagazig University,EntireUnit,Male,68.6,2,2,4,3143.19,0,0,1,1,0,1
Benha University,Bed,Male,144.7,4,2,7,966.51,0,1,0,0,0,1
Mansoura University,Bed,Female,178.7,3,2,6,1482.84,1,0,0,1,1,0
Minia University,Room,Female,108.5,3,2,5,1981.65,1,1,1,1,1,0
Tanta University,Room,Female,117.4,2,2,4,2675.24,1,1,0,0,0,1
Fayoum University,EntireUnit,Male,115.3,1,1,2,4552.28,0,1,0,1,0,0
Helwan University,EntireUnit,Female,102.8,4,2,4,4699.04,0,0,1,0,0,0
Alexandria University,EntireUnit,Female,111.2,2,1,2,6900.66,0,0,0,1,0,0
Suez Canal University,EntireUnit,Male,165.0,4,2,7,8724.87,1,1,0,1,1,1
GUC,Room,Male,196.1,4,2,5,4710.05,1,1,1,1,1,1
GUC,Bed,Male,169.3,4,2,8,1846.16,1,0,0,0,0,0
Minia University,EntireUnit,Female,32.5,1,1,2,1786.32,1,0,1,1,0,0
Fayoum University,EntireUnit,Male,56.5,2,1,3,3020.07,0,1,0,1,0,0
Benha University,Room,Male,130.4,1,1,1,6762.55,1,0,1,1,1,0
Cairo University,Room,Female,192.9,1,1,2,13442.84,1,1,1,1,1,0
Tanta University,Bed,Male,156.6,3,2,5,1590.78,1,1,1,1,1,1
Helwan University,EntireUnit,Male,125.7,3,1,3,5709.91,0,0,0,0,0,0
Tanta University,Room,Male,179.6,4,2,6,2233.89,0,1,1,1,1,1
Alexandria University,Bed,Male,84.6,2,1,2,3625.2,1,1,1,1,1,1
Minia University,Room,Female,150.7,4,2,4,1428.83,0,0,0,0,0,0
GUC,EntireUnit,Male,132.5,2,1,2,13225.65,0,1,0,0,0,1
GUC,Room,Male,162.2,2,1,2,8500.18,1,0,0,0,0,1
Benha University,Room,Male,119.7,3,1,3,1771.13,0,0,0,0,0,0
Fayoum University,Room,Male,97.3,2,2,4,2488.82,1,1,1,1,1,1
Mansoura University,EntireUnit,Male,101.1,3,2,5,5201.17,0,0,1,0,0,0
Cairo University,EntireUnit,Female,143.9,3,2,5,9743.4,1,1,0,1,0,0
Tanta University,Bed,Male,72.1,1,1,1,4129.41,0,1,0,1,1,0
Ain Shams University,EntireUnit,Female,103.0,2,1,3,6247.5,0,1,0,0,0,1
Fayoum University,EntireUnit,Male,106.5,2,1,2,4387.5,0,1,0,0,0,1
Tanta University,Room,Male,144.2,2,1,2,3961.17,1,1,1,0,0,1
Fayoum University,Bed,Male,180.1,2,2,4,2019.09,0,1,0,0,0,1
AUC,Room,Male,72.0,2,2,4,4185.95,0,1,1,1,0,0
Suez Canal University,Room,Male,131.7,4,2,7,1388.47,0,1,0,1,0,0
Cairo University,Room,Female,160.0,1,1,1,10346.1,1,1,1,1,1,1
GUC,Room,Male,130.4,3,2,4,4958.36,1,1,1,1,1,1
Mansoura University,Room,Female,122.2,3,2,6,2478.1,1,1,1,0,1,1
Benha University,Room,Male,161.7,4,2,7,1752.01,0,0,0,0,1,0
Ain Shams University,EntireUnit,Male,106.7,4,2,7,5357.97,0,0,0,0,0,0
Benha University,Bed,Male,185.1,4,2,7,1418.36,0,1,1,1,1,1
Helwan University,EntireUnit,Male,170.1,4,2,8,7175.98,0,0,0,0,0,0
Helwan University,EntireUnit,Male,121.3,1,1,1,7098.95,0,1,0,0,1,1
Suez Canal University,Bed,Male,132.3,3,2,5,1260.19,1,1,1,0,1,1
Helwan University,Bed,Male,95.8,2,1,2,2382.03,0,0,0,0,1,1
GUC,EntireUnit,Female,110.6,1,1,2,13074.77,1,1,1,1,0,1
AUC,Room,Female,195.5,2,1,2,10709.1,1,0,0,1,1,0
Minia University,Bed,Female,94.7,3,2,4,1184.39,1,1,1,0,1,0
Benha University,Room,Female,159.3,4,2,8,1769.82,0,1,0,1,0,0
Mansoura University,EntireUnit,Female,75.5,3,1,3,4317.91,0,1,0,0,0,0
Fayoum University,Bed,Female,85.0,2,1,3,910.76,0,0,0,0,0,0
Cairo University,Room,Male,136.6,3,2,5,2660.61,0,0,0,0,0,0
Suez Canal University,Room,Male,32.1,1,1,2,2918.24,1,1,1,1,0,1
Ain Shams University,Room,Male,150.2,3,2,4,3039.88,1,0,1,0,0,0
GUC,Bed,Female,167.7,1,1,1,18998.97,1,1,1,1,0,1
Ain Shams University,Room,Male,108.7,3,2,5,1905.01,1,0,0,0,0,0
Tanta University,Room,Male,123.6,4,2,5,1276.47,1,0,0,1,0,0
Tanta University,Bed,Female,111.5,1,1,1,5234.03,1,0,0,1,1,0
AUC,Bed,Female,99.4,1,1,1,9270.79,0,0,0,0,0,0
Suez Canal University,Bed,Female,197.9,2,2,4,2484.34,0,1,1,1,1,1
Assiut University,EntireUnit,Female,194.3,1,1,2,8181.97,1,1,0,1,1,1
Tanta University,Bed,Male,91.8,3,2,6,800.18,1,1,1,1,0,1
GUC,EntireUnit,Male,63.0,1,1,2,6329.74,0,0,0,0,1,0
Minia University,Bed,Female,196.0,4,2,7,1120.16,0,1,1,1,0,0
AUC,Room,Male,80.5,1,1,1,8620.9,0,1,0,0,1,1
Assiut University,Bed,Male,147.5,4,2,4,1569.15,0,1,0,0,1,0
Tanta University,Bed,Male,151.1,3,1,3,2225.06,0,0,0,1,1,1
Cairo University,Room,Male,131.7,4,2,5,1998.95,0,0,0,0,0,0
Fayoum University,EntireUnit,Male,119.6,2,1,2,4553.51,0,0,0,0,0,0
AUC,Bed,Male,198.0,4,2,7,2823.21,0,0,0,0,0,0
Zagazig University,EntireUnit,Male,190.1,2,1,3,9843.9,1,1,1,1,1,1
GUC,EntireUnit,Female,192.5,4,2,5,18411.83,1,1,1,0,0,0
Ain Shams University,EntireUnit,Male,113.6,2,2,4,8874.24,1,1,1,1,1,1
Benha University,Room,Female,98.6,3,2,5,1775.92,1,1,1,0,1,1
Zagazig University,EntireUnit,Female,105.7,4,2,8,4732.59,0,0,0,0,0,0
Mansoura University,EntireUnit,Female,136.0,2,1,2,8404.85,1,1,1,1,1,0
Assiut University,Room,Female,101.3,3,2,6,1573.12,1,0,1,0,0,1
Cairo University,EntireUnit,Male,151.9,2,1,3,10100.2,0,0,1,0,1,0
Cairo University,EntireUnit,Female,66.1,1,1,2,4018.08,0,0,1,0,0,0
Assiut University,EntireUnit,Female,126.2,2,1,2,5276.11,1,0,0,1,0,0
Zagazig University,Bed,Female,158.4,4,2,7,848.08,0,0,0,1,0,0
Alexandria University,Room,Male,104.7,2,2,4,3706.97,1,1,1,0,0,0
Mansoura University,Room,Male,190.1,2,2,4,4221.31,0,0,0,0,0,0
Benha University,Room,Female,143.3,3,2,6,2523.33,1,1,1,1,1,1
Minia University,Room,Female,153.1,1,1,2,6701.22,1,1,1,1,1,1
Assiut University,Room,Male,134.9,1,1,2,4975.94,0,0,0,0,0,0
Helwan University,Bed,Female,137.4,2,2,4,1939.83,1,1,1,1,1,1
Assiut University,EntireUnit,Female,44.2,1,1,1,1822.87,0,0,1,0,0,0
Minia University,Bed,Female,123.2,2,1,3,1731.83,1,0,1,0,1,0
Fayoum University,EntireUnit,Female,137.8,3,2,4,7267.9,1,1,1,1,0,1
Tanta University,Room,Female,65.0,1,1,2,3819.8,0,1,0,1,0,0
Cairo University,Bed,Female,72.3,2,2,4,1405.47,1,0,1,1,1,1
Assiut University,Room,Male,170.9,4,2,4,1499.99,0,0,0,0,0,1
Tanta University,Bed,Male,27.9,1,1,2,577.59,0,0,0,0,0,0
Helwan University,Bed,Female,194.3,3,2,4,2694.12,1,1,1,1,0,1
Cairo University,Room,Female,127.6,1,1,2,9441.52,0,1,0,1,0,0
Zagazig University,Room,Female,148.9,2,1,3,3172.53,0,0,0,1,1,0
Fayoum University,Bed,Male,189.5,1,1,2,3526.42,0,0,0,0,1,0
Alexandria University,Room,Female,188.2,4,2,6,2879.01,1,1,1,0,1,0
Zagazig University,Bed,Female,117.7,4,2,7,715.49,0,0,0,0,0,0
Tanta University,Bed,Male,183.4,3,2,4,2024.59,0,1,0,0,0,0
Fayoum University,EntireUnit,Male,170.0,1,1,1,7328.21,1,1,1,0,0,1
Benha University,EntireUnit,Female,155.4,3,2,6,5982.33,0,0,0,1,0,1
Zagazig University,Bed,Female,185.2,3,2,6,1183.27,0,0,0,0,0,0
Ain Shams University,EntireUnit,Female,68.1,1,1,2,4380.57,0,0,0,0,1,0
AUC,Room,Female,119.4,1,1,1,11533.31,0,0,0,0,0,1
Minia University,Bed,Male,125.5,2,1,3,2057.26,0,1,1,1,0,0
Helwan University,Bed,Male,180.7,4,2,7,1165.79,0,0,0,0,0,0
Helwan University,EntireUnit,Female,54.7,2,1,2,3342.94,1,0,1,0,1,1
Mansoura University,Bed,Female,137.6,4,2,7,1193.5,1,1,1,1,1,1
Alexandria University,Room,Male,59.8,2,1,3,2509.82,0,1,0,1,0,1
Minia University,Bed,Female,152.2,4,2,6,1288.43,1,1,1,1,0,1
Helwan University,Bed,Female,172.1,4,2,6,1545.74,1,1,1,1,1,1
GUC,Room,Female,196.5,2,1,3,10014.15,0,0,1,0,0,0
Ain Shams University,EntireUnit,Male,173.2,4,2,7,10069.11,0,0,0,1,1,0
Benha University,Bed,Female,145.0,3,2,5,1253.66,0,0,0,0,0,0
Mansoura University,Bed,Male,135.3,4,2,7,963.41,0,0,0,0,0,1
Mansoura University,EntireUnit,Female,176.5,3,2,4,8616.18,0,0,0,0,0,0
Suez Canal University,Room,Female,104.5,4,2,6,1117.72,0,0,0,0,0,0
Benha University,Room,Male,173.5,4,2,6,2071.64,1,1,1,1,0,0
Tanta University,Bed,Female,132.7,3,2,5,1119.84,1,0,1,1,1,1
Alexandria University,EntireUnit,Male,163.2,4,2,7,10603.32,0,0,0,0,0,0
AUC,Room,Male,155.1,4,2,6,3877.38,0,1,0,1,1,1
Assiut University,EntireUnit,Female,154.4,4,2,4,7824.69,1,1,1,1,1,1
Benha University,EntireUnit,Female,118.6,1,1,1,6551.75,1,1,0,1,0,1
Tanta University,EntireUnit,Male,173.2,2,1,3,7691.05,0,1,1,1,1,1
Fayoum University,Bed,Female,54.3,1,1,2,1547.9,0,1,1,1,0,0
Ain Shams University,Bed,Female,108.4,4,2,4,1534.18,0,0,1,1,0,1
Helwan University,EntireUnit,Female,100.2,3,1,3,4627.61,0,0,0,0,0,0
AUC,Room,Female,189.1,2,1,3,10568.57,1,1,1,1,1,1
Fayoum University,Bed,Female,115.0,2,2,4,1365.16,1,1,1,1,0,1
Alexandria University,Room,Female,171.5,1,1,2,10197.34,0,1,0,0,0,0
Ain Shams University,Bed,Female,163.6,2,1,2,5457.76,0,1,1,1,0,0
Mansoura University,Bed,Male,70.2,2,2,4,1052.21,1,0,1,0,1,0
Helwan University,EntireUnit,Male,127.7,1,1,2,5703.4,1,0,0,0,0,1
Benha University,Bed,Male,128.1,3,2,6,885.75,0,0,1,0,0,0
Zagazig University,EntireUnit,Male,96.4,2,1,2,4721.39,0,0,1,1,0,1
AUC,Bed,Female,121.3,4,2,5,2729.19,1,0,1,1,1,0
Alexandria University,Bed,Male,112.6,4,2,4,1767.95,0,0,1,0,0,0
Suez Canal University,Bed,Female,110.0,4,2,8,791.83,0,1,1,1,1,1
Mansoura University,Room,Female,128.8,4,2,5,1526.66,1,0,1,1,1,1
Benha University,Room,Male,190.9,1,1,1,8806.77,1,0,0,0,0,1
Mansoura University,Room,Female,143.8,2,2,4,4237.83,1,1,1,1,1,0
Ain Shams University,EntireUnit,Female,138.1,2,2,4,8194.86,0,0,0,0,1,0
Minia University,Bed,Female,32.3,1,1,1,2559.32,1,1,1,0,0,1
AUC,Room,Male,164.7,3,2,6,6570.49,1,1,1,0,0,0
Minia University,Room,Male,120.4,2,2,4,2013.44,0,0,0,0,0,0
Cairo University,Bed,Female,97.4,2,1,3,2159.68,0,1,1,0,0,0
Fayoum University,Bed,Male,170.6,3,2,6,1079.93,1,0,0,1,0,0
Minia University,EntireUnit,Female,141.8,3,2,5,5472.18,0,0,0,0,0,0
AUC,Room,Male,141.8,3,2,6,5305.58,0,0,0,0,0,0
Tanta University,Bed,Male,120.4,2,2,4,1615.68,1,1,0,0,0,0
Suez Canal University,Room,Female,154.5,4,2,6,1523.69,0,0,0,1,1,1
Benha University,EntireUnit,Female,189.7,2,1,2,9270.88,1,1,1,0,0,0
Fayoum University,Bed,Male,144.0,2,1,3,2107.27,1,1,1,1,0,1
Minia University,EntireUnit,Male,148.8,2,2,4,7546.39,1,1,0,1,1,1
Tanta University,Room,Female,142.9,4,2,8,1672.42,1,1,1,1,1,1
AUC,Bed,Male,147.4,3,2,4,3530.55,0,0,0,0,0,1
Cairo University,Bed,Male,72.7,1,1,1,4076.75,0,0,0,0,0,0
Benha University,Room,Female,110.1,2,1,2,2499.04,0,0,0,1,1,0
Tanta University,Room,Female,52.8,1,1,2,2284.47,0,0,0,1,0,0
AUC,EntireUnit,Male,168.3,2,1,2,18381.34,1,1,1,1,1,1
Ain Shams University,EntireUnit,Female,126.0,3,2,5,9442.0,1,1,1,1,1,1
Benha University,Bed,Male,108.5,4,2,8,740.08,1,1,1,0,1,0
AUC,Room,Female,198.9,2,1,3,11499.16,1,0,0,0,1,1
Helwan University,EntireUnit,Male,174.5,3,2,4,8576.36,0,1,0,0,0,1
Alexandria University,Bed,Male,163.4,4,2,5,2599.2,1,1,1,1,1,1
Minia University,EntireUnit,Male,186.1,1,1,2,9012.57,1,1,0,0,1,1
Tanta University,EntireUnit,Male,138.6,3,2,4,5216.57,0,0,0,0,0,0
Zagazig University,EntireUnit,Female,55.2,1,1,1,2356.05,0,0,0,0,0,0
Benha University,Bed,Female,144.7,3,1,3,2001.88,1,0,1,1,0,1
Tanta University,Bed,Female,195.3,3,2,5,1554.2,0,0,1,1,0,1
Suez Canal University,Room,Female,183.6,2,2,4,4063.04,1,1,1,1,1,1
Zagazig University,Room,Female,135.0,3,2,4,1786.09,1,0,0,0,1,0
Cairo University,Bed,Female,31.0,1,1,2,1962.28,1,1,1,1,1,1
Cairo University,EntireUnit,Male,145.9,1,1,1,8717.13,0,0,0,0,0,1
Cairo University,Room,Female,178.5,1,1,2,11310.59,1,1,1,1,0,1
Mansoura University,EntireUnit,Male,182.3,2,1,2,9759.56,1,1,1,1,1,1
AUC,Room,Female,114.3,4,2,6,2988.48,0,0,0,1,0,0
Suez Canal University,EntireUnit,Female,142.6,4,2,6,5353.24,0,0,0,0,1,0
Assiut University,Room,Male,53.7,1,1,1,4180.61,1,1,1,1,1,1
Alexandria University,Bed,Male,184.7,3,1,3,4014.5,1,0,1,1,1,1
Mansoura University,EntireUnit,Female,133.7,4,2,6,5599.35,0,0,1,1,0,0
Zagazig University,Bed,Female,113.9,2,1,3,2063.57,0,1,1,1,1,0
Minia University,Bed,Male,115.6,3,2,5,1104.83,1,1,1,1,1,1
Ain Shams University,Room,Male,125.4,4,2,6,2245.69,1,1,1,1,1,1
Mansoura University,Room,Female,88.7,1,1,1,5857.57,1,1,1,1,0,1
AUC,Room,Female,178.1,3,2,6,7068.42,1,1,0,1,1,1
Minia University,EntireUnit,Male,121.8,1,1,2,5196.2,1,0,0,1,0,0
Ain Shams University,Room,Female,48.4,1,1,2,2984.85,0,0,0,0,0,1
Mansoura University,EntireUnit,Male,136.7,3,2,6,8592.52,1,1,1,1,1,1
Assiut University,Bed,Female,64.8,1,1,2,1243.28,0,0,0,0,1,0
Helwan University,Room,Female,59.0,2,1,3,2332.89,1,1,1,0,1,1
Assiut University,EntireUnit,Female,179.5,1,1,2,6763.2,0,0,1,1,0,0
Suez Canal University,Bed,Male,76.6,3,2,6,679.31,1,1,0,1,0,0
Tanta University,Bed,Female,118.2,2,2,4,1604.86,1,1,1,1,1,1
Tanta University,Bed,Female,109.4,4,2,4,1233.31,0,0,0,0,0,1
Ain Shams University,EntireUnit,Male,163.4,1,1,1,10211.04,0,1,0,0,1,1
Zagazig University,EntireUnit,Male,71.2,1,1,1,3267.88,0,0,0,0,1,0
AUC,Room,Female,103.7,4,2,5,2766.44,1,0,0,0,0,1
Alexandria University,EntireUnit,Female,103.3,2,1,2,6805.88,0,1,0,1,0,0
Zagazig University,EntireUnit,Male,128.6,4,2,6,5400.83,1,0,1,1,1,0
Minia University,EntireUnit,Female,84.0,3,2,4,4621.39,0,1,1,1,1,0
Fayoum University,Room,Male,117.9,3,2,5,1900.11,1,1,1,0,1,1
Suez Canal University,Room,Female,191.5,2,2,4,4800.26,0,1,0,1,1,1
Suez Canal University,EntireUnit,Female,140.6,1,1,2,5804.93,0,0,0,0,0,0
Helwan University,Room,Female,115.5,2,1,2,3068.78,1,0,0,1,1,1
Cairo University,EntireUnit,Male,169.4,3,1,3,10358.74,1,0,1,0,0,1
Minia University,EntireUnit,Male,172.3,2,1,2,6685.97,1,0,0,0,1,1
Suez Canal University,EntireUnit,Female,195.2,4,2,7,8603.33,1,0,0,0,0,0
Assiut University,Bed,Male,184.9,2,2,4,1738.6,1,0,0,0,0,0
Tanta University,Bed,Female,172.6,4,2,8,969.13,1,1,1,1,1,1
GUC,Room,Female,140.5,2,1,2,6598.83,1,1,1,1,1,1
Tanta University,Bed,Female,171.7,3,2,5,1659.29,1,1,1,0,0,1
Assiut University,EntireUnit,Male,170.0,4,2,8,6321.58,0,0,0,0,0,0
Fayoum University,Bed,Female,55.0,2,1,3,721.04,0,0,0,0,0,0
Helwan University,Room,Male,103.8,2,2,4,2789.28,0,0,1,0,1,0
Alexandria University,EntireUnit,Male,85.1,2,1,2,6402.26,1,1,0,0,0,0
Cairo University,EntireUnit,Male,182.0,3,1,3,10869.53,0,0,0,0,0,0
Helwan University,EntireUnit,Male,83.1,1,1,2,3437.83,0,0,0,0,0,0
Suez Canal University,Bed,Female,45.0,1,1,2,1416.3,0,0,1,1,1,1
Assiut University,Room,Male,138.4,4,2,7,1503.44,1,1,1,0,0,0
Ain Shams University,EntireUnit,Female,58.9,1,1,2,3663.35,1,0,0,0,0,0
Minia University,Bed,Male,137.2,1,1,1,5659.22,0,0,1,1,1,1
Fayoum University,Room,Female,144.4,1,1,1,4910.22,0,0,0,0,1,0
AUC,Bed,Male,146.7,4,2,7,2557.52,1,1,0,1,0,1
Suez Canal University,EntireUnit,Male,178.7,4,2,6,9588.83,1,1,1,1,1,1
Suez Canal University,Bed,Male,165.3,3,2,4,1806.11,0,0,0,0,0,0
AUC,EntireUnit,Male,159.2,4,2,5,14904.57,0,0,0,0,1,1
Minia University,Bed,Male,175.3,2,1,3,2565.43,1,0,1,1,1,1
Suez Canal University,EntireUnit,Male,160.6,3,2,6,7829.2,1,1,1,1,1,1
Assiut University,Room,Male,187.0,3,2,6,2821.97,0,1,0,1,0,1
Helwan University,Room,Female,116.6,1,1,1,6475.99,0,1,1,1,0,0
AUC,Room,Male,78.0,2,1,3,4814.0,0,1,0,0,0,1
Minia University,Room,Male,135.7,4,2,5,1538.57,1,1,1,1,1,1
Benha University,Room,Male,157.1,3,2,5,2217.79,0,0,0,0,0,0
Ain Shams University,Room,Female,80.6,3,2,6,1562.06,1,0,0,0,1,1
Zagazig University,Room,Male,112.6,4,2,6,1485.33,1,1,1,1,1,1
Suez Canal University,Room,Male,39.6,1,1,2,2331.53,1,0,1,1,1,1
GUC,Room,Male,85.3,1,1,1,7402.49,0,0,0,0,0,0
GUC,EntireUnit,Male,150.5,4,2,5,13388.88,0,1,0,1,0,1
Helwan University,Bed,Male,107.0,4,2,6,909.94,0,1,1,0,0,1
Benha University,Bed,Male,100.7,2,2,4,1210.77,0,0,1,0,1,1
GUC,EntireUnit,Male,88.1,2,1,3,9611.39,1,1,1,1,1,0
Suez Canal University,Room,Female,157.5,1,1,1,7811.24,1,1,1,0,1,1
Mansoura University,Bed,Female,114.7,2,1,2,2822.95,0,0,1,1,0,1
GUC,Room,Female,145.8,1,1,1,14274.9,1,0,0,0,0,0
Fayoum University,Bed,Male,166.4,1,1,2,3005.86,0,0,1,0,0,0
Tanta University,EntireUnit,Male,174.4,4,2,6,9256.73,1,1,1,1,1,0
Cairo University,Bed,Female,101.0,3,2,5,1351.67,1,0,0,0,1,0
Helwan University,EntireUnit,Male,154.7,1,1,1,6526.29,0,0,0,1,1,1
Suez Canal University,EntireUnit,Male,175.3,3,2,4,7789.57,1,1,1,0,1,1
Assiut University,Bed,Female,181.3,4,2,7,1042.52,0,1,1,1,0,1
Benha University,Room,Female,76.6,3,2,4,1440.67,0,1,0,1,1,0
Alexandria University,EntireUnit,Female,161.5,2,1,2,10645.35,0,0,0,0,0,0
GUC,EntireUnit,Male,125.4,4,2,4,12037.67,0,0,0,1,0,0
AUC,Bed,Female,155.2,3,2,6,2712.56,1,0,1,1,1,1
Mansoura University,Bed,Male,127.6,1,1,2,3552.2,0,1,0,1,1,0
Tanta University,EntireUnit,Male,156.3,3,1,3,6392.21,0,0,0,0,0,0
Mansoura University,Bed,Female,184.8,1,1,2,4562.73,0,0,0,1,0,0
Minia University,Bed,Male,113.0,3,2,6,919.37,1,1,1,1,1,1
AUC,EntireUnit,Male,97.7,3,2,6,9473.85,1,0,1,0,0,0
Suez Canal University,EntireUnit,Male,101.7,3,2,5,4012.37,0,0,1,0,0,0
Helwan University,EntireUnit,Male,53.5,1,1,2,4147.13,0,1,1,1,1,0
Fayoum University,Bed,Female,47.8,1,1,2,1380.26,0,1,0,0,1,0
Zagazig University,Bed,Female,49.8,1,1,2,1026.16,0,0,0,0,0,0
Tanta University,EntireUnit,Male,35.7,1,1,1,1530.32,0,0,0,0,0,0
Assiut University,Room,Female,193.6,4,2,8,1992.19,1,1,0,1,1,1
Mansoura University,Room,Female,169.0,4,2,6,2051.67,1,1,1,1,1,1
GUC,EntireUnit,Male,116.3,2,1,3,13218.53,1,1,1,1,1,1
Zagazig University,EntireUnit,Female,159.6,2,2,4,5736.65,0,0,0,0,0,0
AUC,Bed,Male,96.4,3,2,5,2351.38,1,1,1,1,1,1
Assiut University,EntireUnit,Male,198.6,4,2,8,9306.89,1,1,1,1,1,1
Helwan University,Bed,Male,185.8,1,1,2,4709.42,1,1,0,1,1,1
Assiut University,Room,Male,132.1,1,1,2,5328.32,0,0,1,0,0,1
Helwan University,Bed,Female,137.9,2,2,4,1394.77,0,0,0,0,0,0
Cairo University,EntireUnit,Female,167.8,2,2,4,11394.04,1,0,1,1,0,1
Tanta University,Room,Male,140.1,4,2,5,1758.76,1,0,1,1,1,1
Tanta University,Room,Male,117.8,2,2,4,3026.0,0,1,0,0,0,1
Zagazig University,Room,Male,158.7,3,2,5,2593.35,0,1,1,0,1,1
AUC,EntireUnit,Female,62.3,2,1,2,6161.91,0,0,0,0,0,0
Cairo University,Bed,Female,165.2,4,2,7,1588.62,1,1,1,1,1,1
Zagazig University,Room,Female,157.6,4,2,5,1864.85,1,1,0,1,0,1
Mansoura University,Room,Male,104.0,4,2,6,1404.08,1,0,0,1,0,1
Mansoura University,Bed,Female,151.0,2,1,2,3990.48,1,1,1,1,0,1
Fayoum University,EntireUnit,Male,144.2,3,2,6,5080.91,1,0,0,0,1,1
Alexandria University,EntireUnit,Female,39.1,1,1,2,3799.72,1,1,1,1,1,1
Minia University,EntireUnit,Female,53.6,1,1,2,4084.02,1,1,1,1,1,1
Fayoum University,Room,Female,68.5,1,1,1,4055.21,1,1,0,1,1,0
Helwan University,EntireUnit,Female,146.8,4,2,4,8450.15,1,1,1,1,0,1
Cairo University,Bed,Male,143.4,4,2,7,1485.72,1,0,1,0,1,0
GUC,Bed,Male,154.3,2,1,3,5621.3,0,1,1,1,1,1
Fayoum University,Bed,Female,172.1,1,1,2,3983.06,0,1,1,1,1,1
Assiut University,Bed,Male,144.7,1,1,1,5308.65,1,0,1,0,0,0
Fayoum University,Room,Female,169.3,2,2,4,3356.21,1,0,0,0,0,0
Alexandria University,EntireUnit,Male,179.2,4,2,7,12057.36,1,1,1,1,1,1
Zagazig University,EntireUnit,Male,150.0,1,1,2,7257.49,1,1,1,0,1,0
Zagazig University,Room,Female,150.5,3,1,3,2829.48,1,1,1,0,1,1
AUC,Bed,Male,73.8,1,1,1,8167.15,0,0,0,1,0,1
Ain Shams University,EntireUnit,Female,168.1,3,2,6,9115.0,0,0,0,0,0,0
Benha University,EntireUnit,Female,154.9,2,1,3,6920.82,1,0,0,0,1,1
Cairo University,EntireUnit,Female,95.6,2,1,2,6400.67,0,0,0,1,0,0
Tanta University,Bed,Male,123.1,2,1,2,2794.3,1,0,1,1,0,1
Minia University,EntireUnit,Female,152.4,1,1,1,7144.55,1,1,1,1,1,1
Suez Canal University,Bed,Male,125.7,4,2,6,833.44,0,0,0,0,0,0
Minia University,EntireUnit,Male,110.0,3,2,5,4749.96,1,0,0,0,0,1
Suez Canal University,Bed,Male,100.3,1,1,2,2435.04,1,1,0,0,1,0
GUC,Bed,Male,137.4,3,2,5,2771.59,0,0,0,0,0,0
Assiut University,Room,Female,114.2,3,2,4,1397.94,0,0,0,0,0,0
Suez Canal University,Room,Female,54.6,1,1,1,4234.55,1,1,1,1,1,1
Fayoum University,Bed,Male,111.8,3,2,5,912.31,1,0,0,1,1,0
Ain Shams University,EntireUnit,Male,150.5,3,2,6,7893.75,0,0,0,0,0,0
Assiut University,Room,Male,153.6,1,1,2,5619.86,0,0,1,0,1,1
Tanta University,Room,Female,185.3,2,1,3,4187.5,0,0,0,0,1,1
Ain Shams University,EntireUnit,Female,131.3,4,2,7,7262.84,0,0,0,0,1,0
Mansoura University,EntireUnit,Male,106.2,4,2,8,4356.86,0,0,0,0,0,0
Alexandria University,Room,Female,88.6,2,1,3,3099.7,1,0,1,1,0,0
Cairo University,EntireUnit,Female,127.0,4,2,7,7337.85,0,0,0,0,0,1
Mansoura University,Bed,Female,168.4,4,2,6,1404.37,0,0,0,1,0,1
GUC,Room,Female,111.3,3,1,3,3508.93,1,1,1,1,1,0
Fayoum University,EntireUnit,Male,150.1,2,1,3,5581.81,0,0,1,1,0,1
Helwan University,Bed,Female,159.5,1,1,1,6587.13,1,0,0,0,0,0
Tanta University,Room,Male,152.7,1,1,2,6421.15,0,0,0,0,0,0
Mansoura University,EntireUnit,Female,196.1,4,2,6,9117.07,0,0,0,0,0,0
GUC,EntireUnit,Female,82.3,3,2,6,8253.01,0,0,0,1,0,0
Minia University,Room,Female,150.8,3,2,4,1682.76,0,0,0,0,0,0
AUC,EntireUnit,Female,182.8,1,1,1,20742.43,0,0,1,0,0,0
AUC,Bed,Female,34.7,1,1,1,5976.02,1,1,1,1,1,1
Minia University,Bed,Female,182.8,4,2,4,1648.97,1,0,0,0,0,0
Assiut University,Bed,Female,161.4,3,2,5,1077.87,0,0,0,0,0,0
Suez Canal University,EntireUnit,Male,197.2,4,2,8,9227.21,1,0,0,0,1,1
Tanta University,EntireUnit,Male,42.2,1,1,1,1697.91,0,0,0,0,0,0
Cairo University,Room,Male,148.9,2,2,4,5154.72,1,1,1,1,0,1
Cairo University,Room,Female,174.7,1,1,1,11404.05,0,0,1,0,0,0
Assiut University,Room,Female,146.0,4,2,7,1511.63,0,1,1,1,1,0
Fayoum University,Room,Female,150.5,1,1,1,5988.03,0,0,0,0,0,0
Benha University,EntireUnit,Female,130.4,4,2,8,5366.53,0,0,0,0,0,0
Fayoum University,Room,Female,101.8,4,2,7,1145.68,0,1,1,0,1,0
AUC,Bed,Male,135.8,4,2,5,3289.36,0,1,0,0,0,1
GUC,Bed,Female,141.3,4,2,8,1510.68,0,0,1,0,0,0
Ain Shams University,Bed,Female,173.5,1,1,1,9967.74,0,0,0,0,0,0
Fayoum University,Bed,Female,133.3,3,2,4,1374.27,0,0,1,0,1,1
Suez Canal University,Bed,Female,152.3,2,1,3,2246.26,0,0,0,0,0,0
Cairo University,Bed,Female,60.6,1,1,1,5679.67,1,1,1,1,1,1
Assiut University,EntireUnit,Male,140.0,2,2,4,5694.88,1,0,0,1,1,0
Cairo University,Room,Male,125.6,4,2,7,2429.36,1,1,1,1,1,1
GUC,Room,Female,126.0,2,2,4,5900.82,0,0,1,0,1,1
Cairo University,Room,Female,131.0,3,1,3,2955.97,1,1,0,1,0,0
Assiut University,EntireUnit,Male,106.7,2,1,3,4673.28,0,1,0,1,0,1
Helwan University,Bed,Female,113.6,2,1,2,2827.27,1,0,1,1,1,1
Mansoura University,EntireUnit,Female,195.7,2,1,2,8495.38,1,0,0,1,1,0
Minia University,Room,Male,146.5,3,2,6,1941.48,1,0,1,1,0,1
Ain Shams University,Room,Female,113.5,4,2,8,1779.06,1,1,0,1,0,0
Tanta University,EntireUnit,Female,104.1,4,2,4,5588.11,0,1,1,1,1,1
Suez Canal University,Room,Male,100.1,1,1,1,5167.58,1,1,0,0,1,0
Cairo University,Bed,Female,104.0,4,2,5,1268.39,1,0,0,0,0,1
Zagazig University,Bed,Male,180.5,3,2,6,1558.43,0,1,1,1,0,0
Tanta University,EntireUnit,Female,150.8,2,1,3,7436.34,0,1,0,0,0,0
Minia University,EntireUnit,Female,138.1,4,2,5,6003.56,0,1,0,1,1,0
GUC,EntireUnit,Female,151.6,4,2,5,13581.83,1,0,0,0,0,0
Ain Shams University,Room,Male,199.7,3,1,3,3673.01,1,0,0,0,0,1
Suez Canal University,Bed,Male,148.7,4,2,4,1905.73,0,1,0,0,1,0
Cairo University,Room,Male,137.6,1,1,2,10268.78,1,1,1,1,1,1
Ain Shams University,Room,Male,47.6,1,1,2,4535.85,1,1,1,1,1,0
Mansoura University,EntireUnit,Female,133.6,2,1,2,7126.22,0,1,1,1,1,0
Minia University,EntireUnit,Female,166.7,3,1,3,6240.03,0,0,0,0,0,0
AUC,Bed,Male,51.4,2,2,4,1729.39,0,1,0,0,1,0
Suez Canal University,EntireUnit,Male,174.3,1,1,2,7022.89,1,0,1,1,0,1
Assiut University,Room,Female,198.9,3,2,6,3183.83,0,1,1,1,1,0
Tanta University,Room,Female,100.9,3,2,4,1880.45,1,1,1,0,1,1
Alexandria University,Bed,Female,152.8,2,2,4,2348.54,0,0,0,0,0,0
Ain Shams University,EntireUnit,Female,184.9,2,1,2,11260.76,1,1,1,1,0,1
AUC,Room,Female,197.0,2,2,4,10193.79,0,0,0,0,0,0
Tanta University,EntireUnit,Male,158.0,3,2,6,7227.15,0,1,0,1,0,1
Alexandria University,Room,Male,175.7,2,1,2,5787.05,0,0,0,0,0,0
Assiut University,EntireUnit,Female,125.7,1,1,1,5386.57,1,0,1,1,1,1
AUC,EntireUnit,Female,172.2,4,2,7,18558.58,0,1,1,1,0,0
Benha University,Bed,Male,57.4,1,1,1,2225.48,0,0,0,1,0,0
Fayoum University,EntireUnit,Male,150.8,2,1,3,6844.73,1,1,1,1,1,1
Zagazig University,EntireUnit,Male,169.9,2,1,2,8114.12,1,0,1,1,0,1
Ain Shams University,EntireUnit,Male,170.7,1,1,1,10815.09,0,1,1,0,0,1
Minia University,Bed,Male,103.8,3,2,5,793.96,1,0,1,0,0,0
Mansoura University,EntireUnit,Female,143.4,1,1,2,7208.86,0,0,1,1,1,0
Zagazig University,EntireUnit,Female,199.4,2,2,4,7543.61,1,0,0,1,0,0
Suez Canal University,EntireUnit,Male,154.6,2,1,2,7558.4,0,1,1,1,1,1
Suez Canal University,EntireUnit,Male,134.1,3,2,4,7645.93,0,1,1,1,1,1
Mansoura University,EntireUnit,Male,129.9,4,2,8,6444.27,0,1,1,1,1,1
Fayoum University,Bed,Male,162.9,4,2,6,1083.05,1,1,1,1,0,0
Mansoura University,Bed,Male,198.7,1,1,2,5181.12,1,1,1,1,0,1
Tanta University,Bed,Female,127.6,4,2,8,683.59,0,0,1,0,0,0
Ain Shams University,Bed,Female,178.3,3,2,4,2372.32,1,0,0,1,0,0
Minia University,Room,Male,77.7,1,1,1,4460.16,1,1,1,1,1,1
Benha University,Bed,Female,121.8,4,2,5,1045.01,1,0,0,1,0,0
Assiut University,Bed,Male,112.4,4,2,6,781.38,0,0,0,1,1,0
Alexandria University,Room,Male,122.8,1,1,2,8371.35,0,1,1,0,0,0
Tanta University,EntireUnit,Male,71.0,1,1,1,4500.34,1,1,1,0,1,1
Fayoum University,Bed,Female,101.3,4,2,8,626.71,1,1,1,0,1,1
Alexandria University,EntireUnit,Male,135.6,4,2,7,11002.76,1,1,1,1,1,1
Benha University,Room,Female,166.2,3,1,3,2652.84,1,0,1,1,0,1
Mansoura University,Room,Female,167.1,1,1,2,8397.01,0,0,0,1,0,0
Zagazig University,EntireUnit,Male,113.7,1,1,2,5986.84,1,1,1,1,0,0
Cairo University,Room,Female,151.1,2,1,3,5174.23,1,1,1,1,1,1
Ain Shams University,Bed,Male,186.9,1,1,1,10167.1,0,0,0,1,0,1
Fayoum University,Bed,Female,84.6,3,2,4,1260.52,1,1,1,1,1,1
Suez Canal University,Room,Female,129.8,1,1,2,5671.75,0,0,1,0,0,0
Assiut University,Bed,Male,61.3,1,1,2,1792.74,1,1,1,1,1,1
Assiut University,Room,Male,187.7,2,1,2,3978.16,1,1,1,1,1,1
Benha University,EntireUnit,Female,169.0,3,2,5,6881.45,0,0,0,0,1,1
Helwan University,Bed,Male,178.1,2,1,3,3126.74,1,1,1,1,1,1
Tanta University,EntireUnit,Female,174.8,4,2,7,7774.97,1,1,1,1,0,0
Ain Shams University,Bed,Female,174.9,3,2,5,1775.75,0,0,0,0,0,1
AUC,Room,Female,113.2,1,1,1,13812.76,1,1,1,1,0,1
Benha University,EntireUnit,Male,144.1,1,1,2,5909.43,0,0,0,0,0,0
Fayoum University,Bed,Male,169.5,3,1,3,2678.4,0,1,1,1,0,0
Mansoura University,Room,Male,128.2,2,2,4,3456.15,0,1,1,1,1,1
AUC,Bed,Female,154.2,4,2,7,2404.8,1,1,0,1,1,1
Ain Shams University,EntireUnit,Female,158.7,2,1,3,9480.89,0,0,1,1,0,0
AUC,EntireUnit,Male,172.0,2,1,2,20171.31,1,0,1,1,0,0
Suez Canal University,Bed,Male,179.1,4,2,8,851.36,1,0,0,1,0,0
AUC,Room,Female,108.2,4,2,5,2928.2,0,0,0,0,0,1
Helwan University,EntireUnit,Female,193.5,1,1,2,9845.97,1,1,0,1,0,1
AUC,EntireUnit,Male,180.4,2,1,2,20092.26,1,0,1,1,1,1
Mansoura University,EntireUnit,Male,164.8,1,1,1,7879.9,1,0,1,1,0,0
Tanta University,Room,Male,118.0,3,2,4,1939.68,1,1,1,1,1,0
Mansoura University,Room,Male,184.8,2,1,2,3989.07,0,0,0,0,0,0
Helwan University,EntireUnit,Male,124.3,1,1,2,5841.26,0,0,0,0,0,0
Cairo University,Bed,Male,86.3,3,2,6,1160.08,1,1,1,1,1,1
Tanta University,Bed,Female,108.8,2,1,3,1655.38,1,0,1,0,1,1
Tanta University,EntireUnit,Female,82.8,3,1,3,4544.48,0,1,0,0,1,0
Mansoura University,Room,Female,141.2,4,2,8,1952.06,0,1,0,0,0,0
Alexandria University,Room,Female,177.6,1,1,2,12440.4,1,1,1,1,1,1
Mansoura University,Bed,Male,197.3,3,2,6,1733.38,1,1,1,1,1,1
Benha University,EntireUnit,Male,184.6,3,1,3,8307.92,1,0,0,0,0,0
Benha University,EntireUnit,Male,187.2,4,2,8,10270.81,1,1,1,1,1,1
Assiut University,EntireUnit,Female,182.9,2,1,2,8089.62,0,1,0,1,0,1
Mansoura University,Room,Female,190.7,4,2,7,2465.23,1,0,1,0,1,0
AUC,EntireUnit,Female,97.0,2,1,2,11781.32,1,0,1,1,0,1
Benha University,Bed,Female,102.3,4,2,5,1188.91,1,1,1,0,1,0
Ain Shams University,EntireUnit,Female,147.3,4,2,5,7920.19,0,0,0,0,0,0
Benha University,Room,Female,166.2,4,2,7,1703.14,1,0,0,1,0,1
Ain Shams University,Room,Female,166.7,1,1,1,9227.74,1,0,0,0,0,0
Minia University,EntireUnit,Male,159.1,1,1,1,6340.1,0,0,0,0,0,0
AUC,Bed,Male,126.3,3,2,6,2145.24,1,0,1,0,1,0
Alexandria University,EntireUnit,Female,181.4,2,2,4,9863.35,0,0,0,0,0,0
Benha University,Room,Male,193.0,3,1,3,2698.33,1,0,0,0,0,0
AUC,Room,Male,126.9,3,2,4,4618.67,0,1,1,1,1,1
Alexandria University,Room,Female,114.2,1,1,1,8069.23,0,1,0,1,1,1
Fayoum University,EntireUnit,Female,165.1,3,2,6,8187.2,1,1,1,1,1,1
Suez Canal University,Room,Male,81.1,3,1,3,1365.85,0,0,1,0,1,0
Minia University,Bed,Female,103.8,3,1,3,1612.75,1,1,0,1,1,1
Zagazig University,Room,Male,152.3,4,2,8,1772.82,0,0,0,1,1,0
Mansoura University,Bed,Female,115.9,3,2,5,1321.2,0,1,0,0,0,1
Ain Shams University,EntireUnit,Female,155.7,1,1,2,7968.5,0,0,0,0,0,0
Cairo University,Bed,Male,83.0,3,2,5,1298.41,1,1,0,1,1,0
AUC,Room,Male,169.0,1,1,2,19066.82,1,1,0,1,1,1
Cairo University,Bed,Female,176.1,3,2,6,2044.4,0,1,1,1,1,1
Helwan University,EntireUnit,Male,33.3,1,1,2,1779.61,0,0,0,0,1,1
Alexandria University,EntireUnit,Male,95.2,1,1,2,7838.11,1,1,0,1,1,1
Minia University,Bed,Male,152.6,1,1,1,7596.3,1,1,1,1,1,1
Minia University,Bed,Male,132.1,2,1,3,1904.68,1,0,1,1,1,1
Fayoum University,EntireUnit,Male,72.3,2,1,3,2827.98,0,0,0,1,0,0
Assiut University,EntireUnit,Female,50.1,2,1,3,2897.8,0,1,1,1,0,0
Benha University,Bed,Male,161.9,3,1,3,2319.16,1,0,0,1,1,1
Suez Canal University,Room,Female,176.5,1,1,1,7446.16,0,1,1,0,0,1
Mansoura University,Bed,Male,112.1,4,2,8,777.73,1,1,0,1,1,1
GUC,Room,Male,83.5,3,2,5,3408.5,1,1,1,1,1,1
Suez Canal University,Bed,Female,131.2,4,2,4,1752.16,1,1,0,1,1,1
Alexandria University,Room,Male,160.4,3,2,6,3532.62,0,0,0,0,0,0
Mansoura University,Bed,Female,177.2,2,2,4,2260.67,0,0,1,0,1,0
Mansoura University,Room,Female,150.8,3,2,5,2396.37,1,0,0,1,0,1
Mansoura University,Bed,Female,182.5,1,1,2,5139.79,1,1,1,1,1,1
GUC,Bed,Male,178.3,4,2,8,2414.96,0,1,1,1,0,0
Cairo University,EntireUnit,Male,102.3,4,2,7,8801.57,1,1,1,1,1,1
Ain Shams University,Bed,Male,79.1,3,2,6,812.72,0,1,0,1,0,1
Cairo University,EntireUnit,Female,104.2,1,1,1,6548.72,0,0,0,1,1,0
Assiut University,Bed,Female,148.0,3,1,3,2075.31,0,1,1,0,1,1
Alexandria University,Bed,Female,195.5,1,1,2,6699.69,1,1,1,1,1,0
Tanta University,Room,Male,157.7,3,1,3,2289.84,1,0,1,0,1,0
Ain Shams University,Room,Female,144.2,3,2,5,2934.68,0,1,1,1,1,1
Fayoum University,Bed,Female,156.0,1,1,2,3207.24,0,0,0,1,1,0
Assiut University,Room,Male,121.9,3,2,5,1568.14,0,0,0,1,0,0
Minia University,Room,Male,73.4,2,2,4,1491.48,0,0,0,0,0,1
Cairo University,Room,Female,118.2,3,2,5,2563.83,0,0,1,1,1,0
Ain Shams University,Bed,Male,85.0,2,1,3,1964.52,1,0,0,1,1,1
Zagazig University,Room,Male,154.8,3,2,4,2094.67,0,0,1,0,0,0
Fayoum University,Room,Male,148.3,2,1,2,2900.39,0,1,0,0,0,0
Alexandria University,Bed,Male,76.0,2,1,3,2214.0,1,1,0,1,1,1
Tanta University,Bed,Male,146.8,4,2,8,844.86,1,1,1,1,1,1
Cairo University,Room,Female,78.0,3,2,5,2062.76,1,1,1,1,1,1
Benha University,EntireUnit,Male,186.4,2,1,3,8863.8,0,1,1,1,1,1
Assiut University,Bed,Male,76.7,2,2,4,1149.98,1,1,1,1,1,1
Minia University,Bed,Female,101.2,3,2,6,537.27,0,0,0,0,0,0
Cairo University,Bed,Male,118.1,3,1,3,2400.91,0,0,0,0,1,0
AUC,EntireUnit,Female,143.4,1,1,1,17014.78,1,1,1,1,1,1
Fayoum University,EntireUnit,Female,105.0,3,2,6,4574.75,1,0,0,1,0,1
GUC,Bed,Female,58.4,2,1,2,3840.77,0,1,1,1,1,1
Ain Shams University,Room,Male,147.5,1,1,1,11049.06,1,1,1,1,1,1
Alexandria University,Bed,Male,151.1,3,2,6,1832.21,1,0,1,1,1,1
Zagazig University,Room,Female,107.7,1,1,2,4515.07,0,0,0,1,1,0
Cairo University,Room,Male,178.8,4,2,8,2424.29,0,0,0,1,0,0
Alexandria University,Bed,Male,110.4,4,2,7,1227.41,1,1,1,1,1,1
Alexandria University,Bed,Female,88.9,2,2,4,1613.27,1,1,1,0,1,1
Ain Shams University,Bed,Female,154.2,4,2,7,1303.76,0,0,0,0,0,0
Fayoum University,Room,Female,162.6,2,1,3,3073.48,0,0,1,0,1,1
Helwan University,Bed,Male,183.9,2,1,3,3076.17,1,0,0,1,0,1
Assiut University,Bed,Female,96.5,1,1,1,4076.94,1,0,0,0,0,1
Ain Shams University,Bed,Female,93.2,1,1,1,6751.08,1,1,0,1,1,1
Zagazig University,Room,Female,111.8,2,2,4,2931.24,1,1,1,1,1,1
Alexandria University,Room,Male,166.9,4,2,7,2394.09,0,1,0,0,0,0
GUC,Room,Male,85.4,3,2,6,3079.67,1,1,1,0,0,1
Minia University,Bed,Female,52.8,2,1,3,683.31,0,0,0,0,0,0
AUC,Room,Female,88.1,3,2,5,3151.99,0,0,0,0,0,0
Tanta University,Bed,Female,62.8,2,1,3,1448.19,1,1,1,0,1,1
Fayoum University,Room,Female,108.5,4,2,5,1301.75,0,1,1,0,0,1
Mansoura University,Room,Male,162.3,4,2,4,2474.95,1,1,1,1,1,1
Tanta University,EntireUnit,Male,133.1,4,2,7,6772.67,0,1,1,0,1,0
Assiut University,Bed,Female,194.1,4,2,6,1446.46,1,0,1,1,1,1
Cairo University,EntireUnit,Male,103.8,4,2,7,7375.36,1,1,1,0,1,1
Alexandria University,Room,Female,110.5,1,1,2,7762.11,1,1,0,0,0,0
Cairo University,EntireUnit,Female,128.8,3,1,3,8220.84,0,1,0,1,1,0
Cairo University,Room,Female,153.8,3,2,4,3197.43,1,1,0,1,1,1
Tanta University,Room,Female,114.5,4,2,4,1445.67,1,1,1,1,1,1
Alexandria University,EntireUnit,Female,40.0,1,1,2,4025.59,1,1,0,1,0,1
GUC,EntireUnit,Female,73.5,2,1,2,7637.37,1,1,0,0,0,1
Minia University,EntireUnit,Male,135.0,4,2,7,5062.38,1,0,0,0,0,0
Ain Shams University,Bed,Female,51.4,1,1,2,1908.94,0,0,1,0,1,0
Cairo University,Bed,Male,81.4,1,1,2,3345.42,1,1,1,1,1,1
Benha University,Bed,Female,182.4,2,1,2,4311.42,1,1,0,1,0,0
Ain Shams University,Bed,Male,198.4,3,2,6,2074.23,1,0,0,0,0,0
Helwan University,EntireUnit,Male,84.9,2,1,2,4965.27,0,1,0,0,0,0
Alexandria University,EntireUnit,Male,190.4,4,2,7,11750.15,1,1,1,1,1,1
Helwan University,EntireUnit,Male,109.5,2,2,4,7088.92,1,1,1,0,1,1
Fayoum University,Room,Female,112.4,4,2,7,1054.17,0,0,0,0,1,1
Fayoum University,Bed,Female,161.1,4,2,6,1069.46,1,0,1,1,0,1
Helwan University,Bed,Female,107.5,4,2,7,840.34,0,1,1,1,1,0
Assiut University,Room,Female,133.3,2,2,4,2683.73,0,0,0,0,0,0
Mansoura University,EntireUnit,Male,81.7,2,1,3,3771.36,1,0,0,1,1,0
Alexandria University,EntireUnit,Female,116.8,1,1,1,8062.26,1,1,1,1,1,1
Minia University,Room,Female,147.6,2,2,4,3670.88,1,1,1,0,1,0
Cairo University,EntireUnit,Male,136.6,4,2,6,7543.84,0,0,1,0,0,0
AUC,Bed,Female,72.1,2,1,2,3428.42,0,0,0,0,0,0
AUC,Room,Male,107.1,2,1,2,6208.19,0,1,1,1,0,1
Minia University,EntireUnit,Male,141.8,2,1,2,6469.77,0,1,0,0,0,0
Benha University,Room,Male,189.0,2,2,4,3692.37,0,0,0,1,1,0
Tanta University,EntireUnit,Male,31.9,1,1,1,2768.29,1,1,1,0,0,0
Ain Shams University,EntireUnit,Male,193.2,3,1,3,11033.71,0,0,0,0,0,0
Benha University,Bed,Male,121.9,3,2,5,1002.97,0,0,0,0,0,0
Alexandria University,Bed,Female,112.0,3,2,4,1603.69,0,0,1,0,0,0
Ain Shams University,Bed,Male,105.5,3,2,5,1350.49,1,0,0,0,0,0
Cairo University,Bed,Male,171.7,4,2,7,1557.43,0,0,0,1,0,0
Helwan University,Room,Female,100.3,2,1,2,3104.04,0,1,0,0,1,1
Helwan University,EntireUnit,Female,154.2,4,2,7,7554.53,0,0,1,0,0,0
Suez Canal University,EntireUnit,Male,127.1,4,2,7,6379.77,1,1,1,0,1,1
Ain Shams University,EntireUnit,Female,137.5,3,1,3,8344.16,1,1,1,1,0,1
Assiut University,Room,Female,98.6,1,1,1,4423.71,0,1,0,1,0,0
Suez Canal University,EntireUnit,Male,123.1,4,2,8,5536.29,0,0,0,1,1,0
Minia University,Room,Male,124.1,2,2,4,2409.75,0,0,0,0,0,0
GUC,Room,Female,106.4,4,2,7,2732.48,1,0,0,0,0,0
Cairo University,EntireUnit,Female,186.0,3,1,3,11265.07,0,0,0,0,0,0
Alexandria University,Room,Female,121.3,4,2,5,1934.68,0,1,0,1,1,0
AUC,Bed,Male,151.1,4,2,5,2997.01,0,0,0,1,0,0
Suez Canal University,Bed,Female,163.6,4,2,8,934.61,0,1,1,1,1,1
GUC,EntireUnit,Female,188.2,4,2,8,20179.71,0,1,0,0,0,0
Tanta University,Room,Male,170.9,3,2,4,2221.67,0,0,0,0,0,0
Alexandria University,Room,Male,101.1,2,1,3,4335.35,1,1,1,1,1,1
Cairo University,EntireUnit,Female,184.3,1,1,1,12122.13,0,0,1,1,1,0
Mansoura University,Bed,Female,57.8,2,2,4,1106.53,0,1,1,1,1,1
Cairo University,Room,Female,199.1,3,2,6,4242.82,1,1,0,0,1,0
Mansoura University,EntireUnit,Male,157.3,3,2,4,6761.76,1,0,1,0,1,0
AUC,Bed,Male,129.3,3,2,5,2804.72,0,0,0,0,0,0
Ain Shams University,Room,Male,86.3,2,1,3,2743.51,1,0,0,0,1,0
Fayoum University,Room,Male,192.3,4,2,4,1661.77,0,0,0,0,0,1
Suez Canal University,Bed,Female,151.4,4,2,5,1326.06,1,0,0,0,1,0
Helwan University,EntireUnit,Female,101.1,3,2,4,4119.93,0,0,0,0,0,0
Fayoum University,Room,Male,104.5,1,1,1,3899.35,0,0,0,1,0,0
Fayoum University,Room,Male,157.6,2,1,3,2803.85,0,0,0,0,0,0
Cairo University,Bed,Male,185.3,1,1,2,6909.15,0,1,1,1,0,1
AUC,Bed,Female,143.1,4,2,7,2286.77,1,1,1,1,0,1
Fayoum University,Bed,Female,166.3,3,2,5,1635.25,1,1,1,0,1,1
Ain Shams University,EntireUnit,Male,104.7,2,1,3,8082.55,0,1,1,1,1,0
Ain Shams University,Bed,Female,142.4,2,1,2,4865.08,1,1,0,1,1,1
Cairo University,Bed,Male,175.8,1,1,1,12471.14,1,1,1,0,0,1
Assiut University,Bed,Female,143.5,4,2,4,1677.23,0,1,0,0,1,0
Zagazig University,Bed,Female,154.2,4,2,8,810.18,0,0,1,1,0,0
Mansoura University,EntireUnit,Male,92.4,2,1,2,5709.32,1,1,1,1,0,1
Mansoura University,EntireUnit,Male,180.6,2,1,2,10077.96,1,1,1,1,0,1
Cairo University,Room,Female,168.8,2,1,3,5423.62,1,0,1,1,1,1
Cairo University,Bed,Female,89.8,1,1,2,3280.93,1,0,1,1,1,1
Ain Shams University,EntireUnit,Male,109.9,1,1,1,7088.28,1,1,1,1,0,1
AUC,Bed,Female,129.7,4,2,7,2026.44,0,0,0,0,0,0
Fayoum University,EntireUnit,Female,197.4,4,2,6,7933.25,1,1,1,1,1,1
AUC,Bed,Female,178.1,3,2,6,3449.26,0,1,0,0,0,1
Tanta University,Bed,Female,124.5,2,1,2,2707.91,0,0,0,1,0,0
Cairo University,EntireUnit,Male,117.3,3,2,6,6863.52,0,0,0,0,1,0
Alexandria University,EntireUnit,Female,189.3,1,1,1,13672.6,1,1,1,1,0,0
Suez Canal University,Bed,Female,117.6,4,2,8,753.75,1,1,1,1,1,0
Cairo University,Bed,Female,140.0,4,2,8,1211.92,0,0,1,0,0,1
AUC,EntireUnit,Male,185.2,3,2,4,20854.92,1,0,0,1,1,0
Cairo University,Bed,Male,198.6,4,2,4,3608.95,1,1,1,0,0,1
GUC,Room,Male,192.9,1,1,2,19953.33,1,0,0,1,1,1
Minia University,Bed,Female,164.9,3,2,6,1356.08,1,1,1,1,1,1
Suez Canal University,Room,Male,150.6,4,2,4,1642.65,0,1,1,1,0,1
Minia University,Bed,Female,142.8,4,2,4,1829.46,0,1,1,1,1,1
Tanta University,EntireUnit,Female,102.1,3,2,6,5617.39,0,1,0,0,1,1
Minia University,Bed,Female,78.9,3,2,5,689.88,1,0,0,1,0,0
Alexandria University,Room,Male,180.1,3,2,6,3648.7,0,0,0,0,0,0
Helwan University,EntireUnit,Male,139.7,4,2,6,6362.0,0,0,0,1,0,0
Tanta University,Room,Male,140.3,1,1,2,7319.27,1,1,1,0,1,1
GUC,Bed,Male,118.3,4,2,4,3245.26,1,1,0,0,1,1
Minia University,EntireUnit,Male,151.1,2,1,2,6863.11,0,1,0,0,0,0
Tanta University,EntireUnit,Male,167.0,2,2,4,7254.51,1,1,1,0,0,0
Tanta University,EntireUnit,Male,30.1,1,1,1,3080.16,1,1,1,1,1,0
Benha University,EntireUnit,Female,171.6,2,1,3,6223.43,0,0,0,0,0,0
Fayoum University,Room,Male,128.0,4,2,6,1458.65,1,1,0,1,0,0
GUC,Room,Male,196.7,4,2,8,5365.73,1,1,1,1,1,1
Minia University,EntireUnit,Female,120.6,1,1,2,4091.16,0,0,1,0,0,0
Alexandria University,Bed,Female,77.9,3,1,3,1425.32,0,0,0,0,0,0
AUC,Bed,Female,190.4,1,1,1,21765.61,1,1,1,1,1,1
GUC,Bed,Female,85.1,1,1,1,9071.25,0,1,0,0,1,1
Zagazig University,Room,Female,186.0,3,1,3,3364.87,1,1,1,1,1,1
Minia University,Bed,Male,47.8,1,1,2,1134.26,1,0,0,0,1,0
Assiut University,Room,Male,94.4,3,1,3,1871.73,1,1,1,0,1,1
Helwan University,Bed,Male,108.1,3,1,3,1891.78,0,0,1,0,1,0
Benha University,EntireUnit,Male,142.9,2,1,3,6686.34,1,1,1,1,1,1
Cairo University,EntireUnit,Female,190.5,4,2,5,13716.06,1,0,1,1,1,1
Benha University,Room,Male,138.7,3,2,6,2709.85,1,1,1,1,1,1
Zagazig University,Bed,Female,86.6,2,1,2,1959.58,0,0,0,1,0,0
Mansoura University,EntireUnit,Male,123.8,3,1,3,4946.4,0,0,0,0,0,0
AUC,Room,Female,88.2,3,1,3,3742.82,0,1,1,1,0,0
GUC,Bed,Female,86.9,1,1,1,9534.28,1,1,1,0,1,1
Helwan University,Room,Female,110.5,2,1,3,3448.0,1,1,1,1,1,1
Assiut University,Room,Male,107.8,3,1,3,1679.69,1,0,1,1,1,1
Cairo University,EntireUnit,Female,175.7,1,1,2,12028.64,1,0,0,0,1,0
AUC,Room,Male,178.1,3,2,6,5834.74,1,0,0,0,0,0
Assiut University,Room,Female,80.6,3,2,4,1031.62,0,0,0,0,0,1
AUC,EntireUnit,Male,121.6,1,1,2,12575.87,0,0,0,1,1,1
Suez Canal University,Room,Male,104.7,4,2,4,1459.73,1,1,0,1,1,1
Benha University,Bed,Female,118.8,4,2,6,971.42,1,0,0,1,1,0
Tanta University,Bed,Male,93.1,1,1,1,5309.7,1,1,1,1,1,1
AUC,EntireUnit,Female,137.3,3,2,5,13118.4,0,0,0,1,0,0
Benha University,Bed,Male,51.8,2,1,3,1031.38,1,1,0,1,0,1
Ain Shams University,EntireUnit,Female,199.1,1,1,2,10643.34,1,0,0,1,0,0
GUC,EntireUnit,Female,147.5,4,2,5,12437.87,0,0,1,1,0,0
Alexandria University,EntireUnit,Female,198.5,4,2,5,14756.18,1,1,1,1,1,1
Cairo University,Bed,Male,147.3,2,2,4,2336.2,0,0,0,0,0,0
Benha University,Room,Male,173.2,1,1,2,7522.98,0,1,0,1,1,1
Minia University,EntireUnit,Female,26.8,1,1,2,1616.5,0,0,1,1,0,1
Mansoura University,Room,Male,170.8,3,1,3,2525.29,0,0,0,0,0,0
Cairo University,EntireUnit,Male,195.8,2,2,4,13125.06,1,0,0,1,0,0
Suez Canal University,EntireUnit,Female,136.2,2,2,4,6443.14,1,1,0,1,0,0
Suez Canal University,Room,Female,113.4,3,2,5,1981.18,1,1,1,0,0,1
AUC,EntireUnit,Male,67.3,1,1,1,7247.33,0,0,1,0,0,1
Minia University,Bed,Male,151.4,2,2,4,1379.95,0,0,1,0,1,1
Zagazig University,Room,Female,46.0,1,1,2,3064.3,1,0,1,1,1,1
Assiut University,Room,Female,43.5,1,1,1,2171.34,0,0,1,1,0,0
Fayoum University,Room,Female,168.3,4,2,8,1621.0,0,0,0,0,0,0
Alexandria University,Room,Female,94.4,3,2,6,2770.88,1,1,1,1,1,1
Benha University,Bed,Male,177.1,3,2,4,1952.31,1,1,1,1,1,0
Zagazig University,Room,Female,41.3,1,1,2,1812.38,0,0,0,0,0,1
Helwan University,EntireUnit,Female,157.4,4,2,8,8251.06,1,0,1,0,1,0
Tanta University,Bed,Female,181.4,3,2,5,1666.61,0,0,1,0,0,0
Cairo University,Room,Female,108.5,2,1,2,3684.89,1,1,1,1,0,0
Suez Canal University,Bed,Female,67.5,2,1,2,2476.85,1,1,1,1,1,1
Assiut University,EntireUnit,Male,138.2,4,2,8,5475.09,0,0,0,0,1,0
Cairo University,Room,Male,60.9,2,2,4,1873.91,0,0,1,1,0,0
Mansoura University,EntireUnit,Male,172.7,4,2,7,7844.42,0,0,1,0,0,0
Cairo University,Room,Male,194.1,4,2,6,3087.29,1,1,1,1,1,1
GUC,Bed,Female,77.1,3,2,6,1372.97,1,0,0,0,0,1
GUC,Bed,Female,192.7,2,1,2,10007.23,1,1,0,0,1,1
Helwan University,EntireUnit,Female,49.0,1,1,1,2586.26,1,0,0,1,1,0
Tanta University,EntireUnit,Female,59.1,2,1,3,2946.92,0,1,0,1,0,0
Assiut University,Bed,Male,188.0,3,2,5,1665.65,1,1,1,0,0,1
Mansoura University,Bed,Female,165.1,3,2,5,1669.4,1,1,0,1,0,1
AUC,EntireUnit,Male,120.3,3,2,5,14427.3,1,1,0,0,1,0
Zagazig University,EntireUnit,Female,78.8,1,1,2,2964.69,1,0,0,0,0,0
Zagazig University,EntireUnit,Female,106.4,4,2,6,4443.49,0,0,1,1,0,1
Assiut University,EntireUnit,Female,176.6,1,1,1,8702.27,0,1,1,1,1,0
Mansoura University,Room,Male,119.2,1,1,2,6632.55,0,1,0,1,1,1
Cairo University,Room,Male,96.4,1,1,2,7262.13,1,1,1,1,1,1
Ain Shams University,EntireUnit,Female,197.1,1,1,1,9952.52,0,0,0,0,0,0
Zagazig University,Room,Female,109.7,4,2,7,1357.21,1,1,1,0,1,1
Helwan University,Bed,Male,132.5,4,2,5,1124.53,0,0,0,0,0,0
Suez Canal University,Room,Female,93.2,3,1,3,1847.02,1,1,1,1,1,1
Alexandria University,EntireUnit,Male,175.3,4,2,4,11354.98,0,0,0,0,0,1
Cairo University,EntireUnit,Male,58.3,2,1,2,5061.49,0,1,0,1,0,1
Suez Canal University,Bed,Female,196.1,4,2,5,1929.96,1,1,1,0,0,1
AUC,Bed,Female,132.1,1,1,1,16639.03,1,1,1,0,1,0
Assiut University,Bed,Male,167.9,3,1,3,2755.82,1,1,0,1,1,1
Assiut University,Room,Female,177.3,3,2,4,2041.86,0,0,0,1,0,1
Zagazig University,Bed,Male,147.7,3,2,6,949.8,0,0,0,0,1,0
Suez Canal University,Bed,Male,116.1,4,2,5,1204.93,1,1,1,1,1,1
Fayoum University,Room,Female,76.1,2,2,4,1484.31,0,0,0,0,0,0
Alexandria University,EntireUnit,Female,182.6,4,2,6,12251.09,1,1,1,1,0,1
Mansoura University,Bed,Female,162.8,2,2,4,2429.72,1,1,1,1,1,1
Suez Canal University,Room,Female,172.6,2,1,3,3922.01,0,1,1,1,1,1
Mansoura University,Bed,Female,146.0,1,1,2,4032.33,0,1,0,0,0,0
AUC,EntireUnit,Male,131.3,4,2,8,14550.96,1,0,1,0,1,1
Cairo University,Room,Female,197.3,1,1,2,12572.05,1,0,0,1,0,0
Ain Shams University,Bed,Female,134.4,3,2,5,1897.76,1,1,0,0,0,0
Tanta University,Bed,Male,182.3,4,2,8,1170.09,1,1,1,1,1,1
Fayoum University,Bed,Male,165.8,3,1,3,2148.22,0,0,0,0,1,0
Cairo University,Bed,Male,111.9,1,1,1,9027.55,1,1,0,1,1,1
Assiut University,EntireUnit,Female,138.4,4,2,5,6275.03,1,1,1,1,1,1
GUC,Room,Male,77.2,1,1,2,7694.5,1,0,1,1,0,0
Minia University,Bed,Male,60.4,2,1,3,972.09,0,0,1,1,0,0
AUC,Room,Male,174.3,1,1,1,21019.59,1,1,0,0,0,1
Ain Shams University,Bed,Female,136.7,4,2,8,1096.71,0,0,0,1,1,1
Fayoum University,Room,Female,119.2,1,1,2,5695.32,0,1,1,1,0,0
Benha University,EntireUnit,Male,156.9,3,2,5,8082.6,1,1,1,1,1,1
Ain Shams University,Room,Female,39.7,1,1,2,4077.39,1,1,1,1,1,1
Benha University,EntireUnit,Female,192.2,3,1,3,8751.22,1,1,0,1,1,1
Zagazig University,Room,Female,155.1,1,1,1,7112.95,1,1,1,1,1,1
AUC,Room,Male,185.2,1,1,1,18886.61,1,0,1,1,0,1
Helwan University,Bed,Male,118.2,3,2,5,919.87,0,0,0,0,0,0
Helwan University,EntireUnit,Female,158.7,4,2,6,8079.05,0,1,1,1,0,1
Ain Shams University,EntireUnit,Male,34.7,1,1,2,3195.19,1,1,1,1,0,1
Tanta University,Room,Male,171.3,1,1,2,9056.76,1,1,1,0,0,0
Zagazig University,Room,Female,120.8,1,1,2,5031.28,0,0,1,0,0,0
Benha University,Room,Female,141.5,2,2,4,3596.14,0,0,1,1,1,1
Alexandria University,EntireUnit,Male,118.1,2,1,3,7933.45,0,0,0,0,0,1
Helwan University,Bed,Male,86.0,3,1,3,1459.97,0,0,1,1,0,1
Assiut University,Bed,Female,109.5,1,1,1,4110.06,1,0,0,1,0,0
GUC,EntireUnit,Female,185.1,4,2,5,16306.09,0,0,0,0,0,1
Suez Canal University,Bed,Male,132.2,4,2,5,1203.99,1,0,1,0,0,1
Tanta University,Room,Female,197.0,3,2,6,2526.74,0,0,1,1,0,0
Fayoum University,Bed,Male,191.5,4,2,5,1901.72,1,1,1,1,1,1
Cairo University,EntireUnit,Female,143.3,3,2,4,9388.79,1,1,1,0,1,1
Helwan University,EntireUnit,Male,198.6,4,2,7,9918.91,1,1,1,0,0,1
AUC,Room,Male,104.8,1,1,2,12433.77,0,0,1,0,0,0
Benha University,Room,Male,126.0,4,2,4,1574.13,0,0,1,1,1,1
Alexandria University,Room,Female,169.9,1,1,2,11916.75,1,1,0,1,1,1
Benha University,EntireUnit,Male,108.0,3,2,4,4946.95,1,0,0,1,1,0
Helwan University,Room,Female,148.0,1,1,1,7617.55,1,0,0,0,0,1
Assiut University,Bed,Male,115.4,2,2,4,1173.9,0,0,0,0,1,0
Fayoum University,EntireUnit,Male,171.4,2,1,2,5580.66,0,0,0,0,0,0
Fayoum University,Bed,Female,92.5,1,1,1,4031.05,1,0,1,1,0,1
Fayoum University,Bed,Male,39.3,1,1,1,2284.93,1,0,1,1,0,0
Tanta University,Room,Male,131.4,4,2,4,1445.98,1,1,1,0,0,0
Cairo University,EntireUnit,Male,114.8,2,1,3,8517.79,1,0,1,1,1,1
Alexandria University,Bed,Male,133.5,3,2,4,2016.41,0,0,0,0,0,0
Minia University,EntireUnit,Male,129.2,4,2,7,5736.8,0,1,1,0,1,0
Ain Shams University,EntireUnit,Female,185.6,4,2,6,11016.3,0,0,0,0,0,0
Assiut University,Room,Male,90.7,2,1,3,2234.35,0,1,0,0,0,0
AUC,EntireUnit,Male,168.6,1,1,1,18466.16,1,1,1,0,0,0
Benha University,Bed,Female,132.4,4,2,6,1262.43,1,1,1,0,1,0
Cairo University,EntireUnit,Female,141.6,4,2,5,8894.51,0,1,0,0,1,0
Suez Canal University,Bed,Female,174.4,4,2,4,1794.42,0,1,0,0,0,0
Ain Shams University,Bed,Female,134.5,4,2,8,1012.12,1,1,1,1,0,1
Helwan University,EntireUnit,Male,97.2,3,1,3,4623.31,0,0,0,0,0,0
Alexandria University,Bed,Female,93.8,2,2,4,1347.12,0,0,0,0,0,0
Alexandria University,Bed,Male,142.8,4,2,6,1713.91,1,1,1,1,0,1
AUC,EntireUnit,Male,164.2,3,2,5,19058.33,0,0,0,0,0,0
Tanta University,Room,Female,166.5,3,2,5,2271.28,1,0,1,1,1,1
Minia University,Room,Female,78.7,2,1,3,2146.65,0,1,1,1,1,1
Mansoura University,EntireUnit,Female,96.3,3,2,5,5511.75,1,1,1,1,1,1
AUC,Room,Female,52.4,1,1,2,6237.54,0,0,0,1,0,0
Fayoum University,Bed,Male,157.7,3,2,4,1461.79,1,0,0,0,0,0
Ain Shams University,EntireUnit,Female,151.3,1,1,2,7722.62,1,0,0,0,0,1
Helwan University,Bed,Male,152.5,2,2,4,2263.42,1,1,1,1,1,1
Benha University,Bed,Female,198.0,1,1,2,3960.88,0,0,0,0,0,0
Ain Shams University,Room,Female,192.2,4,2,6,3464.22,1,1,1,1,1,1
Mansoura University,Room,Male,141.1,2,1,2,4044.2,1,1,1,1,1,1
Alexandria University,Bed,Male,88.7,2,2,4,1986.42,1,1,1,1,1,1
Zagazig University,Bed,Female,141.3,1,1,1,5797.81,1,0,1,0,0,1
Zagazig University,Room,Female,155.5,4,2,7,1761.02,1,1,1,0,1,1
Suez Canal University,Room,Male,47.6,1,1,2,3335.21,1,1,1,0,1,1
Ain Shams University,EntireUnit,Female,57.3,2,2,4,4153.19,1,1,0,1,1,1
Tanta University,Bed,Female,27.8,1,1,2,1263.96,1,1,1,0,1,1
Cairo University,Bed,Female,138.9,2,1,3,2454.34,0,0,0,0,0,0
Suez Canal University,Bed,Female,178.0,3,1,3,2725.69,1,0,1,0,1,1
GUC,Room,Female,138.0,2,2,4,6920.91,0,0,0,1,0,0
Assiut University,Room,Female,176.8,4,2,4,2014.2,1,1,1,1,0,1
AUC,Room,Male,105.6,2,2,4,5280.74,0,1,0,1,0,0
Tanta University,EntireUnit,Female,126.4,2,1,2,7236.71,0,1,1,1,1,1
Helwan University,Room,Male,98.4,1,1,2,5833.46,1,1,1,1,1,1
Benha University,Bed,Female,164.7,4,2,7,1142.77,1,1,1,1,1,1
AUC,Bed,Female,121.2,3,2,5,2471.61,0,0,0,0,1,0
Zagazig University,Bed,Male,119.7,2,1,3,1806.62,1,1,0,0,1,1
Zagazig University,Bed,Female,139.1,3,2,6,1214.69,0,1,1,1,1,1
Ain Shams University,Room,Male,146.5,1,1,2,7971.23,0,0,0,0,0,0
GUC,EntireUnit,Male,165.1,4,2,6,14876.97,1,1,1,1,1,0
Ain Shams University,Room,Female,126.3,4,2,8,1894.61,0,1,1,1,0,1
Benha University,Bed,Female,166.4,1,1,1,6922.63,0,0,0,0,0,1
Benha University,Room,Female,116.3,2,2,4,2489.6,0,1,0,1,0,0
Minia University,Room,Male,38.9,1,1,1,3206.9,1,1,1,1,1,1
Zagazig University,Room,Male,111.7,3,2,6,1736.71,0,1,1,0,0,1
Ain Shams University,Room,Female,192.4,3,1,3,3815.99,1,0,0,0,1,0
Alexandria University,Bed,Female,168.7,4,2,7,1536.8,0,0,0,0,0,0
Tanta University,EntireUnit,Male,92.7,2,1,3,3657.45,0,0,0,0,0,1
AUC,Bed,Male,134.0,4,2,6,2486.58,1,0,1,1,1,1
Helwan University,EntireUnit,Female,92.3,2,1,2,4573.84,0,1,0,1,0,1
Helwan University,Room,Female,152.6,4,2,8,2357.37,1,1,1,1,1,1
Helwan University,EntireUnit,Female,82.8,2,2,4,3476.56,1,0,0,0,0,1
Benha University,Room,Male,35.7,1,1,1,1912.27,0,0,0,1,1,1
Alexandria University,Room,Male,51.8,2,1,3,1374.05,0,0,0,0,0,0
Fayoum University,EntireUnit,Male,195.6,4,2,7,6513.44,0,0,0,0,0,0
Fayoum University,Room,Female,77.2,3,2,6,1510.55,1,1,1,1,1,1
Alexandria University,Room,Male,149.7,3,2,6,3008.99,0,0,0,0,1,0
Assiut University,Room,Female,32.7,1,1,2,1080.23,0,0,0,0,0,0
Cairo University,Room,Female,149.3,1,1,2,9334.37,0,0,0,1,0,0
Fayoum University,EntireUnit,Male,107.3,4,2,6,5150.66,1,1,1,1,1,1
Assiut University,Room,Female,145.0,4,2,6,1503.63,1,1,0,1,0,0
Alexandria University,Bed,Female,54.3,1,1,1,4582.34,1,1,1,0,0,0
Ain Shams University,Bed,Male,178.8,4,2,4,3156.25,0,1,1,0,1,0
Fayoum University,Room,Female,106.7,4,2,6,1095.21,0,0,0,0,1,0
Alexandria University,Room,Female,167.9,3,1,3,3680.77,1,1,0,1,1,1
Ain Shams University,Bed,Female,49.9,1,1,1,4080.15,1,1,1,0,1,1
Ain Shams University,EntireUnit,Male,70.4,1,1,1,4496.43,1,0,0,0,1,1
Minia University,Bed,Male,90.8,2,2,4,889.55,0,0,0,0,0,1
Alexandria University,Room,Male,123.1,4,2,5,2380.42,1,1,1,1,1,1
Ain Shams University,Room,Female,92.8,2,1,2,3416.83,1,1,1,0,1,0
AUC,EntireUnit,Female,83.2,2,1,2,10802.42,1,1,1,1,1,1
Helwan University,EntireUnit,Female,135.3,2,1,3,7092.34,0,1,1,1,1,0
Assiut University,Bed,Male,130.1,4,2,8,729.2,1,0,1,1,0,0
Mansoura University,EntireUnit,Female,90.6,2,1,3,4794.48,1,0,1,0,0,1
Assiut University,EntireUnit,Female,165.5,3,1,3,8018.26,1,1,1,1,1,0
Fayoum University,Room,Female,132.4,4,2,5,1447.76,1,1,1,0,1,1
Fayoum University,Room,Female,157.1,1,1,1,6037.82,0,0,0,0,0,0
Assiut University,Bed,Male,130.9,1,1,1,5650.98,1,0,1,1,1,1
GUC,Room,Male,73.9,1,1,1,6584.06,1,0,0,1,0,0
Alexandria University,EntireUnit,Female,55.3,2,2,4,3342.26,0,0,0,0,0,0
Suez Canal University,Room,Female,37.7,1,1,2,2827.19,0,1,1,0,1,0
Fayoum University,Bed,Female,95.6,3,2,5,747.19,0,0,0,0,1,1
Minia University,Bed,Male,166.8,4,2,7,898.9,0,1,1,0,0,0
Fayoum University,Room,Male,195.6,4,2,5,1964.11,0,1,1,0,0,1
Zagazig University,EntireUnit,Male,103.0,4,2,5,5453.02,0,1,1,1,1,1
Assiut University,EntireUnit,Male,87.5,2,1,3,4329.67,1,1,1,0,1,1
Mansoura University,EntireUnit,Male,71.0,1,1,1,2908.48,0,0,0,0,0,0
Fayoum University,EntireUnit,Female,178.9,4,2,8,8497.56,1,1,1,1,1,1
AUC,Bed,Female,81.7,2,1,3,3074.44,0,0,0,0,0,0
Assiut University,Room,Male,104.8,4,2,8,1308.38,1,1,1,1,1,1
Ain Shams University,Room,Male,108.4,1,1,1,7495.31,1,1,1,1,1,0
Zagazig University,Bed,Male,155.2,4,2,6,1148.56,0,1,0,0,0,1
Benha University,EntireUnit,Male,134.8,3,2,4,5919.84,0,0,1,1,1,0
Benha University,Room,Male,161.2,2,1,3,4078.75,0,1,1,0,0,0
Tanta University,EntireUnit,Female,118.8,4,2,8,5387.67,1,0,0,0,1,0
Mansoura University,EntireUnit,Male,135.0,4,2,6,5761.71,0,0,0,1,0,0
Tanta University,Bed,Female,160.4,2,2,4,1600.23,1,0,0,0,1,0
GUC,Bed,Male,107.2,1,1,2,5273.15,1,1,0,1,1,1
Fayoum University,Bed,Male,37.0,1,1,2,703.76,1,0,0,0,0,0
Suez Canal University,EntireUnit,Female,182.4,1,1,1,8549.07,0,0,1,1,1,1
GUC,Bed,Female,164.5,3,2,5,3238.14,1,1,1,0,0,0
Suez Canal University,EntireUnit,Male,123.2,3,2,6,5514.33,0,0,0,1,0,0
Zagazig University,Room,Male,166.6,1,1,2,6685.55,0,0,1,0,0,1
GUC,Bed,Male,115.8,2,1,2,5736.74,0,0,0,0,0,0
Zagazig University,Room,Female,169.9,4,2,7,1998.95,1,1,1,1,1,1
AUC,Bed,Female,159.8,4,2,8,2040.79,1,1,1,1,1,1
Assiut University,Bed,Female,66.5,2,2,4,618.25,0,0,0,0,0,0
GUC,EntireUnit,Male,187.8,2,2,4,17221.37,1,1,0,0,0,1
Cairo University,Bed,Female,167.4,2,1,2,6338.47,1,1,1,0,0,0
Mansoura University,Room,Female,150.3,2,1,2,4489.16,1,1,1,1,1,0
GUC,Bed,Female,180.0,2,1,2,9874.87,1,1,1,1,1,0
Assiut University,EntireUnit,Male,130.4,2,1,2,4786.7,0,0,0,0,0,0
AUC,Bed,Male,146.1,4,2,7,2009.31,0,0,0,0,1,0
Assiut University,EntireUnit,Male,195.1,4,2,4,9461.4,0,1,1,1,1,1
Minia University,EntireUnit,Female,93.5,1,1,1,3529.8,0,0,1,0,0,0
Tanta University,EntireUnit,Male,95.0,1,1,1,4310.91,1,0,0,1,1,0
Helwan University,Bed,Male,146.9,2,1,2,3550.53,0,0,0,0,0,0
Zagazig University,Bed,Male,84.4,2,1,3,1206.87,0,0,0,0,0,0
Fayoum University,EntireUnit,Male,81.5,2,1,3,4356.47,1,1,1,1,1,0
Fayoum University,Bed,Female,123.3,4,2,4,1714.18,1,1,1,1,1,1
Helwan University,EntireUnit,Female,132.3,3,2,6,6894.59,0,1,1,1,1,1
Ain Shams University,Room,Male,161.5,1,1,2,10259.82,1,1,1,1,1,1
Mansoura University,Room,Female,167.5,3,1,3,2439.08,1,0,0,0,0,1
Tanta University,Bed,Female,163.7,3,2,5,1394.73,0,1,0,1,0,0
Tanta University,Bed,Female,138.7,3,1,3,2177.87,1,1,0,1,1,1
Cairo University,Bed,Female,151.9,4,2,8,1074.2,1,0,1,0,0,0
Benha University,EntireUnit,Male,113.4,4,2,7,6680.48,1,1,1,1,1,1
Zagazig University,Bed,Female,165.1,2,1,3,2938.93,1,1,1,1,1,1
AUC,Room,Male,162.7,4,2,5,5196.99,1,1,1,1,1,1
Minia University,Bed,Female,171.1,2,1,2,3910.05,1,1,0,0,0,0
Fayoum University,Room,Female,117.7,2,1,3,2036.9,0,0,0,0,0,0
Assiut University,Bed,Female,170.0,2,2,4,2000.02,1,1,0,0,1,1
Fayoum University,Bed,Female,50.6,2,1,2,1892.19,1,1,1,1,1,1
AUC,Bed,Male,66.1,2,1,2,3686.12,1,0,1,0,0,1
Mansoura University,Bed,Female,119.2,4,2,8,643.72,1,0,0,0,1,0
Fayoum University,Bed,Female,106.4,3,1,3,1989.3,0,1,1,1,1,0
Mansoura University,Bed,Male,149.8,4,2,4,1941.25,0,1,1,1,0,0
Minia University,Room,Female,198.7,4,2,6,1901.16,0,0,0,0,0,0
Ain Shams University,Room,Female,115.3,4,2,4,1644.57,1,0,0,0,1,1
Alexandria University,EntireUnit,Male,167.8,3,2,5,10508.07,0,0,1,0,0,1
Suez Canal University,Bed,Female,195.7,1,1,1,9424.38,1,1,1,1,1,1
Fayoum University,EntireUnit,Male,121.5,4,2,7,5189.84,1,0,1,1,1,1
AUC,EntireUnit,Male,129.3,4,2,7,14946.53,0,1,0,1,1,0
Zagazig University,Bed,Male,186.7,2,1,2,4299.72,1,0,0,0,1,1
AUC,Bed,Male,110.3,4,2,5,2682.92,0,1,0,1,0,0
Minia University,Bed,Male,113.1,2,2,4,1308.1,1,1,1,1,0,1
Fayoum University,Bed,Male,104.0,1,1,1,5465.43,0,1,0,1,1,1
Mansoura University,Room,Male,90.0,2,1,3,1979.26,0,0,0,0,0,0
Alexandria University,EntireUnit,Female,180.2,3,1,3,10558.19,0,0,1,0,0,1
Zagazig University,EntireUnit,Male,173.6,2,1,3,8027.44,1,0,0,1,0,0
Zagazig University,Bed,Female,112.8,1,1,2,2298.44,0,0,1,0,1,1
GUC,Room,Female,108.1,4,2,5,2554.75,1,0,1,1,0,1
Alexandria University,Room,Female,67.3,2,1,2,2458.12,0,0,1,1,1,1
Minia University,Room,Female,132.2,4,2,7,1692.13,1,1,1,1,1,1
Benha University,Room,Male,146.7,1,1,2,7025.48,0,1,1,1,1,1
Zagazig University,Bed,Male,144.1,4,2,7,1026.13,1,1,0,1,1,1
Tanta University,Bed,Female,118.9,1,1,1,5275.38,0,0,1,0,1,1
Suez Canal University,Bed,Female,77.0,2,1,3,1217.91,1,0,0,0,0,1
Benha University,EntireUnit,Female,80.0,3,2,4,3372.84,0,0,1,0,0,1
Suez Canal University,Bed,Female,101.2,3,2,6,652.04,0,0,0,1,0,1
Cairo University,EntireUnit,Female,141.4,2,1,2,10620.88,1,1,1,1,0,1
Minia University,Bed,Male,191.0,3,2,4,1863.53,0,1,0,0,0,0
Benha University,Bed,Female,158.7,1,1,1,6597.44,1,0,0,0,0,0
Tanta University,EntireUnit,Male,196.1,4,2,7,8589.95,0,0,0,0,0,0
Alexandria University,Bed,Male,127.7,4,2,7,1073.81,1,0,0,1,1,1
Alexandria University,Room,Female,129.0,3,2,6,2403.47,0,0,0,0,0,0
Alexandria University,Bed,Male,186.2,1,1,1,11919.1,0,0,1,0,0,0
Minia University,Room,Male,154.7,2,2,4,4092.12,1,1,1,1,1,1
Assiut University,Room,Male,191.3,3,2,6,3111.92,1,1,1,1,1,1
Mansoura University,Room,Female,133.8,2,2,4,3380.98,0,1,0,1,1,0
Assiut University,Room,Female,108.0,4,2,4,1111.12,1,0,0,0,0,0
Helwan University,Room,Male,192.4,2,1,3,4356.34,0,1,0,1,0,1
Minia University,EntireUnit,Male,135.5,1,1,1,6469.6,1,1,1,1,1,1
Benha University,Bed,Male,115.1,1,1,1,6404.6,1,1,1,0,1,1
Ain Shams University,Room,Male,106.9,3,2,5,1812.51,0,0,0,0,0,0
Alexandria University,EntireUnit,Male,174.0,1,1,1,11727.3,0,0,0,0,0,1
Tanta University,Room,Female,61.0,2,2,4,1512.28,1,0,1,0,0,0
Assiut University,Room,Male,150.0,4,2,6,1650.32,0,1,0,0,0,1
Mansoura University,Bed,Female,182.3,2,1,2,4687.3,0,1,0,0,1,1
Zagazig University,Room,Male,142.3,3,2,4,1795.54,1,0,0,0,0,0
Minia University,Room,Male,156.4,2,2,4,4043.22,1,1,1,1,1,1
Helwan University,Bed,Female,70.4,1,1,1,3212.93,0,0,0,0,0,0
Tanta University,Room,Female,141.6,3,2,6,2378.18,1,0,1,1,1,0
Minia University,Bed,Female,91.9,2,1,2,1630.94,0,0,0,1,0,0
Assiut University,Room,Female,100.5,3,2,4,1345.19,0,0,1,0,0,0
Mansoura University,EntireUnit,Female,139.6,3,1,3,8165.37,1,1,1,0,1,1
Suez Canal University,Room,Female,189.4,1,1,2,8225.38,1,1,1,1,1,0
Benha University,EntireUnit,Male,117.3,4,2,5,5606.2,0,1,0,1,1,0
Benha University,EntireUnit,Female,163.6,4,2,6,7147.3,1,0,1,0,0,1
Benha University,Room,Female,29.6,1,1,1,2630.82,1,1,1,0,1,1
Tanta University,EntireUnit,Male,160.2,4,2,8,5908.2,0,0,0,0,0,0
Zagazig University,EntireUnit,Male,198.3,4,2,8,8196.86,0,0,0,0,0,0
Benha University,Bed,Male,109.4,2,1,3,1450.42,0,0,1,1,0,0
Helwan University,Room,Female,96.2,3,2,4,1542.91,0,0,0,0,0,1
AUC,Bed,Female,25.3,1,1,2,1413.75,0,0,1,0,1,0
Fayoum University,Room,Female,168.9,4,2,7,1684.84,0,1,0,1,0,1
Fayoum University,EntireUnit,Male,125.1,1,1,1,4563.15,0,0,0,0,0,0
Cairo University,Bed,Male,175.7,3,2,4,2621.49,0,0,0,0,0,0
Mansoura University,Room,Female,127.1,3,2,4,2005.27,0,0,0,0,0,0
Assiut University,EntireUnit,Male,72.6,2,2,4,3598.0,1,0,1,0,1,0
Minia University,Bed,Male,114.4,2,1,3,1702.17,0,1,0,0,0,0
Alexandria University,Bed,Male,95.1,1,1,2,2844.71,0,0,0,0,0,1
Mansoura University,EntireUnit,Male,101.4,4,2,8,6655.26,1,1,1,1,1,1
Fayoum University,EntireUnit,Male,194.7,2,2,4,9014.39,1,1,0,1,1,0
Ain Shams University,Bed,Male,179.3,3,2,5,1865.29,0,0,0,0,0,0
Tanta University,Bed,Female,177.0,4,2,8,1101.8,1,1,1,1,1,1
Suez Canal University,Room,Male,192.3,1,1,1,10624.33,1,1,1,1,1,1
AUC,Bed,Male,95.6,2,1,3,3724.73,1,0,0,0,1,0
Helwan University,EntireUnit,Female,168.6,3,2,5,7967.16,1,0,1,0,0,0
Zagazig University,Room,Male,136.6,4,2,5,1576.44,1,0,0,0,0,0
Alexandria University,Bed,Female,149.5,4,2,7,1359.29,0,1,0,0,1,0
Cairo University,Room,Female,68.0,2,1,2,2954.95,1,1,0,1,1,1
Mansoura University,Room,Male,146.3,3,2,5,2075.06,0,0,0,0,1,1
Helwan University,EntireUnit,Female,177.3,4,2,6,10623.67,1,1,1,1,1,1
Fayoum University,Bed,Female,141.9,4,2,5,1463.68,1,1,1,1,1,1
Fayoum University,Bed,Male,117.2,4,2,7,862.67,1,1,1,1,1,1
Minia University,EntireUnit,Female,119.4,4,2,6,5230.76,1,1,0,1,0,1
Ain Shams University,Room,Female,191.9,3,2,5,3925.69,0,0,0,0,0,0
Helwan University,EntireUnit,Female,177.5,3,2,5,8962.97,0,0,0,0,1,0
Mansoura University,Bed,Male,189.8,2,2,4,2455.91,1,1,1,0,1,1
Helwan University,Room,Female,197.5,3,2,6,3338.1,1,1,1,1,0,1
Helwan University,Bed,Female,55.3,2,1,3,1311.25,1,1,1,1,1,1
Ain Shams University,Room,Female,113.9,4,2,4,2115.62,1,1,1,1,1,1
Tanta University,Room,Female,108.0,3,1,3,1721.56,1,1,1,0,0,1
Mansoura University,EntireUnit,Male,80.4,1,1,2,4125.16,1,0,1,0,1,1
Cairo University,EntireUnit,Female,71.6,2,1,3,3967.24,0,0,0,0,0,0
Suez Canal University,Room,Male,125.2,1,1,2,6096.05,1,1,0,1,0,0
Mansoura University,Bed,Male,167.0,2,2,4,2039.87,1,1,1,1,0,0
Zagazig University,EntireUnit,Male,164.0,4,2,7,7389.28,0,0,1,1,1,1
Zagazig University,Bed,Male,195.6,2,1,3,2673.76,0,0,1,1,0,1
Assiut University,Room,Female,75.2,1,1,2,4029.3,1,1,1,1,1,1
Alexandria University,EntireUnit,Female,114.1,2,1,2,7657.16,1,1,1,1,1,1
Benha University,Room,Male,120.2,3,2,5,1761.08,1,0,0,1,0,1
Ain Shams University,Room,Male,145.1,2,2,4,4619.59,0,1,0,0,0,0
Suez Canal University,EntireUnit,Female,126.7,1,1,1,5520.07,0,0,0,0,0,1
Assiut University,Room,Male,198.0,3,2,6,2732.62,1,0,1,0,0,0
Alexandria University,EntireUnit,Female,130.2,2,1,3,7501.08,0,0,0,0,0,1
Suez Canal University,Bed,Male,149.4,4,2,5,1549.23,1,1,1,1,1,0
Cairo University,EntireUnit,Male,110.7,4,2,6,8309.65,0,1,1,0,0,1
Alexandria University,Room,Male,194.9,2,1,2,7280.83,1,1,1,1,1,1
Minia University,Room,Female,40.3,1,1,1,3011.39,1,1,1,0,0,1
Zagazig University,Bed,Male,117.5,2,1,2,3390.33,1,1,1,0,1,1
AUC,Bed,Male,184.8,1,1,2,11316.72,1,1,1,1,1,1
GUC,Bed,Male,152.3,2,1,2,6677.65,0,0,0,0,1,1
Zagazig University,EntireUnit,Female,119.1,4,2,4,4747.46,0,0,0,0,0,0
AUC,Room,Male,117.4,2,1,3,6419.9,1,1,1,0,1,1
Assiut University,Room,Female,81.0,3,2,6,1611.39,1,1,1,1,1,0
Benha University,EntireUnit,Female,86.2,2,2,4,3292.6,0,0,0,1,0,0
Suez Canal University,Bed,Female,98.8,2,2,4,1109.64,1,0,1,1,1,1
Cairo University,Bed,Female,36.8,1,1,2,1099.36,0,0,0,0,0,0
Fayoum University,EntireUnit,Female,198.1,2,1,2,7696.85,0,0,1,1,0,0
Assiut University,Room,Male,169.7,3,2,6,2079.57,0,0,0,0,0,0
Helwan University,Bed,Male,129.3,4,2,7,936.06,0,0,1,0,0,0
Cairo University,EntireUnit,Female,165.0,1,1,2,12305.72,0,1,1,1,1,1
Helwan University,EntireUnit,Female,109.6,2,2,4,6153.78,1,1,1,1,1,1
Benha University,Bed,Female,165.2,4,2,8,1025.89,1,0,1,1,1,1
Helwan University,Room,Male,150.8,3,2,6,2553.32,1,1,1,1,1,1
Mansoura University,EntireUnit,Female,77.4,3,1,3,4421.06,1,0,1,0,1,1
Assiut University,Room,Male,116.4,2,1,3,2642.44,1,0,1,1,1,1
Minia University,Bed,Female,107.0,1,1,1,5353.88,1,1,1,1,1,1
Ain Shams University,EntireUnit,Female,190.4,1,1,1,11371.0,1,1,1,0,1,1
Ain Shams University,Room,Male,149.4,1,1,1,10710.11,1,1,1,1,1,1
Suez Canal University,Bed,Male,71.1,1,1,2,2050.55,1,0,1,0,1,1
Cairo University,EntireUnit,Female,28.2,1,1,2,1677.76,0,0,0,0,0,0
Suez Canal University,Bed,Female,118.2,3,2,5,1327.9,1,1,1,1,1,1
Benha University,EntireUnit,Female,108.1,4,2,6,6102.99,1,1,1,1,1,1
Ain Shams University,EntireUnit,Female,172.9,2,1,2,10461.89,0,0,0,1,1,0
Cairo University,EntireUnit,Male,77.9,2,1,3,6788.15,1,1,1,0,1,0
Assiut University,Room,Female,112.8,3,1,3,1370.3,0,0,0,0,1,1
Fayoum University,EntireUnit,Female,57.6,2,1,2,3689.31,1,1,0,1,1,1
Cairo University,Bed,Male,87.4,2,2,4,1569.26,1,0,1,1,0,1
Suez Canal University,Bed,Female,64.8,1,1,1,4180.85,0,1,1,0,1,1
Suez Canal University,EntireUnit,Male,114.1,4,2,5,4113.49,0,0,0,0,0,0
AUC,EntireUnit,Male,129.9,4,2,6,13975.18,0,1,0,1,0,0
AUC,EntireUnit,Male,167.4,1,1,1,18133.12,0,1,0,0,0,0
Fayoum University,Room,Female,113.4,3,2,5,1368.6,0,0,0,0,0,0
Assiut University,Bed,Female,151.1,2,2,4,1945.58,1,1,1,1,1,1
Tanta University,Bed,Male,150.1,2,1,2,3684.87,1,1,1,1,1,1
Suez Canal University,Room,Female,154.1,3,2,6,2095.11,0,0,0,0,0,0
AUC,EntireUnit,Female,75.1,3,2,4,9157.05,1,1,1,1,1,1
Ain Shams University,EntireUnit,Male,191.8,3,1,3,11698.75,0,0,0,0,0,0
Tanta University,Room,Male,88.8,3,1,3,1477.4,0,1,0,0,0,0
Minia University,EntireUnit,Male,102.3,1,1,1,4657.98,0,1,1,1,1,1
Tanta University,Bed,Male,127.3,3,1,3,1711.31,0,0,0,0,0,1
Helwan University,EntireUnit,Male,88.1,3,2,5,5475.71,1,1,0,1,1,1
Mansoura University,EntireUnit,Female,93.3,3,1,3,4326.24,1,0,0,1,0,1
Assiut University,Room,Male,157.7,3,2,5,2761.64,1,1,1,1,1,1
AUC,EntireUnit,Male,154.5,4,2,4,16856.63,1,1,1,1,1,1
GUC,Bed,Female,148.8,4,2,8,1839.0,1,1,1,1,1,1
GUC,EntireUnit,Male,108.1,4,2,5,9542.65,0,0,1,1,0,0
Zagazig University,Room,Male,59.6,2,1,3,1532.25,1,0,0,1,0,1
AUC,Bed,Male,140.3,3,2,6,3015.58,1,1,1,1,1,1
Zagazig University,Bed,Female,91.7,2,2,4,1020.38,0,0,0,0,0,0
Suez Canal University,Bed,Male,100.0,2,1,3,2011.69,1,1,0,1,1,1
Benha University,EntireUnit,Male,135.2,3,1,3,5726.84,0,0,1,0,0,1
Cairo University,EntireUnit,Male,93.5,1,1,2,6879.7,1,1,1,1,1,1
Tanta University,Room,Female,122.6,1,1,1,7076.11,1,1,1,0,1,0
Benha University,EntireUnit,Male,110.8,2,2,4,5348.35,0,0,0,1,1,0
Benha University,EntireUnit,Female,85.9,3,1,3,5489.12,0,1,1,1,1,1
Tanta University,EntireUnit,Male,145.8,2,2,4,8110.1,1,1,1,1,1,1
Minia University,EntireUnit,Female,122.6,3,2,4,5454.42,1,1,0,1,0,0
Suez Canal University,Room,Female,106.8,4,2,5,1432.49,1,1,1,1,1,1
Suez Canal University,EntireUnit,Male,102.1,1,1,2,4463.08,0,0,0,0,0,0
GUC,Room,Female,119.5,2,1,2,5362.94,1,0,0,0,0,1
Minia University,EntireUnit,Female,186.7,4,2,8,7465.7,1,1,1,0,0,0
Ain Shams University,Bed,Male,129.6,1,1,1,7971.07,1,1,0,1,1,1
Minia University,EntireUnit,Female,117.9,1,1,1,4024.72,0,0,0,1,0,1
Mansoura University,EntireUnit,Male,88.0,3,2,6,4056.91,0,0,0,0,0,0
Helwan University,EntireUnit,Male,144.0,4,2,6,7464.39,1,1,1,1,1,1
Ain Shams University,EntireUnit,Female,194.3,4,2,6,13243.89,1,1,1,1,1,1
AUC,Room,Male,141.3,3,2,5,5470.82,0,1,1,1,0,0
Fayoum University,Room,Male,130.9,1,1,1,5054.15,1,0,0,0,0,1
Suez Canal University,Bed,Female,184.9,4,2,8,830.38,0,0,0,0,0,0
Alexandria University,Bed,Female,103.6,2,2,4,1569.54,0,0,1,0,0,0
GUC,Room,Female,25.9,1,1,2,2558.74,1,0,0,1,0,0
Assiut University,EntireUnit,Female,150.0,1,1,1,5477.59,0,0,0,0,0,0
Cairo University,EntireUnit,Male,176.5,4,2,5,12138.94,0,1,0,0,0,0
Cairo University,EntireUnit,Female,27.8,1,1,1,2253.52,1,0,0,1,0,0
Suez Canal University,EntireUnit,Female,119.2,4,2,5,6638.92,0,1,1,1,0,1
AUC,Room,Male,128.9,3,2,4,5085.91,1,1,1,1,1,1
Zagazig University,Bed,Female,77.8,3,2,6,613.35,1,0,0,1,0,1
Mansoura University,EntireUnit,Female,100.4,2,1,3,6385.48,1,1,1,1,1,0
GUC,Room,Female,46.9,1,1,1,3823.72,0,0,0,0,0,0
AUC,EntireUnit,Male,150.0,2,2,4,18049.28,1,0,1,1,0,0
Minia University,Bed,Male,106.8,4,2,4,1028.02,0,0,0,0,0,0
Assiut University,EntireUnit,Male,147.9,4,2,4,6254.33,0,1,1,1,1,1
Cairo University,Room,Male,171.9,2,1,3,5062.74,0,0,0,0,0,0
AUC,EntireUnit,Female,106.7,1,1,2,11194.5,1,0,1,0,1,1
Benha University,Room,Female,143.2,2,1,2,2594.63,0,0,0,1,0,0
AUC,EntireUnit,Female,136.4,3,1,3,17714.65,1,1,1,1,1,1
Tanta University,Room,Female,114.8,2,1,3,2200.15,1,0,0,0,0,1
Minia University,EntireUnit,Male,192.9,3,2,6,7086.36,0,0,0,0,0,0
Helwan University,EntireUnit,Female,110.0,2,1,2,6300.75,0,1,1,1,0,1
Alexandria University,Bed,Male,86.1,2,1,2,3395.54,0,1,1,0,1,0
Mansoura University,Bed,Male,130.0,2,1,2,3495.35,1,0,1,1,1,1
Minia University,Room,Female,102.2,4,2,6,928.88,0,0,0,1,0,1
Assiut University,Bed,Male,46.5,1,1,2,1328.91,1,1,0,0,0,0
Tanta University,Bed,Female,175.2,4,2,5,1819.99,1,1,1,0,1,1
AUC,Bed,Female,156.7,4,2,7,2598.23,0,1,1,0,1,0
Minia University,Bed,Female,194.2,2,1,2,4821.02,1,1,1,1,1,1
Alexandria University,EntireUnit,Female,48.8,1,1,1,3809.62,1,1,1,0,0,0
Tanta University,Bed,Male,186.5,3,2,4,2309.26,1,1,0,1,1,0
Cairo University,EntireUnit,Male,56.0,2,1,2,3916.81,0,1,0,0,0,0
Alexandria University,Bed,Male,163.8,3,2,4,3153.14,0,1,1,0,1,1
Benha University,EntireUnit,Female,92.1,2,1,3,4670.7,1,1,0,0,0,0
Ain Shams University,Room,Male,86.4,2,1,3,2811.6,1,1,0,1,1,0
Minia University,Bed,Female,174.2,3,2,5,1634.3,0,1,1,1,1,1
Cairo University,EntireUnit,Female,186.0,3,2,5,12379.54,0,1,1,0,0,1
Fayoum University,Bed,Female,181.4,4,2,8,1074.24,1,1,1,1,1,1
Benha University,EntireUnit,Male,197.7,4,2,7,10172.52,1,1,1,1,1,1
Benha University,EntireUnit,Male,74.3,1,1,1,3977.41,0,1,0,0,0,1
Cairo University,Bed,Female,160.1,3,2,5,2349.06,1,1,1,1,1,1
Zagazig University,EntireUnit,Female,116.3,2,1,3,4346.65,0,0,0,0,0,0
Helwan University,EntireUnit,Female,108.1,4,2,5,6344.43,1,1,1,1,1,1
Helwan University,Room,Male,86.9,2,1,3,2224.65,1,0,0,0,1,0
Minia University,EntireUnit,Female,101.9,3,1,3,5333.2,1,1,1,1,1,1
Fayoum University,EntireUnit,Female,107.5,1,1,2,5113.13,0,1,1,0,0,1
Zagazig University,Bed,Male,146.7,1,1,1,5936.17,1,0,0,1,0,1
Suez Canal University,Room,Male,28.6,1,1,2,2966.29,1,1,1,1,1,1
AUC,EntireUnit,Male,103.7,2,1,3,13325.18,1,1,0,1,0,1
Tanta University,Room,Male,134.7,2,2,4,2823.18,0,0,0,1,0,0
Ain Shams University,Bed,Male,112.0,1,1,1,7847.8,1,1,1,1,0,1
Ain Shams University,Room,Female,88.6,2,2,4,3429.77,1,1,1,1,1,1
Suez Canal University,Bed,Male,110.6,2,2,4,1323.6,1,0,0,0,1,1
AUC,Bed,Male,99.2,2,2,4,2948.67,1,1,0,1,1,1
Tanta University,Bed,Female,110.8,4,2,8,526.62,0,0,0,0,0,0
Fayoum University,Bed,Male,133.6,4,2,4,1731.74,1,1,1,1,1,0
Cairo University,EntireUnit,Female,77.8,3,1,3,7158.45,1,1,1,1,1,1
Assiut University,Room,Male,157.9,4,2,6,1465.77,0,0,0,0,0,0
Mansoura University,Room,Male,136.8,1,1,1,5986.64,0,0,0,0,1,1
Alexandria University,EntireUnit,Female,32.9,1,1,1,2994.14,0,1,0,0,0,1
Suez Canal University,Bed,Female,185.3,4,2,4,1852.13,0,0,0,0,0,1
Tanta University,Bed,Male,138.4,2,2,4,1331.04,0,0,0,0,0,0
Alexandria University,Bed,Male,112.7,3,2,6,1227.36,0,0,0,0,0,0
Cairo University,Room,Male,90.3,1,1,2,6502.32,1,1,1,1,1,1
Suez Canal University,Bed,Male,158.8,3,2,6,1048.95,0,0,0,0,1,0
Ain Shams University,Room,Female,80.1,3,2,4,2035.77,0,1,0,0,1,0
Helwan University,Room,Female,75.0,1,1,1,4298.15,0,1,1,0,1,0
GUC,EntireUnit,Female,31.3,1,1,1,3521.61,0,0,1,1,0,1
Helwan University,Bed,Female,197.2,2,1,3,3342.33,1,0,0,0,1,0
Minia University,Bed,Female,102.9,2,1,2,2245.45,0,1,1,0,0,0
Assiut University,Bed,Female,136.3,2,1,2,2707.43,0,1,0,0,0,0
Mansoura University,Bed,Male,189.1,3,2,6,1694.38,0,1,0,0,0,0
AUC,Room,Female,113.0,4,2,7,2743.08,1,0,1,0,0,1
Ain Shams University,EntireUnit,Male,105.5,4,2,8,6146.03,1,0,1,1,0,1
Assiut University,Bed,Male,166.1,3,2,4,1656.84,0,0,1,0,1,1
Benha University,EntireUnit,Male,171.9,2,1,3,6943.38,1,0,1,1,0,1
Mansoura University,Room,Female,183.4,4,2,4,2313.81,1,0,0,0,0,1
Alexandria University,EntireUnit,Female,91.1,2,1,2,7891.22,1,1,1,1,1,1
Assiut University,Room,Female,195.9,3,2,5,2467.41,0,1,1,0,0,0
Fayoum University,EntireUnit,Female,101.8,4,2,5,4756.64,0,1,0,0,0,0
AUC,EntireUnit,Male,129.9,1,1,2,12379.82,0,0,1,0,0,0
Assiut University,EntireUnit,Female,90.4,1,1,1,4046.67,1,0,1,0,1,1
Helwan University,Room,Male,189.1,2,1,3,4011.28,1,0,1,1,0,1
Assiut University,EntireUnit,Female,186.5,2,2,4,8451.09,1,1,1,1,1,1
Alexandria University,EntireUnit,Male,150.6,2,1,3,10263.9,0,0,1,0,1,0
Fayoum University,Bed,Female,50.3,1,1,1,3178.95,1,1,1,1,1,0
Alexandria University,Bed,Female,169.5,1,1,1,9750.24,0,0,0,0,0,0
GUC,Bed,Male,123.5,2,1,3,4636.06,0,1,1,1,1,1
Ain Shams University,EntireUnit,Female,188.6,3,2,4,9926.2,0,0,0,0,0,0
Tanta University,Bed,Male,172.9,2,1,2,4746.63,1,1,1,1,1,0
Helwan University,Room,Male,81.7,3,2,4,1438.77,1,1,0,0,1,0
Assiut University,EntireUnit,Male,70.7,2,1,3,3674.15,0,0,1,1,1,1
Assiut University,Room,Female,110.1,2,1,3,2663.96,1,1,1,1,1,1
Benha University,EntireUnit,Female,154.1,2,2,4,7862.88,1,1,1,1,1,1
Fayoum University,EntireUnit,Male,169.1,3,2,6,6610.55,0,0,0,0,0,0
Fayoum University,Room,Male,112.9,2,2,4,1990.59,0,0,0,1,0,0
Helwan University,Room,Female,157.0,4,2,7,2364.33,1,1,1,1,0,1
Ain Shams University,Room,Female,88.7,3,2,6,1884.36,0,1,0,1,0,1
Mansoura University,EntireUnit,Male,98.4,1,1,1,5435.62,1,1,1,0,1,1
Mansoura University,Room,Male,29.5,1,1,2,3378.27,1,1,1,1,1,1
Tanta University,Room,Male,155.7,2,1,3,3120.09,0,0,0,1,0,0
GUC,Room,Female,192.1,2,1,3,8869.55,1,1,1,0,1,0
AUC,Bed,Male,138.0,4,2,6,2353.18,1,0,0,1,0,0
Benha University,EntireUnit,Female,69.9,2,1,2,2981.4,1,0,0,0,0,0
Benha University,EntireUnit,Female,65.2,2,1,3,2820.2,0,0,0,0,1,0
Ain Shams University,EntireUnit,Female,116.9,3,2,6,6597.05,0,0,0,0,0,1
AUC,Bed,Female,163.6,3,2,5,3446.51,0,1,0,0,0,0
Cairo University,EntireUnit,Female,195.1,4,2,5,10549.6,0,0,0,0,0,0
AUC,Bed,Male,25.8,1,1,1,4898.73,1,1,1,1,1,1
Alexandria University,Room,Male,191.8,2,1,2,5738.07,1,1,0,0,1,0
Benha University,EntireUnit,Male,155.8,4,2,7,8010.35,1,1,1,1,0,0
AUC,Room,Female,78.9,2,1,2,3962.58,1,0,0,0,1,1
GUC,Room,Male,162.7,2,2,4,8464.14,1,1,1,0,1,1
Minia University,Bed,Male,80.7,1,1,1,4343.77,1,1,1,1,1,0
Suez Canal University,Room,Male,188.0,4,2,6,2304.14,1,1,1,0,1,1
Assiut University,Bed,Male,56.4,1,1,2,1936.52,1,1,1,1,1,1
Benha University,EntireUnit,Male,140.8,2,1,3,6800.73,1,1,1,1,1,1
GUC,EntireUnit,Male,93.1,3,2,5,10723.07,1,1,0,0,0,1
Mansoura University,EntireUnit,Female,186.5,1,1,1,9513.65,0,1,0,0,0,0
Mansoura University,EntireUnit,Female,66.2,2,2,4,4602.57,1,1,1,0,1,1
AUC,EntireUnit,Female,125.9,1,1,2,14792.96,0,1,1,1,0,0
Minia University,Bed,Female,83.2,3,1,3,1264.42,0,0,0,1,1,0
Suez Canal University,Bed,Female,172.3,3,2,5,1502.74,0,0,0,0,0,0
GUC,Bed,Female,54.9,1,1,1,6513.79,1,1,0,0,0,0
Alexandria University,Bed,Female,124.1,3,2,5,1947.17,0,1,1,0,1,1
Cairo University,Bed,Female,163.2,4,2,5,2107.73,1,1,1,1,1,1
Helwan University,Bed,Female,160.3,4,2,6,1307.52,1,1,1,1,1,1
Mansoura University,EntireUnit,Male,130.4,3,2,4,6889.45,0,0,1,1,0,0
Mansoura University,Room,Male,104.0,3,2,4,2166.12,1,1,1,1,0,1
Benha University,Room,Female,94.3,3,2,6,1784.9,1,1,1,1,0,0
Assiut University,EntireUnit,Male,103.0,2,1,3,4499.7,0,0,1,1,0,0
Zagazig University,Room,Male,183.2,2,1,3,4135.01,0,1,0,0,0,0
AUC,Bed,Female,44.3,1,1,1,4300.15,0,0,0,0,0,0
Suez Canal University,Room,Female,33.9,1,1,1,2625.56,1,1,0,1,1,0
AUC,Room,Female,167.6,2,2,4,8504.39,1,1,1,1,0,1
Zagazig University,EntireUnit,Male,106.1,3,2,6,5763.43,1,0,1,1,1,1
Helwan University,Bed,Female,122.5,4,2,5,1337.75,1,0,0,1,1,1
Ain Shams University,Bed,Male,179.9,3,1,3,3202.35,1,0,0,0,1,0
Benha University,EntireUnit,Female,98.7,2,1,3,4314.61,0,0,0,1,0,1
Suez Canal University,Room,Male,96.0,1,1,1,5785.32,1,1,0,1,1,0
Ain Shams University,EntireUnit,Male,132.1,2,1,2,7560.75,1,0,0,0,1,0
Cairo University,Bed,Female,142.4,1,1,2,5256.51,1,1,0,0,0,0
Ain Shams University,Bed,Female,85.1,3,2,5,1190.39,1,1,1,0,1,0
GUC,EntireUnit,Male,76.9,3,1,3,7827.69,1,1,1,1,1,0
Minia University,Bed,Female,123.4,3,2,4,1685.68,1,1,1,1,1,0
Cairo University,Bed,Male,124.7,2,1,2,4350.81,0,0,1,0,0,0
Fayoum University,Room,Female,144.9,3,1,3,1584.04,0,0,0,0,0,0
Assiut University,EntireUnit,Male,67.4,1,1,2,3569.44,1,1,0,0,1,1
Minia University,Room,Female,168.2,3,1,3,2056.82,0,0,0,0,0,0
AUC,Room,Female,174.5,1,1,1,21137.16,1,1,1,1,1,1
Minia University,Room,Female,148.8,4,2,8,1311.02,0,0,0,0,0,0
GUC,Bed,Male,34.3,1,1,2,2304.56,1,1,1,1,1,1
Ain Shams University,EntireUnit,Male,189.1,1,1,1,9866.39,1,0,0,0,1,1
Alexandria University,EntireUnit,Female,97.0,3,1,3,7557.86,0,1,0,1,0,1
Tanta University,EntireUnit,Female,191.7,3,2,4,8430.88,0,1,1,1,1,1
Tanta University,Bed,Female,89.3,2,1,2,2010.66,1,0,1,1,1,0
Helwan University,Room,Female,147.4,2,1,2,3586.14,0,1,0,0,0,0
Fayoum University,Room,Male,77.5,2,1,3,2410.37,1,1,1,1,1,1
Suez Canal University,Bed,Female,132.5,4,2,7,716.7,0,0,0,1,0,0
Helwan University,Room,Male,78.0,3,1,3,1437.59,0,1,0,0,0,0
Assiut University,Room,Male,170.0,2,1,3,3722.83,1,1,0,1,1,0
Assiut University,Room,Male,82.0,3,1,3,1100.82,0,0,0,0,1,0
Mansoura University,Bed,Male,137.1,4,2,6,1151.86,1,1,1,1,0,1
Assiut University,Bed,Male,171.6,3,1,3,2224.74,0,0,0,0,0,0
Minia University,Bed,Female,55.7,2,1,3,791.26,1,0,0,0,0,0
Suez Canal University,Bed,Female,90.3,1,1,2,2448.08,0,1,0,0,1,0
Tanta University,EntireUnit,Male,165.5,2,1,2,8863.68,1,1,1,1,1,1
Zagazig University,EntireUnit,Male,135.3,4,2,7,6877.96,1,1,0,1,1,1
Minia University,EntireUnit,Male,111.4,3,1,3,5178.26,1,1,1,1,0,1
Minia University,EntireUnit,Female,70.0,1,1,1,3473.23,0,1,1,1,0,0
GUC,Room,Female,134.7,2,1,3,7282.23,1,1,1,1,1,1
AUC,EntireUnit,Female,159.5,3,2,6,18683.26,1,1,1,1,0,1
AUC,Bed,Male,157.4,3,2,4,4937.5,1,1,1,1,1,1
Zagazig University,Room,Male,133.9,4,2,6,1449.29,0,1,0,0,0,0
Ain Shams University,Room,Female,154.8,4,2,6,2388.05,0,1,1,1,1,1
Benha University,Bed,Female,87.8,3,2,5,1055.27,0,1,1,1,1,1
Assiut University,Room,Male,95.9,3,1,3,1114.52,1,0,0,0,0,0
Cairo University,Bed,Male,56.1,2,1,3,1566.15,1,1,1,0,1,0
Tanta University,EntireUnit,Male,102.8,1,1,1,4684.35,0,0,0,1,1,1
Benha University,Room,Male,131.9,2,1,3,3497.75,1,1,1,1,1,1
Alexandria University,EntireUnit,Female,182.3,4,2,7,11463.17,0,0,0,0,1,0
Minia University,EntireUnit,Female,151.5,4,2,4,5222.91,0,0,0,1,0,0
Ain Shams University,EntireUnit,Female,73.4,2,2,4,4148.55,0,0,0,0,0,0
Mansoura University,Bed,Female,146.4,3,2,6,1329.81,1,1,1,0,1,1
Minia University,Bed,Female,50.3,1,1,1,3182.06,0,1,0,1,1,0
Mansoura University,EntireUnit,Male,100.2,4,2,8,4760.86,0,0,0,1,0,1
Cairo University,Room,Female,159.3,2,1,2,4971.04,0,1,0,0,1,0
Tanta University,Bed,Female,108.6,4,2,8,750.69,1,1,1,1,1,1
Fayoum University,Room,Female,78.9,3,2,4,916.53,0,0,0,0,0,0
Mansoura University,Room,Female,73.9,1,1,2,4112.73,0,1,0,0,0,0
GUC,EntireUnit,Male,174.2,4,2,6,16583.22,0,0,0,0,0,0
Suez Canal University,EntireUnit,Male,196.4,1,1,2,7538.66,0,0,0,0,0,0
Mansoura University,Room,Female,154.7,2,2,4,3873.36,1,1,0,0,0,0
GUC,Room,Male,187.7,3,1,3,6810.4,1,1,1,0,1,0
Helwan University,Bed,Male,81.1,1,1,1,3575.54,1,0,0,0,0,1
Suez Canal University,EntireUnit,Female,147.5,2,1,2,7932.03,1,1,1,1,1,0
Helwan University,Bed,Male,124.5,4,2,4,1731.02,1,0,1,1,0,1
Alexandria University,Room,Male,59.6,1,1,2,3880.24,1,0,0,0,0,0
Zagazig University,EntireUnit,Female,105.6,1,1,1,5267.89,1,1,0,1,0,0
Cairo University,Bed,Female,140.1,1,1,1,10811.51,1,1,1,0,0,0
Benha University,Bed,Male,101.5,3,2,5,985.31,0,1,1,0,1,0
Suez Canal University,EntireUnit,Male,102.8,4,2,8,4097.92,0,0,1,0,0,0
AUC,EntireUnit,Male,150.1,4,2,7,16778.47,0,0,0,0,0,1
Benha University,Room,Female,127.0,2,1,3,2893.25,1,0,0,1,1,1
Helwan University,Bed,Female,115.0,1,1,2,3402.39,1,1,1,1,1,0
Ain Shams University,EntireUnit,Male,51.4,1,1,1,2868.44,0,0,1,0,0,0
Zagazig University,EntireUnit,Male,128.1,2,2,4,7087.72,1,1,1,1,1,1
Tanta University,Bed,Male,77.2,3,2,5,882.22,0,1,0,0,1,1
GUC,Room,Male,157.0,3,2,4,5189.41,1,1,1,1,1,1
GUC,Room,Male,121.5,1,1,2,11548.01,0,0,0,0,1,1
Alexandria University,EntireUnit,Male,177.9,3,2,4,11960.51,0,1,0,1,1,1
Fayoum University,EntireUnit,Male,189.9,1,1,2,6800.41,1,0,0,0,1,1
GUC,EntireUnit,Male,58.9,1,1,1,6400.33,1,0,1,0,1,0
Minia University,EntireUnit,Female,164.8,4,2,8,6715.94,0,0,0,1,0,0
Suez Canal University,EntireUnit,Female,158.5,1,1,1,6973.11,0,0,1,0,0,0
Cairo University,EntireUnit,Male,74.6,1,1,1,5283.08,0,1,1,1,0,0
Tanta University,Room,Female,149.5,4,2,7,1637.33,0,0,1,0,0,1
Minia University,EntireUnit,Male,190.6,4,2,7,7698.57,0,1,0,1,1,0
GUC,Bed,Male,199.0,2,1,2,8964.39,1,1,0,0,1,1
AUC,Bed,Female,162.4,2,2,4,4211.68,0,0,0,0,0,0
Assiut University,Bed,Female,121.9,4,2,6,830.3,0,0,0,0,1,0
GUC,EntireUnit,Male,162.0,3,1,3,17383.62,1,0,1,1,1,0
Fayoum University,Bed,Male,196.8,2,2,4,1970.48,1,1,1,1,1,1
Alexandria University,Bed,Male,110.0,2,1,3,1992.73,0,0,0,0,0,0
Assiut University,Bed,Male,104.1,3,1,3,1723.73,1,1,0,1,1,0
Suez Canal University,Bed,Female,165.8,3,1,3,2272.0,1,0,1,0,1,0
Ain Shams University,Bed,Male,153.3,4,2,5,1768.36,0,0,0,0,0,0
Alexandria University,Room,Female,163.6,2,1,3,5251.92,0,0,0,0,0,0
Benha University,Bed,Female,47.4,1,1,2,1919.15,1,1,1,1,1,1
Minia University,EntireUnit,Female,142.9,3,2,5,7266.88,1,1,1,1,1,1
Benha University,Bed,Female,125.5,1,1,1,6384.83,0,1,1,1,1,0
GUC,Room,Male,53.3,2,1,2,2445.69,0,0,0,0,0,0
Ain Shams University,EntireUnit,Male,144.5,2,1,3,8685.49,0,0,0,0,0,0
Minia University,EntireUnit,Male,184.0,1,1,2,7158.12,1,0,1,1,0,1
Helwan University,EntireUnit,Female,138.8,2,1,2,6971.92,1,0,1,1,0,1
Tanta University,Room,Female,149.2,2,1,3,3270.28,1,0,0,0,0,1
Benha University,EntireUnit,Male,111.4,3,2,6,4926.28,0,0,0,0,0,0
AUC,EntireUnit,Male,35.3,1,1,2,4688.0,0,1,1,1,1,1
GUC,EntireUnit,Male,161.9,4,2,6,15725.1,0,1,0,0,1,0
Helwan University,EntireUnit,Female,111.4,1,1,1,4869.29,0,0,1,1,0,0
AUC,Room,Female,143.5,4,2,6,3638.41,0,1,1,1,1,1
Tanta University,Room,Female,118.7,4,2,4,1084.12,0,0,0,0,0,0
Ain Shams University,Bed,Male,174.6,1,1,2,6176.6,1,1,1,1,0,0
AUC,EntireUnit,Male,119.8,3,2,5,13478.04,0,1,1,0,1,1
Assiut University,Bed,Female,140.2,2,2,4,1457.8,1,0,0,0,0,1
AUC,EntireUnit,Female,105.4,3,2,5,9839.4,0,0,0,0,0,0
Benha University,Room,Female,172.0,2,2,4,3619.63,0,0,1,0,0,0
Assiut University,EntireUnit,Male,140.6,1,1,1,5610.55,1,0,1,1,1,1
Suez Canal University,Room,Female,154.3,2,1,2,3588.23,1,1,1,0,1,0
Fayoum University,EntireUnit,Male,94.3,2,1,2,5316.14,1,1,1,1,0,0
Minia University,Bed,Male,196.4,3,2,5,1661.53,0,0,1,0,0,1
Mansoura University,Room,Male,127.6,3,2,6,1744.43,0,0,0,0,0,1
Ain Shams University,Room,Female,192.4,2,1,3,5751.06,1,1,1,1,1,1
Ain Shams University,Bed,Female,171.7,4,2,8,1278.52,1,1,1,1,1,1
Zagazig University,Room,Male,140.0,4,2,8,1376.66,1,0,0,0,0,0
Assiut University,EntireUnit,Male,189.7,3,2,4,7672.71,0,0,1,0,0,0
Minia University,Room,Female,129.6,1,1,2,5155.39,0,1,0,0,1,1
Assiut University,Room,Male,127.4,1,1,1,6759.66,1,1,1,1,1,1
Benha University,EntireUnit,Female,139.7,3,2,4,6514.27,1,1,1,1,1,1
Fayoum University,EntireUnit,Female,109.0,4,2,7,4898.51,1,0,0,1,1,1
Mansoura University,Bed,Male,150.8,4,2,7,1275.3,1,1,0,0,1,1
Helwan University,Room,Female,64.0,2,1,3,1701.28,1,0,1,0,1,1
Mansoura University,EntireUnit,Male,101.2,4,2,7,6464.03,1,1,1,1,1,1
Tanta University,EntireUnit,Female,107.8,3,1,3,5098.55,0,1,0,1,1,1
Helwan University,EntireUnit,Female,124.5,2,2,4,7122.64,1,0,1,1,1,1
Alexandria University,EntireUnit,Male,156.5,4,2,5,11746.77,0,1,1,1,1,0
Suez Canal University,Room,Male,85.7,2,2,4,2330.53,0,1,0,1,1,1
GUC,Room,Female,182.1,2,1,3,10138.12,1,1,1,0,1,0
GUC,EntireUnit,Male,180.7,1,1,1,18647.55,0,0,0,0,1,0
GUC,Room,Male,195.3,4,2,7,4535.23,0,0,0,0,0,0
Cairo University,Bed,Male,134.7,4,2,8,1203.24,0,1,0,0,0,1
Zagazig University,Room,Male,69.0,1,1,1,3256.34,0,0,0,1,0,0
Mansoura University,Room,Female,144.9,1,1,1,8413.89,1,1,1,0,1,1
Helwan University,Bed,Male,112.5,4,2,6,916.32,0,0,0,0,0,0
Alexandria University,Room,Female,152.7,3,1,3,3907.46,0,1,1,1,1,1
Helwan University,EntireUnit,Female,145.4,3,2,4,7617.15,0,0,1,0,1,1
Minia University,EntireUnit,Male,136.5,3,2,5,5997.46,0,1,0,1,0,1
Minia University,Room,Female,114.3,2,1,3,2957.27,0,1,1,1,1,0
Suez Canal University,EntireUnit,Female,68.2,1,1,2,3386.83,1,0,1,1,0,1
AUC,Bed,Male,75.8,2,1,2,4269.7,0,0,1,0,0,0
Cairo University,EntireUnit,Male,71.7,1,1,1,6041.3,1,1,0,1,1,1
Zagazig University,Bed,Male,129.3,3,1,3,2107.8,1,1,1,1,1,1
GUC,Room,Female,118.2,4,2,5,2780.21,0,0,0,0,0,1
Suez Canal University,EntireUnit,Male,61.4,2,1,3,3492.64,1,1,0,0,0,0
Cairo University,Bed,Female,76.5,2,1,2,2478.61,0,0,0,0,0,0
Mansoura University,Room,Male,159.3,1,1,2,7881.71,0,1,1,0,1,0
Suez Canal University,Bed,Male,171.1,1,1,2,4099.89,1,1,0,1,0,0
AUC,EntireUnit,Male,144.2,4,2,8,14941.97,1,0,1,1,1,1
Cairo University,Bed,Male,105.1,2,2,4,1479.39,0,0,1,0,0,0
Minia University,Room,Female,173.0,1,1,2,8495.67,1,1,1,1,1,1
GUC,Room,Male,139.9,1,1,1,12412.74,0,0,0,1,1,0
Benha University,Room,Male,56.0,1,1,1,3615.41,0,1,0,0,1,1
Zagazig University,EntireUnit,Female,127.1,1,1,1,6359.04,0,1,1,1,1,1
Assiut University,EntireUnit,Male,74.7,2,1,2,2434.7,0,0,0,0,0,0
Mansoura University,Room,Female,95.6,2,2,4,2633.59,0,0,1,1,0,1
Suez Canal University,Room,Male,165.2,2,2,4,3803.3,1,1,0,1,1,1
AUC,Bed,Male,180.9,4,2,8,2697.08,0,1,0,0,0,0
GUC,EntireUnit,Male,76.6,2,1,2,7368.68,0,0,0,1,0,0
Ain Shams University,EntireUnit,Female,140.1,4,2,4,8714.29,1,1,1,1,1,0
Alexandria University,Bed,Female,122.7,2,1,3,2404.63,0,0,0,0,0,0
Cairo University,EntireUnit,Female,127.6,4,2,5,9608.7,0,1,0,0,1,0
Suez Canal University,Bed,Male,163.3,2,1,3,2426.14,1,1,1,0,1,0
Helwan University,Room,Male,107.5,3,2,6,2346.58,1,1,1,1,1,1
Assiut University,Room,Female,155.8,2,1,3,3436.8,1,1,0,1,1,1
Mansoura University,EntireUnit,Male,156.5,1,1,1,8597.64,1,0,1,1,1,1
Zagazig University,Room,Male,70.6,1,1,2,4383.51,1,1,1,1,1,1
Zagazig University,Bed,Female,162.0,4,2,5,1356.51,1,0,0,0,0,1
AUC,Bed,Female,100.4,4,2,6,1706.5,1,0,1,1,1,1
Cairo University,Bed,Female,163.5,3,2,5,1942.32,1,0,1,0,0,0
Assiut University,Room,Male,117.4,4,2,7,1425.37,1,1,1,1,1,1
Benha University,Bed,Male,140.7,3,2,4,1977.9,0,1,1,1,1,1
Benha University,Bed,Female,186.3,4,2,8,906.1,1,0,0,0,0,1
GUC,EntireUnit,Male,142.1,4,2,6,12547.07,1,0,0,0,0,0
Tanta University,Bed,Female,52.3,1,1,2,1034.53,0,0,0,0,1,0
GUC,EntireUnit,Female,159.7,3,2,5,14333.84,0,0,1,0,0,0
Assiut University,Room,Female,154.8,3,2,5,2652.31,1,1,1,1,1,1
GUC,EntireUnit,Male,71.8,2,2,4,8775.79,1,1,1,1,1,1
Zagazig University,Bed,Female,167.5,4,2,5,1712.6,0,1,0,1,0,1
Mansoura University,EntireUnit,Male,169.2,4,2,4,9194.97,1,1,0,1,1,1
Assiut University,Room,Male,84.6,1,1,2,3245.52,0,0,0,0,1,1
Fayoum University,Bed,Female,52.6,2,2,4,742.69,0,0,1,1,1,1
Minia University,Bed,Female,182.6,1,1,2,3924.48,1,1,1,1,1,1
Zagazig University,EntireUnit,Male,181.0,1,1,2,8093.61,0,0,0,0,0,1
Alexandria University,EntireUnit,Male,154.2,3,1,3,11269.76,1,1,1,1,1,1
AUC,Bed,Female,150.6,3,2,5,3705.21,1,1,1,1,1,1
Assiut University,EntireUnit,Male,189.2,1,1,1,7242.36,0,0,0,1,1,0
Benha University,EntireUnit,Female,128.2,2,2,4,6294.6,1,1,1,1,1,1
Benha University,Room,Female,150.0,2,1,2,3298.87,0,1,0,1,1,0
Suez Canal University,EntireUnit,Male,127.1,1,1,1,6803.4,1,1,0,1,1,1
AUC,Room,Male,181.9,4,2,4,4777.36,0,0,0,1,1,0
Helwan University,Room,Male,112.1,3,2,4,1802.61,0,1,0,1,0,0
Benha University,EntireUnit,Female,151.0,1,1,1,6259.11,0,0,0,0,1,1
Mansoura University,Bed,Female,152.6,3,1,3,2346.62,0,1,1,1,0,0
Benha University,Room,Male,113.2,4,2,8,1212.62,0,0,0,1,0,1
Ain Shams University,EntireUnit,Female,183.8,4,2,4,10373.02,0,1,1,1,0,0
Mansoura University,EntireUnit,Male,161.9,3,1,3,8397.13,1,1,0,1,1,0
Zagazig University,Room,Male,169.3,2,1,2,3253.87,0,0,0,0,0,0
Alexandria University,Bed,Female,189.9,1,1,2,5318.5,0,0,0,0,1,0
Zagazig University,Bed,Male,109.0,4,2,4,1078.46,0,0,0,0,0,0
Alexandria University,Room,Female,131.3,4,2,8,2124.42,0,0,1,0,0,0
Assiut University,Bed,Female,158.1,3,2,6,1190.34,1,1,1,1,1,1
Mansoura University,EntireUnit,Male,142.9,2,2,4,7065.93,1,0,0,0,1,0
Zagazig University,Room,Male,65.3,2,1,2,1364.91,0,0,0,0,0,1
Alexandria University,Room,Male,167.2,4,2,7,3028.99,1,1,1,1,1,1
Minia University,Bed,Male,116.4,1,1,1,4929.68,1,0,0,1,0,1
GUC,EntireUnit,Female,93.2,2,1,2,10372.07,1,1,1,1,1,0
AUC,EntireUnit,Female,122.1,2,2,4,12174.68,0,0,0,1,0,1
Helwan University,Room,Male,133.8,1,1,1,7316.67,1,1,1,1,1,1
Assiut University,EntireUnit,Female,94.0,2,1,2,3875.39,1,0,0,1,1,1
Tanta University,EntireUnit,Female,193.0,2,1,2,6875.67,0,0,0,0,0,0
Fayoum University,EntireUnit,Female,190.8,4,2,4,9482.22,1,1,1,1,1,0
Zagazig University,Bed,Male,69.2,2,2,4,674.49,0,0,0,0,0,0
Helwan University,Bed,Female,106.3,2,2,4,1372.63,1,0,1,0,1,1
Tanta University,Room,Female,187.4,4,2,8,2058.75,0,1,1,1,1,1
Alexandria University,Bed,Female,125.7,4,2,5,1423.88,0,0,0,0,0,0
Zagazig University,EntireUnit,Female,131.6,4,2,5,6145.49,0,1,0,1,1,1
Minia University,Bed,Male,135.6,4,2,6,933.22,0,0,1,1,0,1
Tanta University,Bed,Male,127.1,3,2,4,1253.16,0,0,0,0,0,0
Mansoura University,EntireUnit,Female,106.7,2,2,4,4928.0,1,0,0,1,1,0
Zagazig University,Room,Male,177.4,4,2,5,1690.03,0,0,0,0,0,0
Minia University,Bed,Female,121.3,2,2,4,1284.98,0,1,0,1,1,1
Mansoura University,Bed,Male,140.6,2,1,3,2905.26,0,1,1,1,1,1
AUC,Bed,Female,56.0,1,1,2,3325.79,1,1,1,1,0,1
AUC,EntireUnit,Female,140.3,4,2,8,15118.89,0,1,0,1,0,0
Ain Shams University,Room,Female,158.6,2,1,3,4100.19,0,0,0,0,0,0
AUC,Room,Male,198.7,4,2,8,5790.54,1,0,0,1,0,0
Zagazig University,Room,Male,175.3,2,1,2,4627.95,1,1,1,0,0,1
Cairo University,Bed,Female,134.6,2,1,3,2980.14,0,0,0,0,1,0
Assiut University,Bed,Female,198.5,4,2,7,1112.23,0,0,1,0,0,0
Suez Canal University,Room,Male,126.7,4,2,7,1784.82,1,1,1,1,1,1
Zagazig University,Bed,Male,85.8,3,1,3,1214.14,0,0,0,1,1,0
Minia University,Room,Female,190.8,3,1,3,3009.42,1,1,1,1,0,1
Assiut University,Bed,Male,57.4,1,1,2,1841.53,1,1,1,1,0,1
AUC,Bed,Male,192.0,3,1,3,7565.83,0,1,0,0,0,0
Ain Shams University,EntireUnit,Female,99.5,2,2,4,6672.99,1,0,0,0,1,0
Minia University,Bed,Male,185.9,1,1,1,8200.52,0,1,0,1,1,0
Alexandria University,EntireUnit,Male,85.5,3,2,6,4786.75,0,0,0,1,0,1
Ain Shams University,Room,Male,167.5,4,2,5,2581.95,0,0,0,1,0,0
Cairo University,Bed,Male,124.2,1,1,1,9443.91,0,1,1,1,1,1
Ain Shams University,Bed,Female,156.8,4,2,7,1511.36,1,1,0,1,0,0
Mansoura University,EntireUnit,Female,199.7,4,2,8,8485.94,0,0,1,0,0,0
Helwan University,EntireUnit,Female,76.8,2,1,2,3931.25,1,0,1,0,0,0
Minia University,EntireUnit,Male,75.8,3,2,6,2764.85,0,0,0,0,1,1
Fayoum University,EntireUnit,Female,100.1,2,1,3,5048.6,1,1,0,1,0,1
Cairo University,EntireUnit,Female,189.0,4,2,6,13207.69,0,1,0,0,1,0
Fayoum University,Room,Female,127.0,3,2,5,2143.97,1,1,1,1,1,1
Helwan University,Room,Male,86.0,3,1,3,1730.86,1,1,1,1,1,1
GUC,EntireUnit,Male,171.3,4,2,6,18063.2,0,1,1,1,1,1
Mansoura University,Bed,Female,185.7,4,2,8,998.12,1,0,0,1,1,1
GUC,Room,Male,91.1,1,1,1,7876.58,0,0,0,0,0,0
AUC,Room,Male,183.4,4,2,7,4843.7,1,0,1,1,1,1
Ain Shams University,Bed,Male,120.8,2,2,4,1924.89,1,1,1,1,1,1
AUC,Bed,Female,164.2,3,2,6,2765.4,1,1,1,1,1,0
Tanta University,EntireUnit,Female,37.2,1,1,1,2133.75,1,0,1,1,0,1
Mansoura University,Bed,Female,195.7,3,1,3,3208.6,1,0,1,0,0,1
GUC,Bed,Male,118.2,4,2,8,1633.65,1,1,1,1,1,1
Zagazig University,Room,Male,123.3,3,2,4,2187.77,1,1,1,1,0,0
GUC,Room,Male,50.9,2,2,4,2470.75,0,0,0,0,0,0
AUC,Bed,Female,98.5,1,1,2,6218.8,0,1,1,0,0,1
Minia University,Bed,Male,122.8,4,2,7,744.65,1,0,1,1,0,1
Benha University,Room,Female,100.5,3,1,3,1590.39,0,1,0,1,0,0
Assiut University,Room,Male,98.3,3,2,6,1061.34,0,0,0,0,0,0
Minia University,EntireUnit,Female,191.3,4,2,6,8574.29,1,1,1,1,1,1
Zagazig University,Bed,Male,163.8,4,2,5,1738.26,1,1,0,1,1,1
Alexandria University,EntireUnit,Female,124.7,2,2,4,8371.51,1,1,0,0,1,0
Tanta University,Bed,Male,170.6,2,1,3,2658.46,1,0,1,1,1,0
Mansoura University,Bed,Female,185.1,1,1,2,4666.68,1,0,0,1,0,0
Tanta University,Bed,Female,157.7,1,1,2,4058.61,0,1,1,0,1,0
Assiut University,EntireUnit,Female,109.8,4,2,5,4302.22,0,0,0,0,0,0
Assiut University,Bed,Male,113.8,2,2,4,1238.51,0,1,0,0,0,0
Helwan University,EntireUnit,Female,102.8,4,2,7,5962.66,1,1,1,0,1,0
Tanta University,Bed,Male,112.4,3,1,3,1476.16,0,0,1,0,0,1
Suez Canal University,EntireUnit,Male,137.0,3,2,6,6667.24,1,0,0,0,1,1
Benha University,EntireUnit,Male,190.0,3,2,5,8880.49,0,1,1,1,1,1
Assiut University,EntireUnit,Female,127.5,2,1,3,5652.36,0,1,0,1,0,0
Helwan University,Bed,Male,81.7,2,2,4,1293.98,1,1,1,1,1,0
Tanta University,EntireUnit,Female,114.1,4,2,7,5964.66,1,1,1,1,1,1
Tanta University,Bed,Female,173.6,4,2,5,1444.78,0,0,0,1,0,1
Suez Canal University,Bed,Female,196.4,4,2,6,1672.68,0,1,1,1,1,1
Mansoura University,Room,Female,164.2,1,1,1,7715.27,1,0,1,1,1,1
Alexandria University,Room,Female,113.3,4,2,4,2086.63,1,1,1,0,1,0
Alexandria University,Bed,Female,141.3,2,1,3,3627.67,1,1,1,0,0,1
Mansoura University,EntireUnit,Female,157.6,4,2,4,7063.65,0,0,1,1,1,1
Helwan University,Bed,Male,141.2,1,1,2,3911.19,1,1,1,1,1,1
AUC,EntireUnit,Male,79.1,2,1,2,8371.0,0,1,0,0,0,0
Assiut University,EntireUnit,Male,184.7,4,2,8,6012.66,0,0,0,0,0,0
Tanta University,Bed,Male,112.2,4,2,7,821.44,0,1,0,0,0,1
Benha University,Bed,Male,80.0,3,1,3,1074.01,1,0,0,0,0,1
GUC,Room,Female,133.5,4,2,5,3455.73,1,0,0,0,1,0
Suez Canal University,Bed,Female,89.0,1,1,2,2814.47,1,1,1,1,0,1
Alexandria University,Bed,Male,196.4,3,1,3,4756.28,1,1,1,1,1,1
Benha University,EntireUnit,Male,148.8,2,1,3,5979.41,0,0,0,1,0,0
Ain Shams University,EntireUnit,Female,94.7,3,1,3,6761.4,0,1,0,0,0,1
Minia University,EntireUnit,Male,91.7,2,1,3,5602.14,1,1,1,1,1,1
Zagazig University,Room,Female,182.0,4,2,6,2137.24,1,0,1,1,1,0
Alexandria University,Bed,Male,168.1,3,2,5,2310.96,0,0,0,1,0,1
Tanta University,Room,Female,184.9,1,1,1,8152.79,0,0,0,0,0,1
Helwan University,EntireUnit,Female,104.5,1,1,2,6187.02,1,1,1,1,1,1
Fayoum University,EntireUnit,Female,129.5,2,1,3,6212.0,1,1,1,1,1,1
Benha University,Bed,Female,51.6,1,1,1,2925.15,1,0,0,1,1,0
Cairo University,EntireUnit,Female,96.9,2,1,2,5638.13,0,0,0,0,0,0
Benha University,Room,Male,100.3,2,2,4,2313.19,1,0,1,0,1,0
AUC,EntireUnit,Female,32.8,1,1,2,4578.74,0,1,0,0,0,1
GUC,EntireUnit,Female,192.9,4,2,7,20826.75,1,1,1,1,1,1
Cairo University,Room,Female,115.4,4,2,5,2089.49,0,1,1,0,0,1
Zagazig University,Bed,Female,89.4,1,1,1,4125.02,0,0,0,0,1,0
Fayoum University,Room,Female,100.4,1,1,1,4607.99,0,1,0,0,0,0
Alexandria University,Room,Female,181.6,1,1,2,11008.3,0,0,0,0,0,0
Minia University,Room,Male,186.1,2,1,2,3254.35,0,0,1,0,0,0
Benha University,EntireUnit,Male,194.4,2,1,2,8573.78,1,1,1,1,1,0
Alexandria University,Room,Male,177.8,1,1,1,11930.0,0,0,1,1,1,0
Zagazig University,Room,Female,149.2,1,1,2,8435.73,1,1,1,1,1,1
Tanta University,Room,Male,115.3,1,1,1,5103.94,1,0,1,1,1,1
Minia University,Bed,Female,55.1,2,1,2,1380.6,0,1,0,0,0,0
Tanta University,Room,Female,144.0,3,2,5,2633.89,0,1,1,0,1,0
Fayoum University,EntireUnit,Female,175.8,3,2,5,8015.22,1,0,1,1,1,1
Tanta University,EntireUnit,Female,164.4,1,1,2,7800.03,0,1,0,1,1,1
Tanta University,Bed,Male,97.7,3,2,4,1126.32,0,0,1,1,1,0
Ain Shams University,EntireUnit,Male,132.8,1,1,1,9413.53,1,1,1,1,0,1
Helwan University,Bed,Female,191.2,1,1,2,5000.03,1,1,0,1,1,1
Cairo University,EntireUnit,Male,114.4,1,1,1,7489.61,1,1,0,1,1,1
AUC,Bed,Male,88.9,3,1,3,3371.14,0,0,1,1,1,0
Helwan University,Bed,Male,191.3,2,1,2,4667.47,1,0,0,1,0,0
Helwan University,Room,Male,136.1,3,2,5,2767.57,1,1,1,0,1,0
Assiut University,EntireUnit,Male,93.7,3,1,3,3640.71,1,0,1,0,0,0
Minia University,EntireUnit,Female,199.1,2,1,2,8406.89,0,1,0,0,0,1
Fayoum University,Bed,Female,163.2,3,2,6,1175.42,1,1,1,1,0,1
Minia University,Room,Male,141.1,4,2,7,1127.01,0,0,0,0,0,0
Tanta University,Bed,Male,121.9,4,2,6,797.98,0,0,0,1,0,0
Assiut University,Room,Female,102.1,3,1,3,1413.89,1,0,0,0,0,0
Suez Canal University,Bed,Male,46.1,1,1,2,1342.82,0,1,0,0,1,0
GUC,Bed,Male,127.1,1,1,1,13336.08,0,0,0,1,1,0
Assiut University,Bed,Female,169.4,4,2,4,1606.83,1,0,1,0,1,1
Suez Canal University,EntireUnit,Male,96.9,1,1,2,5005.68,0,1,1,1,0,0
Helwan University,EntireUnit,Male,161.3,2,1,2,9607.96,1,1,1,1,1,1
Tanta University,EntireUnit,Male,137.1,1,1,1,7894.2,0,1,1,1,1,1
Assiut University,Bed,Male,28.6,1,1,1,1912.9,1,0,1,1,1,1
Fayoum University,Bed,Male,103.3,2,1,3,1248.78,0,0,0,0,1,0
GUC,Room,Female,156.3,4,2,7,4194.12,1,1,1,1,0,1
Benha University,Bed,Male,174.6,3,2,4,2120.05,1,1,1,0,1,1
Helwan University,EntireUnit,Female,95.9,2,1,3,6176.63,1,1,1,0,1,1
Assiut University,Bed,Male,81.7,1,1,1,3762.19,1,1,1,0,0,0
GUC,Bed,Female,168.4,1,1,2,7675.19,1,0,0,0,1,0
Tanta University,Room,Male,120.3,3,2,4,2331.65,1,1,1,1,1,0
Benha University,Room,Female,132.2,3,1,3,1896.25,1,0,0,0,0,1
Suez Canal University,Bed,Male,55.6,1,1,1,4005.4,1,1,1,1,1,1
Fayoum University,Room,Male,176.4,4,2,6,2089.23,0,1,0,1,1,1
Benha University,Bed,Male,153.5,2,1,3,2196.4,0,1,0,0,0,0
Cairo University,Room,Female,158.2,1,1,2,9261.57,0,0,0,0,0,0
Zagazig University,Bed,Female,82.1,1,1,2,1800.42,0,0,1,1,1,1
Mansoura University,Bed,Male,117.7,3,2,6,866.49,0,0,0,0,0,0
Mansoura University,EntireUnit,Female,165.0,3,2,6,6903.85,0,0,0,1,0,1
Benha University,Room,Male,171.6,3,2,5,2606.24,1,1,1,1,1,1
Mansoura University,Bed,Female,125.4,2,1,2,2975.07,1,0,0,0,1,0
GUC,Bed,Female,57.8,1,1,2,2839.33,0,0,0,0,0,0
Minia University,EntireUnit,Male,139.3,1,1,2,6016.86,1,1,1,1,1,0
Assiut University,Bed,Male,116.2,4,2,8,570.53,0,1,0,1,0,0
Tanta University,Bed,Female,172.1,4,2,6,1171.44,0,0,0,0,0,0
Benha University,Room,Female,162.5,4,2,7,1955.91,0,1,0,1,0,0
Minia University,Room,Female,119.4,4,2,5,1141.47,0,0,0,1,0,0
Fayoum University,Room,Male,125.6,4,2,8,1472.99,1,1,0,1,1,1
Ain Shams University,EntireUnit,Female,75.3,1,1,1,5061.77,0,1,0,0,0,0
Helwan University,Room,Female,197.8,3,2,4,2906.61,0,0,0,0,0,0
Ain Shams University,Bed,Female,158.0,2,2,4,2397.7,1,0,0,1,0,0
Ain Shams University,Bed,Male,155.6,4,2,7,1211.32,0,0,0,0,1,0
GUC,Room,Male,67.5,2,1,2,4369.86,1,1,1,1,1,1
Mansoura University,Room,Female,130.0,4,2,6,1499.04,0,0,1,1,1,0
Benha University,Bed,Female,67.9,1,1,2,2261.4,1,1,1,1,0,0
Assiut University,Room,Male,185.2,4,2,7,1860.88,1,0,1,0,1,0
Cairo University,Room,Male,141.7,4,2,5,2115.04,1,0,1,0,1,1
Zagazig University,Bed,Male,128.0,2,2,4,1315.52,0,0,0,0,1,0
Assiut University,EntireUnit,Male,107.6,4,2,4,4304.93,1,0,0,0,0,0
Zagazig University,EntireUnit,Female,114.3,1,1,2,5697.06,0,1,0,0,0,0
Zagazig University,Bed,Female,68.3,2,1,3,982.56,1,0,0,0,0,0
Benha University,Bed,Female,108.2,1,1,2,2714.55,0,1,0,0,0,0
Cairo University,Bed,Female,137.5,2,1,2,4163.36,0,0,0,0,0,0
Suez Canal University,Room,Male,166.5,4,2,8,2048.95,0,1,1,0,1,1
Assiut University,Bed,Male,135.6,1,1,1,7391.28,1,1,1,1,1,1
AUC,Room,Female,189.0,4,2,8,5315.85,0,0,0,0,0,0
Suez Canal University,Bed,Male,180.9,1,1,2,5047.6,1,1,1,1,1,1
Tanta University,Bed,Male,118.7,4,2,7,669.25,0,0,0,0,0,0
AUC,EntireUnit,Female,123.3,4,2,7,15325.45,1,1,1,1,1,0
Ain Shams University,EntireUnit,Male,56.3,1,1,2,4055.75,0,1,0,1,1,1
Zagazig University,Bed,Male,30.6,1,1,1,2501.18,1,1,1,1,0,0
Zagazig University,EntireUnit,Male,121.5,3,2,4,6685.3,1,1,1,1,1,1
AUC,Bed,Female,188.1,3,1,3,5840.75,0,0,0,0,0,0
Helwan University,Bed,Female,119.4,3,2,5,1500.51,1,1,1,1,1,1
Benha University,Bed,Male,128.5,3,2,6,1136.32,0,1,1,1,1,1
Tanta University,Bed,Male,197.4,1,1,2,4921.76,1,1,1,1,1,1
Alexandria University,Bed,Male,113.4,1,1,1,6782.99,0,0,0,0,0,0
GUC,Room,Female,113.9,4,2,6,2883.03,1,1,1,1,1,1
Alexandria University,EntireUnit,Female,176.4,4,2,8,12215.7,1,0,1,0,1,0
Fayoum University,Room,Male,190.4,4,2,8,2133.14,1,1,1,1,1,1
Suez Canal University,Room,Male,158.1,4,2,8,1833.34,1,0,1,1,0,1
Benha University,Room,Male,157.6,3,2,5,2974.8,1,1,1,1,1,1
Zagazig University,Bed,Male,182.6,4,2,8,873.63,0,0,1,0,0,0
Tanta University,Bed,Female,198.2,1,1,2,3994.27,0,1,0,0,0,1
AUC,Bed,Male,137.4,4,2,8,1730.64,0,0,0,1,0,0
AUC,Bed,Male,135.7,1,1,2,7751.88,1,1,0,0,0,1
Suez Canal University,Bed,Male,126.2,4,2,6,1085.79,1,1,1,1,1,1
Ain Shams University,EntireUnit,Female,86.2,1,1,1,5201.19,0,0,0,0,0,0
GUC,EntireUnit,Male,121.5,4,2,8,11603.51,0,1,1,1,0,1
Minia University,Bed,Male,137.0,2,2,4,1567.11,0,1,1,1,1,0
Zagazig University,Room,Male,188.9,1,1,2,10411.48,1,1,1,1,1,1
Tanta University,Bed,Male,173.3,2,2,4,1873.35,0,1,1,1,0,0
Suez Canal University,EntireUnit,Male,128.1,3,1,3,7364.95,1,1,1,1,1,1
Minia University,Room,Female,132.1,1,1,1,5852.34,1,0,1,0,1,1
GUC,EntireUnit,Male,90.6,1,1,2,10720.59,1,1,0,1,1,1
Zagazig University,Bed,Female,170.6,2,1,2,3917.77,0,0,1,0,0,1
Ain Shams University,Room,Male,162.1,4,2,7,2494.64,0,0,0,1,0,0
AUC,Room,Male,177.0,1,1,1,17937.13,1,0,1,0,1,1
Alexandria University,Room,Male,148.5,4,2,4,2237.59,1,0,0,0,1,0
Tanta University,Room,Female,183.4,4,2,8,1822.62,0,0,0,0,0,1
GUC,Bed,Male,146.0,4,2,5,3079.98,1,1,1,1,0,1
Zagazig University,Room,Female,103.0,4,2,6,1400.27,0,1,0,0,1,0
AUC,EntireUnit,Female,194.9,4,2,4,19915.54,1,0,0,1,0,1
GUC,Bed,Female,79.0,3,2,4,2175.17,1,1,0,1,0,0
Minia University,EntireUnit,Female,155.1,2,1,3,7856.01,1,1,1,1,1,0
Suez Canal University,EntireUnit,Female,102.1,2,1,2,5477.15,1,1,1,1,1,1
Tanta University,Bed,Male,139.0,1,1,1,6654.66,1,1,1,1,1,1
Minia University,Room,Male,198.7,3,2,4,2494.36,0,0,0,0,0,0
Cairo University,EntireUnit,Male,30.5,1,1,2,2751.69,1,0,1,0,1,1
Mansoura University,Bed,Female,156.4,2,1,2,3915.78,0,1,1,0,0,0
Assiut University,Room,Male,136.3,3,2,6,1566.93,0,0,0,0,0,0
Alexandria University,Room,Male,172.5,4,2,6,2860.89,1,0,0,0,0,1
GUC,Bed,Male,170.5,4,2,4,4132.81,1,1,1,1,1,1
Alexandria University,Bed,Male,93.4,2,2,4,1604.84,0,0,1,1,0,1
Helwan University,EntireUnit,Female,112.3,2,1,3,7039.1,0,1,1,1,1,0
Zagazig University,EntireUnit,Female,98.7,3,2,5,4864.32,1,0,0,1,0,1
Cairo University,Bed,Female,90.3,3,2,6,1128.94,0,1,0,0,0,0
Alexandria University,EntireUnit,Female,195.0,1,1,2,13634.4,1,1,1,1,1,1
Fayoum University,Bed,Male,129.4,2,1,3,2135.14,1,1,1,1,0,1
Cairo University,Room,Male,123.0,3,2,5,2667.02,0,1,0,0,0,0
Benha University,EntireUnit,Female,135.5,4,2,7,6474.96,1,1,1,1,1,0
Alexandria University,Bed,Female,114.5,3,1,3,2496.95,1,0,0,0,0,0
AUC,EntireUnit,Male,25.3,1,1,2,4407.84,1,1,1,1,1,1
Benha University,Room,Male,106.4,4,2,8,1340.49,0,0,1,1,0,1
Fayoum University,Room,Female,191.4,1,1,2,8651.76,0,1,1,1,1,1
Assiut University,Bed,Female,179.0,2,1,3,2323.42,0,1,0,0,0,0
Helwan University,Bed,Female,190.4,2,1,3,3545.73,1,1,1,1,1,1
Benha University,EntireUnit,Female,164.7,2,1,3,6297.3,0,0,0,0,0,0
Suez Canal University,Room,Male,88.3,3,2,4,1448.34,0,0,0,1,1,0
Mansoura University,EntireUnit,Male,195.2,2,2,4,8866.48,0,0,0,0,1,0
Zagazig University,Bed,Male,159.4,3,2,5,1684.53,0,1,1,1,1,1
Alexandria University,Bed,Male,52.2,2,1,3,927.18,0,0,0,0,0,0
Ain Shams University,Bed,Female,161.7,3,1,3,3497.64,0,1,1,1,0,0
Zagazig University,Bed,Male,117.5,4,2,7,870.56,0,1,1,1,1,0
Alexandria University,EntireUnit,Female,108.9,4,2,6,7719.03,1,1,1,1,1,1
Ain Shams University,Room,Female,157.1,3,2,6,3044.3,0,0,1,1,0,1
Assiut University,EntireUnit,Female,173.3,4,2,5,6916.36,1,1,1,1,0,0
Mansoura University,EntireUnit,Female,194.8,4,2,4,9962.6,1,1,1,1,1,1
Suez Canal University,Room,Male,158.1,2,1,2,3242.27,0,0,0,1,1,1
Minia University,Bed,Female,126.8,4,2,5,1072.88,0,0,1,1,0,1
Tanta University,Room,Female,53.7,1,1,2,2233.56,0,0,0,1,0,0
Mansoura University,EntireUnit,Female,51.4,2,2,4,4069.05,1,1,1,1,1,1
Tanta University,EntireUnit,Male,149.7,1,1,2,7164.65,0,1,1,0,1,0
Zagazig University,Bed,Female,190.3,2,1,2,3699.12,0,0,0,0,1,0
GUC,Room,Female,151.0,3,2,4,4552.48,1,1,0,1,0,1
Assiut University,Room,Male,83.1,3,2,5,1547.42,1,1,1,0,1,1
Cairo University,Room,Female,145.3,4,2,4,2407.44,0,0,0,0,1,0
Suez Canal University,Bed,Female,136.8,2,1,3,2525.31,0,1,1,1,1,1
AUC,Room,Female,121.3,1,1,2,14392.34,1,1,1,1,1,1
Cairo University,Room,Female,157.0,2,1,2,4621.23,0,0,0,0,0,0
Suez Canal University,EntireUnit,Female,134.9,4,2,4,6228.86,1,1,0,1,0,0
Assiut University,EntireUnit,Female,127.1,4,2,7,5159.17,0,0,0,0,0,1
Cairo University,EntireUnit,Male,157.1,4,2,4,10834.63,0,1,1,1,1,1
Fayoum University,Bed,Female,184.4,1,1,2,4147.01,1,1,1,1,1,1
GUC,EntireUnit,Male,88.0,3,2,6,9319.27,0,0,0,1,0,1
Assiut University,EntireUnit,Female,164.4,1,1,1,6967.4,1,0,0,1,1,1
GUC,Bed,Male,131.7,4,2,7,1829.31,0,0,1,1,0,0
Minia University,Bed,Female,142.4,3,1,3,2468.18,1,1,1,1,1,1
Suez Canal University,EntireUnit,Female,155.5,4,2,5,6824.6,0,1,1,0,1,1
Ain Shams University,Room,Male,115.5,4,2,8,1650.64,0,0,0,0,0,0
Cairo University,EntireUnit,Female,100.6,1,1,2,7081.61,1,0,1,1,1,1
AUC,Room,Male,170.4,4,2,8,4703.47,1,0,0,1,1,1
Zagazig University,Bed,Male,187.0,1,1,2,4575.76,1,1,0,1,1,1
Minia University,Room,Female,133.2,4,2,7,1659.93,0,1,1,1,0,0
GUC,Room,Male,180.7,1,1,1,15959.48,1,1,1,0,0,0
Zagazig University,EntireUnit,Male,179.3,2,1,2,8080.36,1,1,1,1,1,1
Ain Shams University,Bed,Female,136.0,1,1,1,9250.97,0,0,1,1,1,0
AUC,EntireUnit,Male,157.8,4,2,6,17737.4,0,0,0,1,0,0
Fayoum University,Room,Female,92.8,3,2,4,1339.63,1,0,1,1,1,1
AUC,Room,Female,158.1,2,2,4,7467.09,1,0,1,0,0,0
Benha University,Bed,Female,50.7,1,1,1,2253.24,0,0,1,0,0,0
Helwan University,EntireUnit,Female,82.6,3,2,4,3619.48,0,0,0,0,0,0
Zagazig University,Bed,Male,170.2,3,2,6,1317.32,0,0,0,0,1,0
GUC,Bed,Female,184.2,2,1,2,9739.35,1,1,1,1,0,1
Helwan University,Room,Female,143.1,2,1,3,4392.81,1,1,1,0,1,0
Assiut University,Bed,Female,189.3,4,2,8,947.77,0,0,1,0,0,0
Tanta University,EntireUnit,Female,130.7,4,2,5,6062.72,0,0,1,1,1,0
Cairo University,EntireUnit,Male,184.1,3,2,6,12320.49,0,1,0,0,0,0
Tanta University,EntireUnit,Female,54.0,2,2,4,1995.77,0,0,0,0,0,0
Fayoum University,EntireUnit,Female,191.2,1,1,1,7846.04,1,1,1,1,1,1
Cairo University,EntireUnit,Female,61.7,1,1,1,5164.91,0,1,0,0,1,0
Alexandria University,EntireUnit,Female,165.9,2,1,3,11234.96,0,1,0,1,1,1
Mansoura University,EntireUnit,Male,183.1,4,2,5,9167.26,0,0,0,1,0,1
Tanta University,EntireUnit,Female,173.2,1,1,2,7999.89,0,0,0,0,1,0
Alexandria University,EntireUnit,Male,100.6,1,1,2,5801.0,0,0,0,1,0,0
Tanta University,Bed,Male,100.7,3,2,6,810.9,0,1,0,0,1,1
Benha University,EntireUnit,Female,165.4,4,2,8,8753.88,1,1,1,0,1,1
Ain Shams University,Room,Male,155.5,3,2,5,3304.26,1,0,1,0,1,1
Ain Shams University,Bed,Female,186.7,4,2,6,1918.63,0,0,0,0,1,0
AUC,Room,Female,148.0,4,2,7,4294.72,1,1,1,0,1,1
Benha University,EntireUnit,Female,155.6,2,1,2,7030.81,0,0,0,1,0,0
Helwan University,EntireUnit,Female,112.4,4,2,5,6234.94,1,1,1,0,1,1
Suez Canal University,Bed,Male,62.4,1,1,1,2795.13,0,0,0,0,0,0
Ain Shams University,Bed,Male,95.1,3,2,6,876.25,0,0,0,0,1,1
Cairo University,Room,Male,152.1,1,1,1,9740.35,0,0,0,1,0,1
Suez Canal University,EntireUnit,Male,57.3,1,1,1,2578.3,1,0,0,0,0,0
Minia University,EntireUnit,Male,127.2,4,2,6,5476.65,0,1,0,1,1,0
Cairo University,EntireUnit,Male,178.4,2,2,4,10896.34,1,1,0,0,0,1
Mansoura University,Bed,Female,150.6,4,2,6,1148.27,0,0,1,0,1,1
GUC,Bed,Male,135.1,2,1,2,7086.24,1,0,0,1,0,1
Zagazig University,Bed,Male,165.0,4,2,7,951.5,1,0,0,0,0,0
Ain Shams University,Room,Male,124.8,1,1,2,7159.1,1,0,1,0,1,0
Tanta University,Room,Female,148.5,3,2,4,2085.53,1,1,0,0,0,1
Helwan University,EntireUnit,Female,154.2,3,2,6,7142.27,0,1,0,1,0,0
Ain Shams University,EntireUnit,Female,123.9,4,2,5,6748.74,0,0,0,0,0,0
AUC,EntireUnit,Male,148.5,4,2,8,14399.64,0,1,0,0,0,0
AUC,Room,Male,129.7,1,1,2,14831.0,0,0,0,0,0,1
Helwan University,Room,Male,132.6,3,2,5,2208.1,0,1,1,1,1,0
GUC,Room,Female,102.2,3,1,3,3422.04,1,1,1,0,0,0
Cairo University,EntireUnit,Female,194.8,2,1,2,14371.77,1,1,1,0,1,1
Fayoum University,EntireUnit,Male,96.6,1,1,1,5196.6,1,1,1,1,1,1
Suez Canal University,EntireUnit,Male,73.6,1,1,2,4634.9,1,1,0,1,1,1
Cairo University,Bed,Female,153.9,3,2,4,2271.97,0,0,0,0,0,0
Suez Canal University,Bed,Female,126.6,4,2,6,1267.44,1,1,1,1,1,1
Fayoum University,Room,Female,111.4,4,2,4,1003.22,1,0,0,0,0,0
AUC,Bed,Female,41.7,1,1,2,2151.16,0,0,0,0,0,0
Assiut University,Bed,Female,147.9,4,2,7,1021.56,0,1,1,1,1,1
Minia University,EntireUnit,Male,131.1,3,2,5,6269.75,1,1,1,1,1,1
AUC,Bed,Female,154.5,2,1,2,7940.0,1,0,0,1,1,1
Benha University,Room,Female,50.7,1,1,1,3980.15,1,1,1,1,1,1
Helwan University,Bed,Female,120.6,4,2,4,1423.47,0,0,0,0,0,1
AUC,Bed,Female,194.4,2,2,4,5153.28,0,0,0,0,0,0
Tanta University,Bed,Male,121.9,1,1,2,3468.7,1,1,1,1,1,1
Cairo University,EntireUnit,Male,111.9,3,2,5,6611.73,0,0,0,1,0,0
Ain Shams University,Room,Male,78.9,1,1,1,4659.57,1,0,1,0,0,1
Fayoum University,Room,Male,178.6,2,2,4,3761.72,0,1,0,1,1,1
Helwan University,Room,Female,98.6,1,1,2,6121.65,1,1,1,1,0,0
Cairo University,EntireUnit,Male,104.9,3,2,4,7022.24,0,0,0,0,0,0
Cairo University,Bed,Female,171.2,2,2,4,3144.18,1,1,1,1,1,1
Assiut University,EntireUnit,Female,194.8,4,2,4,8362.16,1,1,1,1,1,1
Minia University,EntireUnit,Female,164.5,3,2,6,7699.66,1,1,1,1,0,0
AUC,EntireUnit,Male,150.0,3,2,5,19067.12,1,1,1,1,1,1
Minia University,Bed,Male,146.1,4,2,4,1509.97,1,0,1,1,0,1
Mansoura University,EntireUnit,Female,189.5,2,1,2,8966.55,1,1,1,1,1,1
AUC,EntireUnit,Male,175.6,3,2,6,18452.67,0,0,0,0,0,0
Helwan University,Room,Female,171.9,2,1,3,4344.66,0,1,1,0,0,0
Tanta University,Bed,Female,180.3,4,2,4,1973.33,1,1,0,1,1,1
Minia University,Room,Female,176.5,3,2,4,2563.0,1,0,0,0,1,1
Alexandria University,EntireUnit,Female,199.9,2,1,2,12317.19,0,1,1,0,0,0
Helwan University,Bed,Female,141.8,4,2,8,822.68,0,0,0,1,0,0
Assiut University,Bed,Male,108.0,4,2,6,853.83,1,1,1,1,0,1
Alexandria University,EntireUnit,Female,85.7,2,1,2,4987.28,0,0,0,0,1,0
Tanta University,Room,Female,69.2,2,1,3,2170.58,0,1,1,1,1,1
Helwan University,Room,Female,192.2,2,1,2,4736.75,0,0,1,0,1,1
Fayoum University,Room,Female,186.0,3,1,3,2898.49,1,1,1,1,1,0
Zagazig University,Room,Male,75.5,1,1,2,3200.61,0,0,0,0,0,0
Benha University,EntireUnit,Male,98.3,2,1,2,5348.18,0,1,1,1,0,0
GUC,EntireUnit,Male,190.3,2,1,2,19571.28,1,1,1,1,1,1
Suez Canal University,Bed,Female,173.1,3,2,4,2074.53,0,1,0,0,0,0
Tanta University,Room,Male,82.2,1,1,2,5181.71,1,1,1,1,1,1
Zagazig University,Bed,Female,163.2,1,1,1,9080.55,1,1,1,1,1,1
AUC,Room,Male,170.8,3,1,3,6605.77,1,0,0,1,1,0
Assiut University,Room,Male,141.2,4,2,4,1338.87,1,0,0,0,1,0
Minia University,Bed,Female,94.0,3,2,4,1011.91,0,0,1,0,0,0
Alexandria University,EntireUnit,Male,171.0,3,2,6,10127.17,0,0,0,0,0,0
Ain Shams University,EntireUnit,Female,153.4,3,2,6,9379.24,1,0,0,0,0,0
Cairo University,EntireUnit,Female,160.4,1,1,1,11600.17,0,1,1,0,1,1
Alexandria University,Room,Female,52.1,2,1,3,2028.12,1,1,0,0,0,1
Assiut University,Bed,Male,90.4,3,2,4,842.25,0,0,0,0,0,0
Mansoura University,Bed,Male,171.8,1,1,2,3562.34,0,0,0,0,0,0
Zagazig University,Room,Male,78.4,3,2,5,1373.57,1,0,0,1,1,1
Assiut University,Room,Female,174.9,3,2,5,2108.72,1,0,0,1,1,1
AUC,EntireUnit,Male,181.7,2,2,4,18096.18,0,0,0,0,1,1
Suez Canal University,Room,Male,131.6,3,2,5,2037.61,0,0,1,0,1,1
Tanta University,Bed,Female,150.8,2,1,3,2433.23,1,1,1,1,1,1
Zagazig University,Room,Female,124.9,4,2,5,1371.22,0,1,0,0,0,0
Cairo University,Bed,Female,27.7,1,1,1,3690.63,1,1,1,1,1,1
Minia University,Room,Female,103.2,3,2,4,1719.68,1,1,1,1,1,1
Minia University,EntireUnit,Female,100.0,3,2,6,4258.74,0,0,0,0,1,0
Benha University,Room,Male,117.5,4,2,8,1539.69,0,1,1,0,1,0
Ain Shams University,EntireUnit,Male,150.4,2,1,2,9553.66,1,0,1,1,1,1
Helwan University,Bed,Male,105.5,1,1,1,5905.66,0,1,0,0,0,0
GUC,Bed,Female,156.3,3,2,6,2429.97,0,0,1,0,0,0
Ain Shams University,EntireUnit,Male,163.7,4,2,4,11288.88,1,0,1,1,1,1
Benha University,Room,Female,114.6,4,2,7,1299.97,1,1,0,1,0,1
Benha University,Room,Female,166.8,4,2,7,1821.4,0,0,0,0,0,0
Cairo University,Room,Male,199.9,3,2,4,4251.17,1,0,0,0,0,0
GUC,Bed,Male,187.9,3,2,5,3250.16,1,0,1,0,0,0
Cairo University,EntireUnit,Female,117.3,3,1,3,8459.84,0,1,0,0,0,0
Suez Canal University,Room,Female,48.5,1,1,2,2516.12,1,0,0,1,0,0
Fayoum University,EntireUnit,Male,148.3,1,1,1,7364.93,1,1,1,0,0,0
Minia University,EntireUnit,Female,65.7,1,1,2,2721.03,1,0,1,0,0,1
Minia University,Room,Female,186.7,2,1,3,4501.66,1,1,0,1,1,1
Mansoura University,EntireUnit,Female,99.6,2,1,3,5457.45,1,1,1,1,1,1
Benha University,Room,Male,69.9,1,1,2,3841.94,0,1,0,1,0,1
Minia University,Bed,Female,99.8,3,2,4,913.62,0,0,0,0,0,0
AUC,EntireUnit,Male,134.7,3,2,6,15534.73,1,0,1,0,1,0
Suez Canal University,Bed,Female,196.3,4,2,7,1539.93,1,1,1,1,1,1
AUC,Bed,Male,146.8,4,2,4,4317.01,0,1,0,0,0,0
Cairo University,EntireUnit,Male,198.6,4,2,6,11261.72,1,0,0,0,0,0
Ain Shams University,Bed,Male,82.6,1,1,2,2599.73,1,0,0,0,1,0
AUC,Room,Female,125.3,1,1,1,15163.85,1,1,0,0,1,1
Minia University,EntireUnit,Male,86.1,2,1,2,3181.67,0,0,0,0,1,0
Alexandria University,Bed,Female,128.5,1,1,1,8012.15,0,0,0,1,0,0
Suez Canal University,Room,Female,60.6,2,1,3,1124.03,0,0,0,0,0,0
Mansoura University,Bed,Female,87.2,3,2,6,859.78,0,1,1,1,1,1
Cairo University,Bed,Male,177.1,2,2,4,2923.36,0,0,0,0,1,0
Suez Canal University,Room,Female,144.7,2,1,2,2859.64,0,0,1,0,0,0
Alexandria University,Bed,Male,127.9,3,1,3,2348.12,0,0,0,1,0,0
Minia University,Room,Male,108.9,1,1,2,4489.9,0,0,0,1,0,0
Suez Canal University,Bed,Male,136.7,3,2,4,1700.83,1,0,1,1,1,0
GUC,EntireUnit,Male,155.6,2,1,3,17169.45,1,1,1,0,1,0
Suez Canal University,Room,Female,63.6,1,1,1,4571.7,1,1,1,1,1,1
Helwan University,Bed,Female,192.6,3,2,5,1832.87,1,1,1,1,1,1
Suez Canal University,Room,Female,127.9,3,2,5,2019.71,1,1,0,1,0,1
Minia University,Room,Male,37.8,1,1,2,2973.03,1,1,1,1,0,0
Minia University,Bed,Female,56.1,2,2,4,975.45,1,1,1,1,1,1
Benha University,Bed,Female,140.9,2,2,4,1546.6,0,1,0,0,1,1
Zagazig University,Bed,Male,173.5,1,1,2,4018.5,1,1,1,1,1,1
Minia University,Room,Female,188.4,3,2,4,2631.56,1,1,1,1,1,1
Tanta University,EntireUnit,Male,71.1,2,1,3,4592.55,1,1,1,0,1,1
Cairo University,EntireUnit,Male,161.0,2,1,2,9118.49,0,0,0,0,1,0
Mansoura University,EntireUnit,Male,166.8,4,2,4,8197.44,0,0,0,1,0,0
Mansoura University,Bed,Male,136.8,4,2,4,1929.7,1,0,1,1,1,1
Tanta University,EntireUnit,Female,115.6,3,1,3,4511.09,0,0,0,0,0,0
Zagazig University,EntireUnit,Male,84.3,2,2,4,3268.58,0,0,1,0,0,0
GUC,EntireUnit,Male,191.6,4,2,7,19740.47,0,0,0,0,0,0
Assiut University,Room,Male,186.3,2,1,3,3077.31,0,0,0,1,0,1
Helwan University,Room,Female,52.4,2,1,2,1620.82,1,1,0,0,0,0
Ain Shams University,EntireUnit,Female,189.9,4,2,8,11815.69,1,0,1,0,1,0
Assiut University,Room,Male,167.1,3,2,4,2104.12,1,0,0,0,1,0
GUC,EntireUnit,Female,144.2,3,2,4,12632.38,1,0,1,0,0,1
Minia University,Room,Female,164.5,3,2,4,2877.12,1,1,1,1,1,1
GUC,Room,Female,30.2,1,1,2,2927.97,1,0,0,0,0,0
Assiut University,Bed,Male,83.3,3,2,4,1188.93,1,1,1,0,0,0
Tanta University,EntireUnit,Male,62.5,2,1,2,3739.38,1,1,1,1,1,0
Minia University,Bed,Male,149.7,3,2,5,1274.93,1,1,1,1,1,1
Zagazig University,EntireUnit,Female,56.2,2,1,3,2273.7,0,0,0,0,0,0
Suez Canal University,EntireUnit,Male,122.3,4,2,7,4528.26,0,0,0,0,0,0
Minia University,EntireUnit,Female,107.1,1,1,1,4299.63,1,0,0,0,0,0
Alexandria University,EntireUnit,Female,137.1,1,1,2,10944.67,1,1,1,1,1,0
Helwan University,Bed,Female,133.0,3,1,3,2477.71,0,1,0,0,0,0
Assiut University,EntireUnit,Male,116.2,3,2,4,5403.08,0,1,0,1,1,1
Cairo University,EntireUnit,Female,166.4,3,2,4,9902.41,1,0,1,1,1,0
AUC,Room,Male,124.6,4,2,4,3172.53,1,0,0,0,0,0
Zagazig University,Bed,Female,76.2,3,2,4,1155.45,0,1,1,1,1,1
AUC,Bed,Female,175.6,3,2,6,3727.56,1,1,1,1,1,1
GUC,EntireUnit,Female,125.1,1,1,1,10457.51,1,0,0,0,0,0
Fayoum University,Room,Female,121.0,4,2,6,1430.54,0,1,1,1,0,0
Benha University,Bed,Male,116.8,2,2,4,1195.27,0,0,1,0,1,0
GUC,Room,Male,190.1,4,2,8,4754.13,0,1,1,1,1,1
Fayoum University,Room,Female,168.5,2,1,2,4156.04,1,1,1,1,1,0
Helwan University,Room,Female,149.5,4,2,8,1716.58,0,0,1,0,0,1
Tanta University,Bed,Female,168.4,4,2,7,914.1,0,0,0,1,1,1
Cairo University,Room,Male,122.5,4,2,4,2258.35,1,0,1,1,1,0
Tanta University,EntireUnit,Male,158.4,2,1,3,6762.02,0,0,0,0,0,0
AUC,Bed,Female,193.3,4,2,7,2790.58,1,1,1,0,1,1
Cairo University,Bed,Female,87.5,2,2,4,1577.42,1,1,1,0,1,1
Tanta University,Bed,Female,158.4,2,1,2,3211.94,1,0,0,0,1,0
Fayoum University,Bed,Male,141.3,4,2,7,845.06,1,1,1,0,1,0
Fayoum University,Bed,Male,126.1,2,1,3,1645.73,0,0,1,0,0,1
Helwan University,Room,Male,197.0,4,2,7,1962.21,0,0,0,0,0,1
Minia University,Room,Female,53.0,1,1,2,2705.19,1,0,1,0,1,1
Mansoura University,Room,Female,121.0,4,2,6,1554.9,1,1,1,0,1,1
Ain Shams University,Room,Male,132.4,3,1,3,2918.72,1,1,1,0,1,1
Cairo University,EntireUnit,Female,150.6,4,2,5,10969.74,0,1,1,1,1,1
Suez Canal University,Bed,Male,110.3,3,2,5,1174.69,0,1,1,1,0,0
Benha University,Bed,Male,122.8,3,2,4,1116.81,0,0,0,0,0,0
GUC,Bed,Male,117.9,3,1,3,4268.23,0,1,1,0,0,1
AUC,Bed,Male,119.7,4,2,7,1584.89,0,0,0,0,0,0
Cairo University,Room,Female,137.6,4,2,6,2012.48,0,0,0,0,0,0
GUC,EntireUnit,Female,156.4,3,1,3,14807.17,1,0,0,0,0,0
Zagazig University,Bed,Male,65.9,1,1,1,3878.59,0,1,0,0,1,1
Suez Canal University,Bed,Male,111.5,3,2,6,657.97,0,0,0,0,0,0
Alexandria University,Bed,Male,142.4,3,1,3,3179.13,0,0,0,0,0,0
AUC,Bed,Male,149.6,1,1,2,7985.39,1,1,1,1,1,1
AUC,EntireUnit,Female,127.1,1,1,1,14112.49,0,1,0,1,0,1
Tanta University,Bed,Female,143.5,2,1,3,2173.14,1,1,1,1,0,1
Mansoura University,Bed,Male,71.8,1,1,2,1669.29,0,0,1,0,1,0
Benha University,Bed,Male,191.0,3,2,5,1366.58,0,0,0,0,0,1
AUC,Bed,Female,112.2,2,1,2,6494.2,0,0,0,0,1,1
Zagazig University,Room,Male,161.8,3,1,3,2339.42,0,0,0,1,0,0
Minia University,Bed,Male,124.0,4,2,5,1015.93,0,0,0,0,0,1
Helwan University,EntireUnit,Female,146.3,4,2,6,6702.62,0,0,0,0,0,0
Tanta University,Room,Female,143.5,3,2,6,2007.4,0,0,0,0,0,0
GUC,EntireUnit,Male,136.5,4,2,6,15119.0,1,1,1,0,1,0
Alexandria University,Room,Female,179.9,2,1,2,6455.89,1,1,1,1,1,1
Fayoum University,Bed,Male,117.6,4,2,7,643.66,0,0,0,0,0,0
Benha University,EntireUnit,Female,89.2,3,2,6,4827.85,1,1,1,1,1,1
Fayoum University,Room,Female,161.7,1,1,1,6257.3,1,0,1,1,0,1
Mansoura University,Room,Female,79.2,1,1,1,5624.34,0,1,1,1,1,1
Tanta University,Room,Female,94.0,2,1,3,2574.62,1,1,1,0,1,0
Mansoura University,Bed,Male,122.5,4,2,5,1300.86,1,0,1,0,0,0
AUC,EntireUnit,Female,90.7,2,2,4,9352.36,1,0,1,1,1,0
AUC,Room,Female,164.5,4,2,5,4878.39,0,1,0,0,1,1
Zagazig University,Room,Male,54.6,2,1,2,1218.37,0,0,0,0,0,1
Mansoura University,EntireUnit,Male,139.9,3,2,5,7247.64,0,1,0,0,1,0
GUC,Bed,Male,75.7,3,2,4,1741.82,0,0,0,1,0,1
Benha University,Bed,Male,174.3,2,1,3,2864.28,0,1,1,1,1,1
AUC,Room,Female,68.5,2,1,2,3799.5,0,1,0,0,0,0
Benha University,Room,Male,126.0,4,2,5,1825.51,1,1,1,0,1,1
Helwan University,Bed,Female,162.9,4,2,8,1095.36,1,1,1,1,1,1
Alexandria University,EntireUnit,Female,179.8,4,2,5,11211.84,0,0,0,0,0,1
Ain Shams University,Bed,Male,146.4,4,2,7,1112.49,1,0,0,1,0,0
Fayoum University,Room,Female,176.0,2,1,2,2845.44,0,0,0,0,0,0
Assiut University,EntireUnit,Male,182.8,3,1,3,6981.26,1,0,1,1,0,0
Zagazig University,EntireUnit,Female,130.3,3,2,4,6493.87,1,1,0,1,0,1
Helwan University,Room,Male,186.5,2,1,2,4252.48,0,1,1,0,0,0
GUC,EntireUnit,Female,119.8,3,1,3,10937.78,1,0,1,0,0,1
Zagazig University,Bed,Female,151.5,4,2,5,1556.56,1,1,0,0,0,0
Helwan University,EntireUnit,Male,184.3,2,1,3,8193.38,0,0,1,0,0,0
Alexandria University,Bed,Female,129.0,1,1,2,4208.39,1,0,0,1,0,0
Suez Canal University,EntireUnit,Female,109.4,3,2,4,4568.72,0,0,0,0,1,0
Benha University,EntireUnit,Female,144.4,3,1,3,6377.32,1,0,0,0,0,0
Benha University,EntireUnit,Male,145.4,4,2,6,7522.63,1,1,0,0,0,0
Fayoum University,Room,Female,135.6,3,2,4,1955.09,0,1,1,1,0,1
Helwan University,Bed,Male,138.7,3,1,3,2176.25,0,0,0,0,0,1
GUC,EntireUnit,Male,26.5,1,1,1,4264.21,0,1,1,0,1,1
Minia University,Room,Female,85.4,3,2,5,1558.76,1,1,1,1,1,1
Alexandria University,Room,Male,37.8,1,1,2,2288.26,0,0,0,1,0,1
Tanta University,Room,Female,155.5,2,1,3,3158.09,0,0,0,1,0,0
Benha University,Bed,Male,198.5,2,1,2,4484.71,0,1,0,0,0,1
Ain Shams University,Bed,Female,197.7,4,2,5,2312.83,1,1,1,1,1,1
Helwan University,Room,Female,138.3,4,2,5,1914.57,1,1,1,1,1,1
Tanta University,EntireUnit,Female,92.6,1,1,1,4078.55,0,0,0,0,1,0
Ain Shams University,Bed,Female,57.7,2,2,4,1220.32,0,1,1,1,1,1
Assiut University,Room,Female,130.8,2,2,4,2365.6,0,0,0,0,0,1
Ain Shams University,EntireUnit,Male,152.0,3,2,4,7635.52,0,0,0,0,0,0
GUC,EntireUnit,Male,174.6,4,2,8,16710.6,1,1,1,1,1,1
Ain Shams University,Bed,Female,192.6,4,2,8,1310.19,0,1,0,0,0,0
Suez Canal University,Room,Female,146.6,4,2,7,1636.53,1,1,0,1,0,0
GUC,EntireUnit,Female,133.1,4,2,5,12819.78,0,1,1,1,1,0
GUC,EntireUnit,Female,77.3,2,1,2,8927.89,1,1,0,1,1,1
GUC,Room,Male,162.6,1,1,2,13702.27,1,0,0,0,1,0
Tanta University,Bed,Female,132.5,3,2,6,1154.25,0,1,1,0,1,0
Alexandria University,EntireUnit,Female,173.0,4,2,4,12747.23,1,1,1,0,1,1
Minia University,Bed,Female,133.5,2,2,4,1395.15,0,0,1,1,1,0
AUC,Room,Male,89.0,2,1,3,5539.46,0,1,0,1,1,1
GUC,Room,Female,34.1,1,1,2,4207.19,1,0,1,1,1,0
GUC,Bed,Female,42.7,1,1,2,2559.26,0,1,0,1,0,1
Cairo University,Bed,Female,93.8,1,1,2,3779.55,1,1,1,1,1,1
Minia University,Bed,Male,96.5,1,1,1,5208.02,0,1,1,0,1,0
Benha University,EntireUnit,Male,139.4,3,2,6,6113.86,0,0,1,1,0,0
Fayoum University,Bed,Female,171.2,3,2,4,1492.36,0,0,1,1,0,0
AUC,Room,Male,193.3,3,2,6,7258.68,0,0,0,0,1,0
Helwan University,Room,Male,83.6,1,1,2,4784.51,0,1,0,1,0,1
Suez Canal University,Room,Female,155.5,2,1,3,3912.51,0,1,1,0,1,1
Mansoura University,EntireUnit,Male,196.0,2,2,4,8861.04,0,0,0,0,1,0
Helwan University,EntireUnit,Male,98.0,3,2,5,4533.54,0,0,0,1,1,1
Tanta University,EntireUnit,Male,133.4,3,1,3,7629.9,1,1,0,1,1,1
Fayoum University,EntireUnit,Male,126.6,2,1,2,4999.07,0,1,0,0,0,0
Minia University,EntireUnit,Female,120.0,2,1,2,6176.33,1,1,1,1,1,1
Ain Shams University,Bed,Male,168.5,4,2,4,2484.03,0,0,0,0,0,0
Helwan University,Bed,Male,162.6,3,2,6,1387.47,0,1,0,1,0,0
GUC,Bed,Female,162.0,2,1,3,5327.55,1,1,1,1,0,1
Zagazig University,EntireUnit,Male,120.4,4,2,6,5315.41,0,0,1,0,0,1
Zagazig University,Bed,Female,29.4,1,1,1,2556.62,1,1,0,1,1,0
Assiut University,Bed,Male,115.6,1,1,2,2956.7,1,1,1,0,0,0
Assiut University,Room,Female,139.8,3,2,5,1798.49,1,0,0,0,0,0
GUC,EntireUnit,Male,69.9,1,1,2,9104.66,1,1,1,1,1,1
Ain Shams University,Bed,Male,140.9,2,1,3,2991.7,0,1,0,0,0,0
Tanta University,Room,Male,77.9,1,1,1,3456.21,0,0,0,0,0,0
Benha University,Bed,Male,119.6,1,1,1,5670.05,0,0,0,1,1,1
Zagazig University,Room,Female,180.4,2,1,2,4691.14,1,1,1,1,1,1
Assiut University,EntireUnit,Female,177.4,4,2,5,7427.45,1,0,1,1,1,0
Mansoura University,Bed,Male,143.5,2,1,3,2606.84,1,0,1,1,1,0
Fayoum University,EntireUnit,Male,122.4,3,2,5,5981.77,0,1,0,0,1,1
Mansoura University,Room,Female,167.8,3,2,6,3137.66,1,1,1,1,1,1
Mansoura University,EntireUnit,Male,151.5,3,2,4,8345.87,0,1,0,0,0,0
Ain Shams University,Room,Female,159.0,4,2,5,2396.85,1,1,0,1,1,1
Cairo University,EntireUnit,Female,86.9,3,1,3,6279.72,0,1,1,1,0,1
Helwan University,Bed,Female,152.6,3,2,6,1206.64,0,0,1,0,0,0
Minia University,Room,Male,171.8,2,1,3,3191.64,1,0,1,1,1,1
Minia University,EntireUnit,Male,150.7,4,2,5,7233.48,1,1,1,1,1,1
Benha University,Bed,Male,196.8,4,2,5,1883.42,1,1,1,1,1,0
Fayoum University,Room,Female,117.2,3,2,6,1605.05,0,1,0,1,1,0
Mansoura University,Room,Male,88.8,2,2,4,2683.67,1,1,1,1,1,1
Zagazig University,EntireUnit,Female,63.9,1,1,2,3133.75,0,1,0,1,0,0
Cairo University,EntireUnit,Male,77.6,1,1,2,6830.3,1,1,0,1,1,1
Mansoura University,EntireUnit,Female,167.8,1,1,1,7697.7,0,0,0,0,0,0
Fayoum University,Bed,Male,76.4,1,1,1,3085.71,0,0,1,1,0,1
Fayoum University,Room,Female,197.3,1,1,2,7369.72,0,0,0,0,1,0
Minia University,EntireUnit,Female,115.7,4,2,5,5778.71,1,0,1,1,1,1
Cairo University,Room,Male,75.6,1,1,2,6058.14,0,1,0,1,1,1
Minia University,EntireUnit,Female,173.3,2,2,4,7740.6,1,1,0,0,1,0
Suez Canal University,Bed,Female,194.9,4,2,8,944.47,0,0,0,1,1,1
Helwan University,Room,Female,195.3,4,2,8,2531.84,0,0,1,1,0,1
Assiut University,EntireUnit,Female,180.7,1,1,2,7144.25,0,1,1,1,1,0
Minia University,Bed,Male,152.8,3,1,3,1832.33,0,0,0,0,0,0
Benha University,Bed,Male,184.2,4,2,8,982.14,1,0,1,1,0,1
Suez Canal University,Bed,Male,105.6,3,2,4,1531.07,1,1,1,1,0,1
Suez Canal University,Bed,Male,97.0,3,2,6,820.98,1,1,1,1,0,1
Fayoum University,EntireUnit,Female,190.9,2,2,4,8276.15,1,0,0,1,1,0
Mansoura University,Room,Male,199.6,2,2,4,4550.99,0,0,1,1,0,0
Benha University,Room,Female,140.1,3,2,4,1773.99,0,0,0,0,0,0
Benha University,EntireUnit,Female,88.1,1,1,2,3565.92,0,0,1,0,0,0
Helwan University,EntireUnit,Female,122.5,2,1,3,6343.91,1,1,1,0,0,1
Zagazig University,Room,Male,105.0,4,2,7,1264.65,1,1,0,0,0,1
Minia University,EntireUnit,Female,197.6,4,2,5,8038.0,0,0,1,1,0,1
Assiut University,Bed,Female,129.0,2,2,4,1327.7,1,0,0,1,1,1
Fayoum University,Room,Male,178.7,4,2,4,1798.8,0,0,0,0,0,0
Fayoum University,EntireUnit,Male,75.4,1,1,2,2861.37,1,0,0,0,1,0
Ain Shams University,Room,Male,166.2,2,2,4,5055.87,0,1,1,0,1,1
Alexandria University,EntireUnit,Female,114.9,3,2,4,8505.24,1,1,1,1,1,1
Ain Shams University,EntireUnit,Female,153.5,4,2,6,10336.53,1,1,1,1,1,1
Fayoum University,Bed,Female,77.6,2,1,2,2346.92,1,1,1,1,0,1
Zagazig University,EntireUnit,Male,112.4,4,2,6,4455.69,1,0,0,0,1,0
Minia University,EntireUnit,Male,51.5,2,2,4,3438.38,0,1,1,1,0,1
Zagazig University,Room,Male,116.2,3,1,3,1824.32,0,1,1,0,1,0
AUC,EntireUnit,Male,53.1,2,1,3,5149.15,0,0,0,0,0,0
Benha University,Room,Female,186.8,3,2,5,2820.63,1,1,1,0,1,1
Fayoum University,Room,Female,187.8,4,2,5,2060.19,0,1,1,1,0,0
AUC,Bed,Female,135.0,4,2,4,3536.61,0,1,1,0,1,0
Fayoum University,EntireUnit,Male,144.9,3,2,5,5757.13,0,0,1,0,0,0
Suez Canal University,Bed,Male,95.8,3,2,6,846.48,1,0,1,1,1,0
GUC,Room,Male,103.9,3,2,6,3543.44,1,0,0,0,0,0
Suez Canal University,Bed,Female,104.5,1,1,2,3348.01,1,1,1,1,1,1
Suez Canal University,EntireUnit,Male,163.7,1,1,2,6186.0,0,0,0,0,0,0
Cairo University,Bed,Female,145.9,1,1,2,4858.68,0,1,0,0,0,0
Assiut University,EntireUnit,Male,190.2,2,1,3,6799.63,0,0,0,1,1,0
Assiut University,EntireUnit,Female,112.0,4,2,8,6292.11,1,1,1,1,1,0
Assiut University,Room,Male,185.4,3,1,3,2541.51,1,0,1,0,1,0
Helwan University,Room,Female,127.1,3,2,6,2144.45,1,1,0,0,1,1
Fayoum University,Bed,Female,170.7,3,2,6,1139.24,0,0,0,0,0,0
Assiut University,Room,Male,120.2,4,2,8,1134.59,1,0,0,0,1,1
GUC,Room,Female,100.0,1,1,2,11123.99,1,0,1,0,1,0
Zagazig University,EntireUnit,Male,195.3,4,2,6,8207.08,0,1,1,0,0,1
Ain Shams University,Room,Female,108.1,1,1,2,5707.88,1,0,0,0,0,0
Benha University,Bed,Female,122.8,3,1,3,1755.02,0,0,1,1,1,0
Zagazig University,EntireUnit,Female,155.4,2,2,4,6855.75,0,0,1,0,0,0
Zagazig University,Room,Female,113.6,3,2,5,2163.49,1,1,1,1,1,1
Ain Shams University,Bed,Male,82.5,3,2,5,933.59,0,0,0,0,0,0
Tanta University,Bed,Male,143.4,1,1,2,3200.25,0,0,1,0,1,0
GUC,Room,Male,105.7,2,1,2,5061.35,1,0,1,0,1,1
Fayoum University,Bed,Male,110.1,4,2,5,991.99,1,0,1,0,0,1
Ain Shams University,EntireUnit,Female,172.7,2,1,2,9579.37,0,0,0,0,0,0
Assiut University,Bed,Female,145.0,3,2,6,974.25,0,0,0,0,0,0
Suez Canal University,Room,Male,157.6,4,2,4,1532.38,1,0,1,1,0,0
Ain Shams University,EntireUnit,Male,63.4,2,1,2,4440.59,0,0,1,0,1,0
Ain Shams University,EntireUnit,Female,123.5,1,1,2,7058.93,1,0,0,1,1,0
GUC,Bed,Male,28.9,1,1,2,1495.28,1,0,0,0,0,0
Zagazig University,EntireUnit,Female,189.9,2,1,2,9495.35,1,0,1,1,1,0
Fayoum University,Bed,Female,159.6,3,1,3,2284.68,0,0,1,1,1,0
Helwan University,EntireUnit,Female,113.6,3,1,3,5233.74,0,0,0,0,0,0
Tanta University,Bed,Male,58.3,2,1,3,1151.81,1,1,0,1,0,1
Zagazig University,EntireUnit,Male,165.4,1,1,1,8435.01,1,0,1,1,1,1
Cairo University,EntireUnit,Male,122.1,3,2,5,6494.75,0,0,0,0,0,0
Assiut University,EntireUnit,Female,113.6,2,2,4,5450.4,1,1,1,1,1,1
Helwan University,Room,Male,174.3,1,1,1,7063.13,0,0,0,0,0,1
Fayoum University,Room,Female,197.2,4,2,7,1657.53,0,0,0,0,0,0
Ain Shams University,Bed,Female,151.3,2,1,3,2620.04,0,0,0,0,0,1
Cairo University,Room,Male,80.6,1,1,2,5359.15,1,1,0,0,0,0
Benha University,Bed,Male,52.8,1,1,1,3786.26,1,1,1,0,1,0
Mansoura University,Room,Female,107.1,1,1,2,4843.75,0,0,0,0,0,0
Mansoura University,Room,Male,107.4,1,1,2,5236.92,0,0,0,1,0,1
Helwan University,Bed,Male,170.9,2,1,2,4436.4,1,1,0,1,1,0
Alexandria University,Bed,Female,71.2,2,2,4,1341.16,0,1,0,0,0,0
Suez Canal University,Room,Male,120.2,1,1,1,4973.85,0,0,0,1,1,0
GUC,Bed,Male,179.1,4,2,6,2780.41,1,1,1,1,0,0
Ain Shams University,Room,Male,178.8,1,1,2,11811.47,0,1,1,0,0,0
Benha University,Room,Male,164.3,3,1,3,2364.89,1,0,0,0,0,0
GUC,EntireUnit,Female,65.0,1,1,1,8149.12,1,1,1,1,1,1
Tanta University,EntireUnit,Male,58.1,2,1,2,4075.83,0,1,1,1,0,1
Benha University,Bed,Female,172.1,3,1,3,2471.5,1,0,0,1,1,1
Fayoum University,Bed,Female,96.3,2,1,3,1405.72,1,1,1,0,0,0
Benha University,EntireUnit,Female,116.2,2,2,4,5808.56,1,1,1,1,1,1
Ain Shams University,Room,Male,194.8,4,2,5,2822.38,1,1,1,1,1,1
Benha University,Bed,Male,157.0,1,1,1,6912.96,0,0,1,1,1,1
Suez Canal University,EntireUnit,Female,124.9,4,2,5,6210.99,0,1,1,1,1,1
Assiut University,Room,Female,185.8,3,1,3,2529.23,0,1,0,0,0,1
Cairo University,Room,Male,165.2,2,1,2,4704.04,0,0,1,0,0,0
Zagazig University,EntireUnit,Female,179.6,4,2,7,7560.13,0,0,0,0,0,0
Tanta University,Room,Female,138.3,4,2,5,1318.27,0,0,0,0,0,0
Helwan University,Bed,Male,100.3,3,2,5,1121.46,1,1,1,1,1,1
Fayoum University,Bed,Female,184.0,2,1,3,2692.58,1,1,1,1,1,1
Benha University,EntireUnit,Female,142.7,3,1,3,8360.73,1,1,1,1,1,1
Mansoura University,Room,Female,139.3,4,2,5,1814.63,1,1,0,0,1,1
Mansoura University,Room,Male,166.7,1,1,1,9218.98,0,1,1,1,1,1
Suez Canal University,Bed,Male,181.8,3,2,5,1788.44,0,1,0,0,1,1
Cairo University,Bed,Female,125.0,4,2,4,1813.1,0,0,0,0,0,1
Tanta University,Bed,Female,124.9,3,2,4,1680.27,1,1,1,1,1,1
Cairo University,EntireUnit,Male,146.5,4,2,8,10400.88,0,0,1,1,0,1
Alexandria University,EntireUnit,Male,49.5,1,1,2,4488.84,1,1,1,1,1,1
Tanta University,EntireUnit,Male,41.3,1,1,1,2945.13,1,1,1,1,0,1
AUC,EntireUnit,Male,134.2,3,2,6,13944.03,0,1,0,0,0,0
Zagazig University,EntireUnit,Male,113.1,2,1,3,5890.84,0,1,1,1,0,1
Tanta University,Bed,Male,179.5,4,2,6,1293.66,1,0,0,0,0,0
GUC,EntireUnit,Male,122.4,2,1,3,12924.87,1,0,0,1,0,1
Tanta University,Room,Female,113.4,4,2,4,1193.85,0,0,0,0,0,0
AUC,Bed,Male,168.1,3,1,3,6270.69,0,0,1,1,0,0
Mansoura University,Room,Female,181.6,4,2,6,2473.23,1,0,1,0,1,1
GUC,Room,Female,29.7,1,1,1,4050.29,1,1,0,1,0,0
Mansoura University,Room,Female,116.8,1,1,1,6181.75,1,0,0,0,1,0
Cairo University,Room,Female,82.0,2,2,4,2462.27,1,0,1,0,0,0
Assiut University,Bed,Male,148.2,4,2,8,870.5,1,0,1,1,1,1
Ain Shams University,EntireUnit,Female,141.7,4,2,7,8831.2,0,1,1,1,1,0
Fayoum University,Room,Female,78.8,1,1,2,2708.71,0,0,0,1,0,0
Ain Shams University,Room,Female,53.8,1,1,1,5259.64,1,1,1,1,1,1
AUC,Room,Male,55.9,1,1,1,7438.32,0,1,1,1,0,1
AUC,Room,Female,116.9,4,2,8,3468.91,1,1,0,1,1,1
Alexandria University,Room,Male,189.3,3,2,5,4283.48,0,0,1,1,0,0
Alexandria University,Room,Female,154.1,2,2,4,4436.2,0,0,0,0,0,0
AUC,Bed,Female,60.6,2,2,4,1695.31,0,0,0,0,0,0
Assiut University,Room,Female,27.0,1,1,2,2355.37,0,1,1,1,1,0
Tanta University,Room,Female,99.9,3,2,5,1560.65,1,0,1,1,1,1
Ain Shams University,Bed,Female,123.6,4,2,4,1867.04,0,0,0,1,0,1
AUC,Bed,Male,132.1,3,2,5,2831.84,0,0,1,0,0,0
Alexandria University,EntireUnit,Female,166.6,4,2,4,10605.56,1,0,1,1,1,0
Mansoura University,Room,Female,190.4,2,1,3,4180.57,1,0,1,1,1,1
GUC,Room,Female,168.2,3,2,6,5177.53,1,1,1,0,1,1
Cairo University,Room,Female,102.6,4,2,6,1576.8,0,0,0,0,0,0
Suez Canal University,EntireUnit,Female,54.4,2,2,4,3647.54,0,1,0,0,1,1
AUC,Room,Female,95.1,3,2,4,4042.96,0,1,0,1,1,0
Helwan University,EntireUnit,Female,99.8,3,1,3,6282.31,1,1,1,0,1,1
Assiut University,Room,Female,114.7,3,1,3,1979.03,1,1,0,1,1,1
AUC,Room,Male,178.8,3,2,6,6281.81,0,0,1,0,0,0
AUC,EntireUnit,Male,183.5,4,2,8,21115.82,1,1,1,0,1,1
Assiut University,Room,Female,101.4,4,2,5,890.39,0,0,0,0,0,0
Minia University,EntireUnit,Female,177.0,1,1,2,8658.9,1,1,1,1,1,1
Tanta University,Bed,Male,91.1,3,2,4,1077.23,0,0,0,0,1,0
Mansoura University,EntireUnit,Male,182.2,4,2,6,8916.23,0,0,0,0,0,0
Alexandria University,EntireUnit,Male,188.3,3,2,5,13820.11,1,1,1,1,1,1
Ain Shams University,Room,Male,154.6,1,1,2,8141.68,0,0,1,0,0,0
Cairo University,Bed,Female,199.9,2,2,4,3165.39,0,0,1,1,1,0
Alexandria University,EntireUnit,Male,198.3,2,2,4,14229.42,1,1,0,0,1,0
GUC,Room,Female,133.8,1,1,1,13512.56,1,0,0,0,1,0
Minia University,Bed,Male,152.8,1,1,1,8171.0,1,1,1,1,1,1
Mansoura University,Bed,Male,197.0,1,1,1,8851.83,0,0,1,0,0,1
Benha University,Bed,Male,149.3,1,1,1,6177.31,0,0,0,0,0,0
Suez Canal University,Room,Female,52.2,2,1,3,1258.99,0,0,1,0,0,0
Zagazig University,Bed,Female,70.8,2,2,4,1144.87,1,1,1,1,0,1
Fayoum University,EntireUnit,Female,156.3,1,1,2,5608.87,1,0,0,0,0,1
Minia University,EntireUnit,Male,149.2,3,2,4,7964.59,1,1,1,1,1,1
Cairo University,Bed,Female,183.4,1,1,2,5480.4,0,0,0,1,0,1
Tanta University,Room,Male,123.9,3,1,3,2231.0,1,1,1,1,0,1
Fayoum University,EntireUnit,Male,97.1,2,1,3,4112.41,1,0,1,1,0,1
Zagazig University,Bed,Female,131.3,4,2,7,1044.05,1,1,1,1,1,0
Mansoura University,Bed,Male,52.6,2,1,3,976.77,0,0,1,1,1,1
Minia University,Room,Male,111.5,4,2,5,1257.76,0,1,1,0,1,1
Alexandria University,Room,Female,142.6,4,2,7,2660.24,1,1,1,0,1,1
Assiut University,Room,Male,135.0,4,2,5,1706.73,1,1,1,1,1,1
Cairo University,Bed,Male,155.0,2,2,4,2695.12,1,0,1,0,0,1
Zagazig University,EntireUnit,Female,188.9,2,2,4,9437.7,1,1,1,1,1,1
AUC,Room,Female,178.4,3,2,5,6991.19,0,0,0,0,1,0
Tanta University,Bed,Female,151.6,1,1,2,3600.77,1,1,1,0,1,1
Tanta University,EntireUnit,Male,119.3,3,2,6,5974.46,1,0,1,1,0,1
Fayoum University,Room,Female,115.8,4,2,6,1195.04,1,0,0,1,1,1
Zagazig University,Bed,Male,126.6,4,2,6,1138.07,0,1,1,1,0,1
GUC,Room,Male,41.8,1,1,2,4261.94,0,1,0,0,0,1
Mansoura University,EntireUnit,Male,161.3,2,1,3,8199.63,1,1,0,1,0,1
Mansoura University,Bed,Male,98.1,2,1,2,3166.62,1,1,1,1,1,1
Ain Shams University,EntireUnit,Male,173.8,3,2,6,10182.83,1,1,1,1,0,1
Ain Shams University,Bed,Male,195.2,4,2,7,1665.49,1,1,0,1,1,1
Zagazig University,EntireUnit,Male,55.3,2,1,2,3455.41,0,1,1,0,1,1
Tanta University,EntireUnit,Male,43.4,1,1,1,3231.37,1,1,1,1,1,1
GUC,Bed,Female,189.9,3,2,5,4275.36,1,1,1,1,1,1
Suez Canal University,Room,Female,124.8,4,2,7,1429.75,1,1,0,0,0,0
Zagazig University,Bed,Male,148.6,4,2,6,1283.31,1,1,1,1,1,1
Mansoura University,Bed,Male,152.4,4,2,4,1922.7,1,1,1,0,1,1
Mansoura University,Room,Male,189.0,1,1,2,9795.2,1,1,1,1,1,1
Assiut University,Bed,Female,184.8,3,2,6,1367.27,0,0,1,1,1,0
AUC,Bed,Female,52.8,1,1,2,4018.84,1,1,1,1,1,0
Ain Shams University,Room,Male,131.8,2,2,4,4169.43,1,1,0,1,1,0
Zagazig University,Bed,Male,91.5,1,1,1,4308.9,1,0,1,1,1,1
Ain Shams University,Bed,Female,103.3,1,1,1,7155.75,1,1,0,1,1,1
Helwan University,Room,Female,83.8,3,2,6,1351.52,0,0,0,0,0,0
Zagazig University,EntireUnit,Female,63.2,1,1,1,2779.56,1,0,0,1,0,0
Zagazig University,EntireUnit,Female,139.7,1,1,2,6995.84,1,1,0,1,0,1
Fayoum University,Room,Male,161.7,4,2,8,1937.48,0,1,1,1,1,1
Cairo University,EntireUnit,Female,29.8,1,1,1,3369.95,0,1,1,1,1,1
AUC,Bed,Male,151.7,2,1,2,8006.85,0,0,0,0,0,0
Suez Canal University,Bed,Male,169.1,3,2,4,2016.75,0,1,1,0,0,0
Tanta University,EntireUnit,Female,171.6,2,1,3,6316.7,0,0,0,0,0,0
GUC,Room,Female,150.9,2,1,2,7925.31,1,1,1,1,1,1
Zagazig University,Bed,Male,104.1,2,2,4,1517.7,1,1,1,1,1,1
Zagazig University,Room,Female,152.7,3,1,3,2687.43,1,1,1,0,1,1
Zagazig University,Bed,Male,75.1,2,2,4,900.05,1,0,0,0,1,0
Mansoura University,Room,Female,194.6,3,1,3,2852.41,0,0,0,0,0,0
Helwan University,Room,Male,147.4,1,1,1,8751.96,1,1,1,1,1,1
Helwan University,EntireUnit,Male,160.2,3,2,6,7867.15,0,0,0,1,0,0
Assiut University,EntireUnit,Male,162.9,4,2,5,7066.37,1,1,1,1,1,1
Benha University,Bed,Male,194.1,3,2,5,1891.86,1,1,1,1,0,1
Helwan University,EntireUnit,Female,165.9,4,2,4,7251.07,0,0,0,0,0,0
Ain Shams University,Bed,Female,62.6,1,1,2,2245.83,1,1,1,1,0,1
Benha University,Bed,Male,182.7,4,2,8,1072.89,1,1,1,1,0,0
Minia University,EntireUnit,Male,80.1,3,1,3,2812.26,0,0,0,0,0,0
Helwan University,Bed,Female,115.2,3,1,3,1637.43,0,0,1,0,0,0
Minia University,EntireUnit,Female,149.2,2,1,2,6243.8,1,1,1,0,1,0
Tanta University,EntireUnit,Male,137.6,2,1,3,6131.4,1,1,0,0,0,0
Suez Canal University,EntireUnit,Male,146.0,2,2,4,5493.77,0,0,0,0,0,0
Ain Shams University,Room,Female,188.1,4,2,7,3193.07,0,1,1,1,1,1
Fayoum University,EntireUnit,Male,176.9,1,1,2,7994.43,1,1,1,1,1,1
AUC,EntireUnit,Male,158.6,3,2,4,15325.0,0,0,0,0,0,0
Helwan University,Bed,Male,115.5,1,1,2,2850.57,1,1,0,1,0,1
Zagazig University,Bed,Male,130.4,3,2,4,1658.78,1,1,1,1,1,1
AUC,EntireUnit,Male,158.9,3,2,4,15632.81,0,0,0,1,1,0
Minia University,Room,Female,186.7,1,1,2,6283.07,0,0,0,0,0,0
Assiut University,Bed,Male,187.8,2,1,3,2846.4,1,1,0,0,1,0
Minia University,EntireUnit,Male,153.9,3,2,4,7333.57,1,1,1,1,0,1
Alexandria University,Room,Female,181.9,4,2,5,2779.17,1,1,1,0,1,0
GUC,Room,Female,55.7,2,1,3,2708.82,1,0,1,1,1,1
Zagazig University,EntireUnit,Male,50.8,1,1,2,3638.23,0,1,0,1,1,1
Benha University,Bed,Female,185.1,4,2,4,2205.98,1,1,1,1,1,1
Assiut University,EntireUnit,Female,139.5,1,1,1,4537.19,0,0,0,0,0,0
Fayoum University,Room,Female,173.7,4,2,7,1665.32,0,0,0,0,0,0
Assiut University,Room,Male,157.2,1,1,1,5817.52,0,0,0,1,0,1
Ain Shams University,Room,Female,134.1,1,1,1,8252.61,1,1,1,1,1,1
Suez Canal University,Room,Female,46.0,1,1,1,3550.78,1,1,1,1,1,1
Tanta University,Bed,Female,46.4,1,1,2,1666.75,1,1,1,1,1,1
Fayoum University,Bed,Male,164.4,1,1,2,3125.39,0,0,0,0,1,1
Mansoura University,EntireUnit,Female,111.0,4,2,4,5256.42,1,0,0,0,0,0
Alexandria University,Bed,Female,168.3,3,2,4,2393.03,0,0,1,0,0,0
Zagazig University,EntireUnit,Male,136.2,4,2,8,6034.01,0,0,0,1,0,1
AUC,Room,Male,128.8,4,2,8,3285.05,0,1,0,0,1,1
Suez Canal University,Room,Female,142.3,3,2,5,2230.48,1,0,1,1,0,1
Helwan University,Room,Male,166.0,3,2,4,2913.99,1,1,1,1,1,1
Cairo University,Room,Male,119.6,3,2,4,3034.94,0,1,0,1,1,1
AUC,Room,Female,59.2,1,1,1,6378.32,0,0,0,0,0,0
AUC,Room,Female,99.1,3,2,5,3357.82,0,0,1,0,0,0
Alexandria University,Bed,Female,78.9,3,2,4,1070.58,0,0,0,0,0,0
Benha University,EntireUnit,Male,154.4,4,2,4,6594.58,1,1,1,0,0,0
Alexandria University,Room,Male,128.9,2,2,4,4002.12,1,0,0,0,1,1
Helwan University,Bed,Female,185.2,4,2,5,1827.98,1,0,1,1,0,0
Helwan University,EntireUnit,Male,118.7,1,1,2,5655.75,0,0,1,1,0,1
Suez Canal University,EntireUnit,Male,178.0,2,2,4,9916.89,1,1,1,1,1,1
Benha University,Bed,Female,85.3,2,1,3,1472.45,0,1,0,0,1,1
Cairo University,EntireUnit,Male,107.8,4,2,5,7689.92,1,0,0,0,1,0
Alexandria University,Bed,Female,198.6,1,1,2,7110.48,0,1,1,1,1,1
Benha University,Bed,Female,175.1,2,1,2,3977.76,0,1,1,0,0,0
Zagazig University,Bed,Female,160.6,2,1,2,3362.7,0,0,0,0,0,0
Assiut University,Bed,Male,146.2,3,2,5,944.11,0,0,0,0,0,0
Tanta University,Room,Male,180.2,3,2,6,2453.44,0,0,0,0,0,0
Tanta University,EntireUnit,Female,122.3,3,2,5,6878.39,1,1,1,1,0,1
Alexandria University,Room,Male,84.7,3,2,4,1779.56,0,0,1,0,1,0
Assiut University,EntireUnit,Male,119.8,4,2,5,5475.08,1,1,1,1,1,1
Fayoum University,Bed,Male,125.0,2,2,4,1447.0,0,1,0,0,0,0
Cairo University,Room,Male,122.7,4,2,6,1962.24,1,0,1,0,1,0
Assiut University,Room,Female,173.8,4,2,8,1887.44,0,1,0,0,1,0
Assiut University,Bed,Male,129.5,4,2,8,649.5,1,0,1,1,0,0
Helwan University,Bed,Male,145.6,4,2,4,1912.81,1,1,1,1,1,1
Benha University,EntireUnit,Female,164.0,2,1,3,8499.03,0,1,1,1,0,1
GUC,Bed,Male,167.6,2,2,4,4381.29,1,0,0,1,1,1
Tanta University,EntireUnit,Male,158.5,4,2,7,6320.18,1,0,0,1,0,1
Fayoum University,EntireUnit,Male,199.2,4,2,4,7797.79,1,1,1,0,1,1
Tanta University,Bed,Male,168.5,1,1,1,6415.72,0,0,0,0,0,1
GUC,Room,Female,175.0,3,1,3,5866.08,0,0,0,0,0,0
Ain Shams University,EntireUnit,Male,171.7,3,2,4,10684.44,1,0,0,0,0,0
Tanta University,Bed,Female,171.0,3,1,3,2150.0,0,0,0,0,1,1
GUC,Bed,Female,190.0,2,1,2,8977.12,0,0,0,0,0,1
Suez Canal University,Bed,Female,128.3,2,2,4,1382.85,0,0,1,1,1,1
Assiut University,Room,Male,128.1,3,2,5,1571.44,0,0,1,0,0,1
Zagazig University,Bed,Male,131.3,2,1,2,3434.14,0,1,1,0,0,0
Assiut University,EntireUnit,Female,187.3,1,1,1,6951.08,1,0,0,0,1,0
Minia University,EntireUnit,Female,129.3,4,2,7,5501.15,1,0,1,1,1,0
Mansoura University,Room,Female,140.1,3,2,6,2072.6,0,0,0,0,0,0
Suez Canal University,Room,Male,138.0,2,1,3,2898.04,1,0,0,1,1,1
AUC,EntireUnit,Male,163.3,4,2,6,20570.76,0,1,1,0,1,1
Minia University,EntireUnit,Female,199.8,1,1,1,8773.08,0,1,0,0,0,0
GUC,EntireUnit,Female,53.3,2,2,4,6354.45,0,1,0,0,1,1
GUC,Bed,Male,156.9,3,2,6,2209.91,0,0,0,1,0,0
Alexandria University,Bed,Female,196.5,4,2,6,1853.79,1,0,0,1,1,0
Helwan University,EntireUnit,Male,62.2,2,2,4,3036.05,0,0,0,0,1,0
Helwan University,Room,Female,135.5,4,2,4,1444.21,0,0,0,0,0,0
Assiut University,EntireUnit,Male,101.7,1,1,2,4361.16,1,0,1,0,0,0
Zagazig University,Bed,Female,126.3,4,2,7,1019.15,1,1,0,1,1,1
Helwan University,EntireUnit,Female,152.2,3,2,4,6936.83,0,0,0,0,0,0
Zagazig University,Room,Male,121.7,4,2,8,1497.04,0,0,1,0,1,1
Cairo University,EntireUnit,Female,102.1,3,1,3,6896.97,1,0,1,0,1,1
GUC,EntireUnit,Female,58.1,1,1,1,6707.49,1,0,1,1,1,1
AUC,EntireUnit,Male,116.5,2,2,4,12586.98,1,0,0,0,0,1
Benha University,Bed,Male,158.9,4,2,4,1751.36,0,0,0,0,0,1
Benha University,Room,Female,119.1,4,2,8,1391.69,0,0,0,1,1,1
Suez Canal University,Room,Female,169.8,1,1,1,8696.43,1,1,1,1,0,0
GUC,EntireUnit,Female,34.5,1,1,2,3482.26,0,0,1,1,1,0
GUC,Bed,Female,60.4,1,1,1,5671.03,0,0,0,0,0,1
Alexandria University,Room,Male,170.8,4,2,7,2846.04,1,0,1,0,1,0
AUC,Bed,Female,156.5,4,2,6,2704.92,0,1,0,0,0,0
Helwan University,Room,Female,104.9,3,2,4,2081.02,1,1,1,1,1,0
Tanta University,Bed,Female,150.9,3,2,6,1230.77,1,1,1,1,1,1
Mansoura University,Room,Male,193.2,4,2,4,2566.46,1,1,1,1,0,1
Cairo University,EntireUnit,Male,81.6,1,1,1,5377.57,0,0,0,1,0,1
Mansoura University,Room,Female,63.5,2,2,4,2208.16,1,1,1,1,1,1
AUC,Room,Male,91.8,1,1,2,11221.17,0,1,0,0,0,0
AUC,Bed,Male,81.6,2,2,4,2469.99,1,0,1,1,1,1
Cairo University,Bed,Male,140.2,2,1,2,4865.98,1,1,0,0,1,0
Benha University,EntireUnit,Male,79.4,3,2,6,3560.76,1,0,1,0,1,0
Fayoum University,EntireUnit,Female,117.5,3,1,3,5769.63,1,1,0,0,1,1
Fayoum University,Bed,Male,152.6,4,2,6,1215.58,0,1,0,0,1,0
GUC,EntireUnit,Male,118.3,2,1,3,12896.39,1,1,1,0,1,1
Ain Shams University,Room,Female,38.6,1,1,1,2229.29,0,0,0,0,0,0
Ain Shams University,EntireUnit,Female,181.3,3,2,5,11072.83,1,0,1,1,1,1
Cairo University,EntireUnit,Male,132.7,4,2,8,8880.08,0,0,1,0,0,1
Assiut University,Room,Male,127.2,1,1,2,5915.7,1,1,1,1,1,0
AUC,EntireUnit,Male,146.4,1,1,1,18670.56,1,1,1,1,1,1
Fayoum University,Bed,Female,60.5,1,1,1,2772.06,1,0,1,0,0,0
Ain Shams University,Bed,Female,198.0,3,2,6,1681.01,0,0,0,1,0,0
Helwan University,Room,Female,192.5,3,2,6,2625.93,0,0,0,0,0,0
Fayoum University,Bed,Female,133.8,2,2,4,1479.46,1,1,0,1,0,1
Zagazig University,Bed,Female,113.9,2,1,3,1890.34,0,1,1,0,0,1
AUC,Room,Male,109.8,2,2,4,6951.43,1,1,1,0,1,1
Tanta University,Room,Female,180.8,3,2,5,3243.81,1,1,1,1,1,0
GUC,Bed,Female,193.1,2,1,2,9305.88,1,0,0,0,0,1
Suez Canal University,Bed,Female,131.3,4,2,7,831.87,1,1,0,0,0,0
Assiut University,Bed,Male,119.2,3,2,4,1606.94,1,1,1,1,1,0
Suez Canal University,Bed,Female,158.9,3,2,4,1677.14,0,1,1,0,0,1
Ain Shams University,EntireUnit,Male,91.0,3,2,6,6904.09,1,1,1,1,0,1
Benha University,EntireUnit,Male,100.0,4,2,8,3926.06,0,0,0,0,0,0
Tanta University,Bed,Male,126.7,3,2,6,748.21,0,0,0,0,0,0
Minia University,EntireUnit,Male,119.6,2,2,4,4966.78,0,0,1,1,1,1
Alexandria University,EntireUnit,Male,96.1,3,2,6,7247.17,1,1,1,0,0,0
GUC,EntireUnit,Female,74.5,1,1,1,7853.97,1,0,1,0,0,0
Minia University,EntireUnit,Female,121.9,3,2,5,6589.62,1,1,1,1,1,1
Suez Canal University,Room,Male,58.9,1,1,1,2571.05,0,0,0,0,1,1
GUC,Bed,Male,107.7,1,1,2,5482.66,0,0,1,0,0,0
Suez Canal University,EntireUnit,Female,80.1,3,2,6,5152.87,1,1,1,1,0,1
Cairo University,Room,Male,121.0,4,2,4,1696.02,1,0,0,0,0,0
AUC,EntireUnit,Male,58.6,1,1,2,6699.14,1,1,0,0,1,0
GUC,EntireUnit,Male,96.0,1,1,1,11519.23,1,1,1,1,0,1
Assiut University,EntireUnit,Female,95.7,1,1,2,4720.71,1,1,1,1,1,1
Fayoum University,Bed,Female,150.4,3,1,3,2310.33,1,1,0,1,1,1
Mansoura University,Bed,Male,67.6,1,1,2,2059.9,1,0,1,1,1,1
Cairo University,EntireUnit,Female,150.0,3,2,5,11030.78,1,0,1,1,1,1
Mansoura University,Bed,Male,169.0,1,1,2,4103.38,0,1,1,1,0,0
Assiut University,Room,Female,186.9,4,2,8,1724.95,0,0,1,0,1,1
Tanta University,Room,Male,86.0,3,2,5,1324.17,0,0,1,0,0,1
Fayoum University,Room,Female,126.9,4,2,5,1164.15,0,0,0,0,0,0
Tanta University,Bed,Female,189.7,4,2,4,1995.28,1,0,0,0,0,1
Fayoum University,Room,Female,87.4,3,2,5,1509.86,1,1,1,1,1,1
Assiut University,Bed,Female,107.9,4,2,6,607.81,0,0,0,0,0,0
Tanta University,Bed,Female,116.4,1,1,1,5990.47,1,0,1,1,1,0
Tanta University,Bed,Female,136.3,1,1,2,2607.81,0,0,0,1,0,1
Fayoum University,EntireUnit,Male,75.9,1,1,1,2600.35,0,0,0,0,0,0
Minia University,Room,Female,120.5,3,2,5,1866.4,1,1,1,1,1,1
GUC,Bed,Male,164.5,2,1,2,7147.19,0,0,0,0,0,0
Cairo University,Room,Male,84.7,2,1,3,3387.23,1,1,0,1,1,1
Benha University,Bed,Female,198.5,3,2,5,1702.88,0,0,0,1,0,0
Zagazig University,Bed,Male,184.1,2,1,3,2503.56,0,1,0,1,0,1
Mansoura University,Bed,Male,118.4,3,2,5,1164.56,1,1,0,1,0,0
Suez Canal University,EntireUnit,Female,101.3,2,1,3,6532.31,1,1,1,1,1,1
Fayoum University,Room,Male,36.2,1,1,2,2175.71,1,0,1,1,0,1
Helwan University,EntireUnit,Male,104.2,3,2,4,5868.65,1,1,0,1,1,1
Alexandria University,Room,Female,151.8,3,2,4,4070.97,1,1,1,1,1,1
Zagazig University,Bed,Female,144.5,3,1,3,2315.45,1,0,1,0,0,0
Ain Shams University,EntireUnit,Male,183.0,1,1,2,11131.22,0,0,1,0,1,0
Ain Shams University,EntireUnit,Female,144.3,4,2,6,9575.15,1,1,0,1,1,1
Alexandria University,EntireUnit,Female,60.2,1,1,2,4104.4,0,1,0,0,1,0
Assiut University,Bed,Female,159.9,4,2,5,1096.72,1,0,0,0,1,0
AUC,Bed,Female,195.5,3,1,3,6847.11,0,0,0,0,0,0
Ain Shams University,Room,Male,182.8,3,1,3,3954.5,1,0,0,1,0,1
AUC,Bed,Male,122.6,4,2,8,1937.9,1,1,1,1,1,1
Mansoura University,Bed,Male,189.6,4,2,6,1700.04,0,1,1,1,0,1
Assiut University,EntireUnit,Female,29.3,1,1,1,1505.82,0,0,1,1,0,0
Minia University,Bed,Female,73.2,1,1,1,2897.58,1,0,0,0,0,1
Minia University,Room,Female,183.0,3,2,6,2062.25,0,0,0,0,0,0
Minia University,Room,Female,47.7,1,1,1,2511.22,0,1,0,1,0,1
Ain Shams University,EntireUnit,Female,109.3,3,2,6,8190.95,0,1,1,1,1,1
Helwan University,Bed,Female,193.8,4,2,5,1675.04,0,0,0,0,1,0
Helwan University,Bed,Female,186.3,3,2,6,1599.28,1,0,1,1,1,0
Benha University,Bed,Male,189.3,2,1,2,5196.13,1,1,1,1,1,1
Fayoum University,EntireUnit,Female,60.0,1,1,2,3341.72,1,1,0,1,1,1
Ain Shams University,Room,Female,61.3,2,1,3,2596.57,1,1,1,1,1,1
Benha University,EntireUnit,Female,186.4,2,1,3,8318.71,1,1,1,0,1,1
Ain Shams University,EntireUnit,Male,68.8,2,1,2,4385.56,0,1,0,1,0,0
Helwan University,Room,Male,165.1,1,1,1,7287.33,0,0,0,0,0,0
Mansoura University,Bed,Female,80.0,3,2,4,1060.08,0,1,0,0,1,1
AUC,Bed,Male,160.9,4,2,4,4788.7,1,0,1,1,0,1
Mansoura University,Room,Male,121.5,3,1,3,2102.09,1,0,0,1,0,0
Cairo University,Bed,Male,185.3,1,1,2,6353.66,1,1,0,1,1,0
Cairo University,EntireUnit,Male,107.8,3,1,3,8200.96,0,1,1,1,0,0
Zagazig University,Bed,Male,127.5,2,1,2,2923.75,0,1,0,0,1,1
Suez Canal University,Bed,Male,134.1,4,2,4,1675.06,0,0,1,1,1,1
Benha University,Bed,Male,153.6,3,2,4,1583.72,0,0,1,1,0,0
Ain Shams University,EntireUnit,Female,190.0,1,1,2,10628.99,0,0,0,0,1,0
Alexandria University,Room,Male,155.9,3,2,4,3822.36,1,1,1,1,1,1
Assiut University,EntireUnit,Male,118.0,3,2,6,4350.86,0,0,0,0,0,0
Ain Shams University,EntireUnit,Female,46.8,1,1,2,2625.94,0,0,0,0,0,0
Minia University,EntireUnit,Female,102.6,3,1,3,4349.64,0,0,0,0,1,1
Helwan University,Room,Female,188.5,3,2,4,2767.34,0,0,0,0,1,0
AUC,EntireUnit,Male,182.1,3,2,5,18209.46,1,0,1,1,1,1
Minia University,Bed,Female,145.3,3,2,6,1132.15,1,0,1,1,1,0
Ain Shams University,EntireUnit,Female,97.8,3,1,3,7134.09,1,1,1,1,1,1
Minia University,Room,Female,56.1,1,1,1,3833.64,1,1,1,1,1,1
Assiut University,Bed,Male,126.0,3,2,4,1528.82,0,1,0,1,1,0
Benha University,Room,Female,36.3,1,1,1,3084.13,1,1,0,1,1,0
Benha University,EntireUnit,Female,186.4,1,1,2,8558.71,1,0,0,0,1,0
Alexandria University,EntireUnit,Male,121.2,2,1,2,7618.03,0,0,0,0,0,0
Helwan University,Room,Male,108.1,3,1,3,1783.23,1,1,0,1,0,1
Minia University,Bed,Male,141.2,2,1,2,2811.65,1,0,1,1,1,0
Tanta University,Bed,Female,76.8,2,1,2,2481.5,1,1,1,1,1,1
Zagazig University,Bed,Female,173.5,2,1,2,3639.21,1,0,0,0,1,0
Helwan University,EntireUnit,Female,90.8,3,1,3,4325.95,1,0,1,0,0,1
GUC,Bed,Male,58.7,1,1,2,3102.93,0,1,1,1,1,1
Zagazig University,Room,Female,95.9,2,2,4,2649.89,1,0,1,1,1,1
Fayoum University,Bed,Male,186.4,3,2,5,1832.06,1,1,1,1,1,1
Tanta University,Bed,Male,134.9,4,2,7,1015.14,0,1,0,1,1,1
AUC,Room,Male,146.2,4,2,7,4155.32,0,0,0,0,1,1
Assiut University,Room,Female,134.7,1,1,2,4325.97,0,0,0,0,0,0
Benha University,Bed,Male,118.4,3,2,4,1194.32,1,0,1,0,0,0
Benha University,EntireUnit,Female,193.1,1,1,2,9535.8,1,1,1,0,0,0
GUC,Room,Female,164.6,4,2,8,3407.04,0,0,0,1,0,0
Assiut University,Room,Male,101.6,1,1,1,4845.66,1,0,1,1,1,0
Fayoum University,Room,Female,173.4,1,1,1,6318.89,0,0,0,0,0,1
Benha University,Room,Female,162.8,1,1,1,7155.0,0,0,0,1,0,0
GUC,EntireUnit,Female,67.6,1,1,1,5964.44,0,0,0,0,0,0
Zagazig University,EntireUnit,Female,111.4,4,2,8,4566.86,0,0,0,0,1,0
Tanta University,Room,Female,152.9,4,2,8,1903.03,1,1,0,1,1,1
Ain Shams University,Room,Female,160.2,4,2,8,2312.61,0,0,0,0,0,0
Helwan University,Room,Female,124.8,1,1,1,6630.51,1,1,1,1,0,0
AUC,EntireUnit,Female,128.1,1,1,2,16638.04,1,1,1,1,1,0
GUC,Room,Male,93.4,1,1,1,10101.07,1,1,1,0,1,1
Assiut University,Bed,Female,166.2,2,1,3,2812.38,1,1,1,1,0,1
Mansoura University,Bed,Male,100.9,3,2,4,1448.68,0,1,0,0,0,0
GUC,EntireUnit,Female,54.1,1,1,2,5453.95,0,0,0,0,1,0
Tanta University,Room,Female,123.3,3,1,3,2064.38,0,1,0,1,1,0
Helwan University,EntireUnit,Male,121.6,3,2,5,6749.19,1,1,1,1,1,1
Cairo University,Bed,Female,186.5,2,1,3,3875.67,1,1,1,1,1,1
Tanta University,Bed,Male,122.8,2,2,4,1319.99,0,0,0,0,0,0
Assiut University,Bed,Female,197.8,2,1,3,2715.39,1,1,0,1,1,1
Assiut University,EntireUnit,Female,137.1,4,2,7,5508.71,1,0,1,1,1,0
Ain Shams University,Room,Female,188.2,2,1,2,4925.98,0,0,0,1,0,0
Zagazig University,Room,Male,117.8,3,1,3,1967.78,0,1,0,0,0,0
AUC,Room,Female,160.9,3,2,5,5866.37,1,1,1,0,1,1
Mansoura University,Room,Female,113.2,2,2,4,3186.59,1,0,1,0,1,0
Fayoum University,Room,Male,129.6,3,2,5,1397.73,0,0,0,0,0,0
Zagazig University,Bed,Female,138.7,1,1,1,5564.61,1,0,0,1,0,1
Mansoura University,Room,Female,120.8,3,1,3,1940.95,0,0,0,0,0,0
Suez Canal University,Bed,Male,158.0,2,2,4,1604.76,0,1,0,0,0,0
Ain Shams University,Room,Male,63.6,2,1,2,2115.56,0,0,0,1,1,0
Zagazig University,Bed,Female,105.2,3,2,6,627.86,0,0,0,0,0,0
Zagazig University,Bed,Female,158.4,4,2,7,892.98,1,0,0,1,0,1
Cairo University,Bed,Male,188.9,3,2,5,2706.48,1,1,1,1,1,1
AUC,Room,Male,53.2,1,1,1,6008.62,0,0,0,0,0,0
Suez Canal University,EntireUnit,Male,144.4,1,1,2,5624.65,0,0,0,1,0,0
AUC,Room,Female,190.9,4,2,4,5002.12,0,0,1,0,0,1
Assiut University,EntireUnit,Female,71.0,1,1,1,2883.79,0,0,0,1,1,0
Helwan University,Room,Male,172.3,4,2,7,1882.34,0,0,0,0,0,0
Helwan University,Bed,Female,121.7,3,2,6,980.58,0,0,0,0,0,0
Ain Shams University,EntireUnit,Female,162.5,4,2,5,11348.87,1,1,1,1,1,1
Minia University,Room,Female,100.7,2,2,4,2511.41,0,1,1,1,1,1
Cairo University,EntireUnit,Female,126.5,4,2,5,8518.19,1,1,0,1,0,1
Alexandria University,EntireUnit,Female,104.3,4,2,4,6798.77,0,1,1,0,1,0
GUC,Room,Male,69.5,1,1,2,8835.37,0,1,1,1,1,1
Zagazig University,Bed,Male,133.1,3,2,6,934.78,0,0,1,1,1,0
Suez Canal University,Bed,Female,130.9,4,2,5,1373.83,1,1,1,1,1,1
Mansoura University,Bed,Male,84.7,2,1,2,2050.98,0,0,1,1,1,0
Minia University,Room,Male,131.3,2,1,2,2545.18,0,0,0,0,0,0
Cairo University,Room,Female,152.0,4,2,8,2637.23,0,1,0,1,0,1
Zagazig University,Bed,Male,127.1,2,1,3,1727.85,0,0,0,0,1,0
Fayoum University,Bed,Female,128.7,3,2,6,708.74,0,0,0,0,0,0
Suez Canal University,Room,Male,58.3,2,1,3,1098.14,0,0,0,0,0,1
Minia University,Room,Male,119.8,1,1,2,5448.13,1,1,0,0,0,1
Assiut University,Room,Female,74.6,2,1,2,1478.45,0,0,0,0,0,1
Mansoura University,Room,Male,170.9,1,1,1,10018.73,1,1,1,1,1,1
Suez Canal University,EntireUnit,Male,144.5,4,2,8,5407.26,0,0,0,0,0,0
Ain Shams University,Room,Male,144.1,1,1,1,9345.16,1,1,1,1,1,1
AUC,Bed,Male,89.0,1,1,2,5654.22,0,1,1,1,1,1
Minia University,Bed,Female,79.1,2,1,3,1290.15,1,1,1,0,0,1
Helwan University,EntireUnit,Male,56.6,1,1,1,2545.91,0,0,0,0,0,0
Mansoura University,Bed,Male,191.8,2,1,3,2942.05,1,0,0,0,0,0
Benha University,Bed,Female,158.4,1,1,2,3883.07,1,0,0,1,1,1
Tanta University,Bed,Female,98.8,1,1,2,2448.99,1,0,1,1,0,1
Fayoum University,Bed,Female,30.7,1,1,1,1069.92,0,0,0,0,0,0
Tanta University,Bed,Female,134.7,4,2,6,1057.03,0,1,1,0,1,1
Ain Shams University,Bed,Male,59.5,2,1,2,1671.32,0,0,0,0,0,0
Ain Shams University,Bed,Female,184.3,1,1,1,12237.31,1,0,0,1,1,1
Cairo University,Bed,Female,94.2,2,1,3,1943.52,0,1,0,1,0,0
AUC,Room,Male,152.2,2,2,4,7459.05,1,0,0,0,0,1
Helwan University,Bed,Female,117.1,4,2,7,691.09,0,0,0,0,1,0
Suez Canal University,Bed,Male,75.4,3,2,4,1101.96,1,1,1,1,1,1
GUC,Room,Female,142.0,3,1,3,4621.27,0,0,1,1,1,1
Benha University,Bed,Male,183.0,3,2,6,1103.63,0,0,0,0,0,0
Fayoum University,Room,Male,93.5,1,1,2,4490.75,0,0,1,0,1,1
Tanta University,EntireUnit,Female,175.0,4,2,7,7747.64,0,0,0,0,0,0
Tanta University,Room,Female,196.1,1,1,2,8772.3,0,1,0,0,0,0
Tanta University,EntireUnit,Male,168.3,3,1,3,8072.44,1,0,0,1,1,0
AUC,Room,Male,83.7,2,1,3,4744.03,0,0,0,1,1,0
Fayoum University,EntireUnit,Female,76.3,1,1,2,2496.79,0,0,0,0,0,0
Zagazig University,Room,Male,133.9,4,2,4,1512.71,1,1,0,1,1,0
Zagazig University,EntireUnit,Male,153.6,1,1,1,8677.44,1,1,1,1,1,1
GUC,Room,Male,102.9,3,2,6,3098.13,0,0,0,0,0,1
GUC,EntireUnit,Male,187.9,4,2,5,17049.49,0,0,0,1,1,1
Zagazig University,Bed,Male,157.3,3,2,4,1817.19,1,0,1,0,1,1
Helwan University,Room,Male,182.5,3,2,6,3087.09,1,1,1,1,1,0
AUC,EntireUnit,Female,126.2,1,1,2,14285.64,0,0,1,0,0,0
Cairo University,EntireUnit,Female,154.6,3,2,4,9718.07,0,0,1,1,0,1
Benha University,Room,Male,190.9,3,1,3,3493.42,1,1,1,1,1,1
AUC,Bed,Female,164.7,4,2,4,4486.37,1,1,1,0,0,0
Minia University,Bed,Female,192.7,3,1,3,3160.68,1,1,1,1,1,1
Assiut University,Room,Male,163.8,3,1,3,2164.29,1,1,0,1,1,0
Mansoura University,Room,Male,121.5,2,1,2,3037.1,1,0,1,1,1,1
Cairo University,EntireUnit,Female,29.3,1,1,2,1769.85,0,0,0,1,0,1
Helwan University,Room,Female,112.4,2,1,2,2279.7,0,0,0,0,0,0
Suez Canal University,EntireUnit,Male,80.7,3,2,6,4918.55,1,1,1,1,0,1
GUC,Bed,Female,105.8,1,1,2,4687.26,0,0,0,0,0,0
Ain Shams University,Bed,Female,38.8,1,1,2,986.38,0,0,0,0,0,0
Benha University,EntireUnit,Female,135.4,2,1,3,5171.38,0,0,0,0,0,0
GUC,Room,Female,141.9,4,2,6,4062.19,1,1,0,1,1,1
Helwan University,EntireUnit,Female,182.0,4,2,4,7976.38,0,0,0,0,0,0
Benha University,Bed,Male,148.3,3,2,6,1027.93,1,0,1,1,1,1
Assiut University,Bed,Female,132.1,3,2,6,1034.23,1,1,1,1,0,1
Mansoura University,Bed,Female,188.7,3,2,4,2202.15,1,1,1,1,0,0
Ain Shams University,Bed,Female,190.1,3,2,4,2615.96,0,1,1,0,0,0
Benha University,Room,Female,147.1,4,2,5,1663.33,0,0,0,1,0,1
Fayoum University,EntireUnit,Female,67.1,1,1,1,2585.81,0,0,0,0,0,0
Fayoum University,Room,Female,185.2,2,1,2,4044.2,0,1,1,1,1,0
Minia University,Bed,Male,94.8,2,2,4,752.58,0,0,0,0,0,0
GUC,Bed,Male,106.7,3,1,3,3565.4,1,1,1,0,1,1
Minia University,Bed,Female,105.0,3,1,3,1198.0,0,0,1,0,0,0
Suez Canal University,Room,Male,130.9,4,2,7,1845.86,1,1,0,1,1,1
Alexandria University,Room,Female,71.5,2,1,3,2619.76,0,1,0,1,1,0
Suez Canal University,Room,Female,174.1,2,1,2,4039.99,0,1,1,0,0,1
Fayoum University,Bed,Male,44.8,1,1,1,2397.39,0,1,0,0,0,0
Alexandria University,Room,Female,153.8,4,2,5,2877.07,1,1,1,1,1,0
Assiut University,Bed,Male,191.4,1,1,1,7846.88,1,1,1,1,0,0
AUC,Bed,Male,38.9,1,1,2,1929.24,0,0,0,0,0,0
Assiut University,Bed,Male,159.6,1,1,2,2696.45,0,0,0,1,0,0
Zagazig University,Room,Female,162.9,3,2,4,2094.96,0,0,1,0,0,0
Tanta University,EntireUnit,Male,103.3,1,1,2,4651.84,0,0,1,0,0,0
Zagazig University,Bed,Female,140.7,3,1,3,2322.89,0,1,1,0,0,0
Suez Canal University,EntireUnit,Female,154.5,4,2,6,7584.5,0,0,1,1,1,1
GUC,Room,Male,102.1,3,2,4,2952.18,0,0,0,0,0,0
Alexandria University,EntireUnit,Male,123.4,3,1,3,8981.7,1,0,1,1,1,1
AUC,EntireUnit,Female,149.2,1,1,2,18531.28,0,1,1,1,1,1
Alexandria University,EntireUnit,Male,130.8,2,1,2,8985.92,1,1,1,0,0,1
Suez Canal University,Bed,Female,184.2,2,1,3,2551.14,0,0,0,0,0,0
Assiut University,Bed,Female,179.9,3,2,6,983.2,0,0,0,0,0,0
Minia University,Room,Male,73.5,1,1,1,3621.18,0,1,0,0,0,0
AUC,Room,Male,153.0,3,1,3,5826.66,1,1,1,1,1,1
AUC,Room,Female,180.0,3,1,3,7077.68,0,0,1,0,0,0
AUC,Room,Female,128.7,4,2,4,3311.98,1,1,0,0,1,1
Mansoura University,Bed,Male,164.4,4,2,7,1273.1,0,1,1,0,1,1
Alexandria University,EntireUnit,Female,53.1,2,1,2,3482.6,0,0,1,1,1,0
Helwan University,EntireUnit,Male,77.6,1,1,1,4597.41,1,1,1,1,0,1
Mansoura University,Room,Male,196.7,4,2,4,2701.72,1,1,1,1,0,1
Assiut University,Bed,Female,187.6,4,2,7,929.33,0,0,0,0,0,1
Suez Canal University,EntireUnit,Female,134.1,2,2,4,5474.16,0,0,1,0,0,0
Zagazig University,Bed,Male,160.9,4,2,7,983.38,0,0,1,1,0,0
Tanta University,EntireUnit,Female,172.9,1,1,2,8551.31,1,1,1,1,1,1
Cairo University,Bed,Female,123.8,4,2,4,2295.0,0,1,0,1,1,0
Assiut University,Bed,Female,171.2,4,2,4,1889.87,1,1,0,1,1,0
Mansoura University,Room,Male,78.1,2,1,3,2669.18,1,1,1,1,1,1
Fayoum University,EntireUnit,Male,166.9,3,2,6,7910.96,1,1,1,1,1,1
GUC,EntireUnit,Female,193.4,1,1,1,21065.67,1,1,1,0,0,1
Benha University,EntireUnit,Male,172.5,1,1,2,7263.94,0,1,0,0,1,0
Assiut University,Bed,Male,155.4,3,2,5,1031.38,0,0,0,0,0,0
Mansoura University,Bed,Male,123.4,2,1,3,2175.66,0,0,1,0,0,1
Helwan University,Room,Female,140.2,2,1,3,4051.37,1,1,1,1,0,1
Mansoura University,Bed,Female,92.5,2,2,4,1138.84,0,0,0,0,1,0
Suez Canal University,Bed,Female,122.1,3,2,6,882.31,0,0,0,0,1,0
Tanta University,Room,Female,124.7,2,2,4,2359.84,0,0,0,0,0,0
Cairo University,Room,Male,112.7,4,2,8,2071.86,1,1,1,1,1,1
Fayoum University,EntireUnit,Male,193.9,3,2,5,8890.77,0,1,1,1,1,1
Tanta University,Bed,Female,131.1,2,2,4,1742.7,1,1,1,1,1,1
Benha University,EntireUnit,Male,125.4,3,1,3,5545.29,0,0,1,0,0,0
Benha University,Room,Male,159.6,2,1,3,4387.01,1,1,1,0,1,1
Cairo University,EntireUnit,Male,60.2,1,1,2,4259.91,0,0,1,1,0,0
Assiut University,Room,Male,185.0,4,2,5,2176.26,0,1,0,1,1,1
GUC,EntireUnit,Female,165.1,3,2,4,16889.14,1,0,1,1,0,1
Zagazig University,Bed,Male,178.5,3,2,5,1336.2,0,0,0,0,0,0
GUC,Room,Male,92.3,3,2,6,2572.29,0,0,0,0,0,0
Zagazig University,EntireUnit,Female,150.0,2,2,4,6651.74,0,0,1,0,0,0
Minia University,Room,Female,195.1,2,1,2,4398.22,1,0,1,1,1,1
Alexandria University,EntireUnit,Male,157.2,3,2,6,10833.21,1,0,0,0,0,1
Tanta University,EntireUnit,Male,127.2,3,2,5,5474.73,1,0,0,0,0,1
Assiut University,Bed,Male,175.4,4,2,8,1091.93,1,1,1,1,1,1
Suez Canal University,Room,Female,123.3,4,2,8,1768.64,1,1,1,1,1,1
Alexandria University,EntireUnit,Male,164.5,4,2,7,9605.09,0,0,1,0,0,1
GUC,Room,Female,199.4,1,1,1,17294.98,0,0,0,0,0,0
Mansoura University,Bed,Male,75.4,2,2,4,865.66,0,0,0,1,0,0
Cairo University,Room,Male,185.9,4,2,8,3092.45,0,0,0,0,1,0
Mansoura University,Bed,Male,121.1,3,2,4,1420.29,0,0,0,0,0,0
Assiut University,Bed,Female,167.4,3,1,3,2117.15,1,0,0,0,0,0
Zagazig University,Room,Female,63.6,2,1,3,1593.14,0,0,0,0,1,1
Benha University,EntireUnit,Female,137.4,4,2,5,6688.02,1,0,0,1,1,1
GUC,EntireUnit,Male,198.3,4,2,6,20356.52,0,0,1,0,0,1
Benha University,Room,Male,170.4,1,1,2,8453.23,1,1,1,0,0,0
AUC,Bed,Female,81.4,2,2,4,2611.38,0,1,0,1,1,1
Ain Shams University,Room,Male,104.9,3,2,4,2491.43,1,1,0,0,1,0
GUC,EntireUnit,Female,91.2,1,1,1,9879.02,0,1,0,0,1,1
Ain Shams University,Room,Female,87.7,2,2,4,3136.08,1,0,1,1,1,1
Minia University,EntireUnit,Male,77.7,3,2,6,2767.98,0,0,0,0,0,1
Assiut University,Room,Female,126.7,2,1,3,2380.02,0,0,0,1,1,0
Suez Canal University,Room,Male,186.1,1,1,2,7800.64,0,1,1,0,0,1
Tanta University,Bed,Female,129.1,1,1,2,2569.65,0,0,1,1,0,0
Minia University,EntireUnit,Female,93.1,3,2,4,4763.65,1,1,1,1,1,1
Suez Canal University,Bed,Male,115.4,3,2,6,933.52,1,1,1,0,0,0
Tanta University,Room,Male,147.9,3,2,6,1893.79,0,0,0,0,1,0
Minia University,Room,Female,123.9,4,2,7,1441.04,1,1,1,1,1,1
Alexandria University,Bed,Female,185.2,1,1,1,11612.8,0,0,0,1,0,1
Minia University,Room,Female,139.3,1,1,1,6285.97,0,1,0,0,0,0
AUC,Room,Female,154.3,4,2,5,4400.59,1,0,1,0,0,0
Ain Shams University,Room,Female,74.3,2,2,4,2674.11,1,1,0,1,0,1
Assiut University,Room,Female,55.8,1,1,1,4054.66,1,1,1,1,1,1
Ain Shams University,Room,Female,107.9,1,1,2,7958.46,0,1,1,1,1,1
Minia University,Bed,Male,165.7,3,2,5,1190.0,1,0,0,0,0,0
Minia University,EntireUnit,Male,102.6,4,2,4,5004.87,1,1,1,1,1,1
Minia University,EntireUnit,Female,119.0,4,2,8,5420.91,1,1,1,1,1,1
AUC,Room,Female,149.4,2,1,2,9032.45,0,1,0,1,1,1
Minia University,Bed,Female,73.8,2,2,4,782.17,0,0,0,1,1,1
Tanta University,EntireUnit,Female,56.7,2,1,2,2984.88,0,0,1,0,0,1
Benha University,EntireUnit,Male,149.8,3,2,5,6120.15,0,0,1,0,0,1
Ain Shams University,EntireUnit,Female,155.0,3,2,5,10850.07,1,1,1,1,1,1
GUC,EntireUnit,Male,74.2,1,1,1,7496.23,0,0,1,0,1,1
Ain Shams University,Room,Male,135.2,2,1,3,4317.59,1,0,0,0,0,0
Suez Canal University,EntireUnit,Female,184.0,3,2,5,7173.74,0,0,0,0,0,0
Alexandria University,Room,Female,61.8,2,1,3,1758.58,0,0,0,0,0,0
Helwan University,EntireUnit,Male,34.0,1,1,1,1327.52,0,0,0,0,0,0
Minia University,EntireUnit,Male,90.6,1,1,2,3756.12,1,0,0,0,1,1
Fayoum University,Bed,Male,104.2,4,2,6,1005.0,1,1,1,1,1,1
Ain Shams University,Room,Male,93.1,2,2,4,2681.73,1,0,0,0,0,0
Zagazig University,Bed,Male,102.0,4,2,4,1396.55,1,1,1,1,0,1
Minia University,Bed,Male,144.4,3,2,4,1867.51,0,1,1,1,1,1
AUC,Room,Female,100.6,4,2,6,2675.2,0,0,0,1,0,0
AUC,Room,Male,103.7,2,1,3,5160.08,0,0,0,0,0,0
Tanta University,Bed,Male,57.3,2,1,2,1289.29,1,0,1,0,0,0
Mansoura University,EntireUnit,Male,136.1,4,2,4,7095.42,0,1,1,0,0,0
Assiut University,Bed,Female,107.2,3,2,4,1201.66,1,1,0,1,1,0
Minia University,Room,Female,142.3,3,2,6,1891.33,0,0,0,0,0,0
AUC,Room,Male,189.9,3,2,6,7205.65,0,0,1,0,0,0
Fayoum University,Bed,Male,153.1,1,1,2,3440.16,1,0,0,1,1,1
Assiut University,EntireUnit,Female,147.3,3,2,5,6458.95,0,1,1,1,0,1
Fayoum University,Bed,Female,93.7,2,2,4,853.89,0,0,1,1,0,0
Assiut University,EntireUnit,Female,113.9,3,1,3,4171.11,1,0,0,0,1,1
GUC,Bed,Male,149.1,3,2,4,3490.21,1,1,1,1,1,1
Minia University,Room,Male,85.9,3,2,6,1249.12,1,0,0,0,1,0
Ain Shams University,EntireUnit,Male,90.3,2,1,3,4921.45,0,0,0,0,0,0
Minia University,Bed,Male,102.1,4,2,4,1196.81,0,1,1,1,0,1
Benha University,EntireUnit,Female,158.6,2,2,4,7658.3,1,0,0,1,1,1
Assiut University,Room,Male,192.4,3,2,4,2578.95,1,1,1,1,1,1
Alexandria University,EntireUnit,Male,195.2,1,1,2,13114.53,0,0,1,0,0,0
Cairo University,EntireUnit,Male,140.0,4,2,4,10093.86,1,1,1,1,1,1
Mansoura University,Bed,Male,196.3,1,1,2,3939.38,1,0,0,0,0,1
AUC,EntireUnit,Male,129.0,4,2,5,14596.09,1,1,0,0,1,0
Benha University,Bed,Female,120.0,2,1,2,2179.89,0,0,0,0,0,0
GUC,Bed,Female,106.2,4,2,4,2714.65,0,1,0,0,1,0
Mansoura University,Bed,Female,151.5,1,1,2,3190.88,0,0,0,0,0,1
Zagazig University,Room,Male,136.3,1,1,1,7643.67,1,1,0,1,1,1
Mansoura University,EntireUnit,Female,146.2,2,1,2,8921.4,1,1,1,1,1,1
GUC,EntireUnit,Female,99.9,3,2,4,10337.8,0,1,1,0,1,1
Fayoum University,Room,Female,38.6,1,1,1,1536.54,0,0,0,0,0,0
GUC,EntireUnit,Male,149.5,3,2,6,15120.91,1,1,1,0,1,1
Mansoura University,Room,Female,167.9,4,2,7,1735.91,1,0,0,1,0,0
GUC,Bed,Male,77.5,2,1,2,3682.87,0,0,0,0,0,0
AUC,Bed,Female,33.8,1,1,2,2031.12,0,0,1,0,0,0
Fayoum University,EntireUnit,Female,116.5,4,2,7,4280.59,0,0,0,0,0,0
Benha University,Room,Male,195.1,1,1,2,7934.71,0,0,1,0,1,0
Cairo University,Bed,Female,76.9,3,2,5,1217.8,1,1,1,1,1,1
Alexandria University,Room,Male,125.9,2,2,4,4338.52,0,0,1,0,0,1
Mansoura University,Bed,Female,90.0,2,2,4,1395.29,1,1,1,0,1,1
Mansoura University,Room,Female,145.0,1,1,1,6804.67,0,1,0,0,1,0
Assiut University,EntireUnit,Female,186.5,2,1,2,8113.04,1,1,1,1,1,0
Alexandria University,Bed,Male,142.1,4,2,6,1682.28,0,1,1,0,0,1
Cairo University,EntireUnit,Male,134.0,2,2,4,9495.09,1,1,1,1,1,1
Zagazig University,Bed,Female,107.0,2,2,4,1474.66,1,1,1,0,1,0
Helwan University,EntireUnit,Male,102.4,3,2,5,6432.26,1,1,1,1,1,1
Cairo University,EntireUnit,Male,183.0,1,1,1,13652.02,1,1,1,1,1,1
Ain Shams University,Bed,Female,139.5,4,2,7,1083.33,1,0,1,0,0,1
Ain Shams University,Room,Female,52.8,1,1,1,4608.88,1,1,1,1,1,1
Suez Canal University,EntireUnit,Male,191.0,2,1,3,7164.7,1,0,0,1,0,0
GUC,Bed,Female,149.9,1,1,2,7508.35,1,0,0,0,0,0
Zagazig University,Room,Female,116.3,1,1,1,6026.66,1,1,0,0,1,1
Benha University,Room,Male,92.3,1,1,1,4089.96,0,0,1,1,1,0
Ain Shams University,Bed,Female,128.0,1,1,1,7947.75,1,0,0,0,1,0
Mansoura University,EntireUnit,Male,174.2,3,2,4,9056.75,1,1,1,1,1,1
Cairo University,Bed,Female,106.2,3,2,5,1242.41,0,0,0,1,0,0
AUC,EntireUnit,Male,132.3,4,2,6,13980.15,1,1,1,1,1,1
Benha University,Bed,Male,125.4,4,2,5,1089.35,0,0,0,0,0,0
Helwan University,Bed,Female,74.3,2,1,3,1066.3,0,0,0,0,1,1
Alexandria University,Bed,Male,160.3,4,2,5,2174.81,0,1,0,0,0,1
AUC,Bed,Female,118.7,4,2,7,1647.58,0,0,0,0,0,0
Benha University,Bed,Male,128.7,3,2,4,1441.95,0,1,1,1,0,0
Benha University,EntireUnit,Male,139.1,2,2,4,5822.0,0,0,0,0,0,0
Assiut University,Room,Male,77.7,1,1,2,3752.04,1,1,0,1,1,0
Tanta University,Room,Male,52.5,1,1,1,3240.49,0,1,1,0,0,0
Assiut University,Room,Male,141.7,1,1,2,4982.75,0,0,0,0,0,0
Tanta University,Bed,Male,56.8,2,2,4,730.07,1,0,0,0,1,1
Cairo University,Bed,Male,100.7,2,2,4,1452.66,0,0,0,0,0,1
Tanta University,Bed,Female,166.0,1,1,2,3540.06,1,0,0,0,0,1
Suez Canal University,EntireUnit,Female,190.1,3,1,3,7927.56,1,0,1,1,1,1
Suez Canal University,Room,Male,114.7,1,1,2,4703.12,1,0,0,0,1,0
Tanta University,EntireUnit,Female,132.3,4,2,4,6517.09,1,0,1,0,0,1
Alexandria University,Bed,Female,33.8,1,1,2,974.45,0,0,0,1,0,0
Minia University,Bed,Female,113.6,1,1,2,2455.9,0,0,1,0,1,0
GUC,Bed,Male,89.6,2,2,4,2035.68,0,0,0,0,0,1
Cairo University,Room,Male,120.6,1,1,1,8349.8,1,1,1,1,1,1
Benha University,Room,Male,173.7,4,2,7,1809.13,0,1,0,1,0,0
Zagazig University,EntireUnit,Male,164.2,4,2,6,8147.09,1,1,1,1,1,1
Cairo University,Room,Female,134.2,2,2,4,4345.27,0,1,0,0,0,0
GUC,Room,Male,69.2,1,1,2,7070.61,1,1,1,0,1,1
AUC,EntireUnit,Female,169.7,1,1,1,19849.99,0,1,1,1,1,0
GUC,Room,Male,118.4,3,2,4,3895.67,0,0,1,0,0,0
AUC,Bed,Female,120.0,2,2,4,2932.42,0,0,1,0,0,1
Cairo University,EntireUnit,Male,152.2,1,1,2,10302.17,0,1,0,0,0,0
Mansoura University,Room,Male,174.8,4,2,7,2225.11,1,0,0,1,1,1
Tanta University,EntireUnit,Male,191.1,1,1,1,7691.41,1,0,1,0,0,1
Benha University,Bed,Male,104.3,1,1,2,2013.52,0,0,0,0,0,0
Fayoum University,Room,Male,111.9,1,1,2,4056.21,0,0,0,0,0,0
Zagazig University,EntireUnit,Male,195.9,4,2,7,7834.99,1,0,0,0,0,1
Ain Shams University,EntireUnit,Female,194.5,4,2,4,11594.93,0,0,1,0,0,0
Zagazig University,Bed,Female,77.5,2,2,4,956.09,0,0,1,1,0,1
Assiut University,Bed,Male,146.7,2,2,4,1493.09,1,0,1,1,0,0
Suez Canal University,EntireUnit,Male,149.6,1,1,1,6096.21,0,0,1,0,1,0
Suez Canal University,Bed,Male,174.6,4,2,6,1442.07,0,1,0,0,0,0
Assiut University,Bed,Male,104.4,3,1,3,1808.03,0,1,1,1,1,1
AUC,EntireUnit,Male,87.4,1,1,1,9759.56,0,0,0,0,0,1
Assiut University,Room,Male,125.7,2,1,3,2555.61,0,0,0,0,0,1
Fayoum University,Bed,Female,106.6,4,2,5,845.46,0,0,0,0,1,0
Assiut University,Bed,Male,167.1,2,1,2,3545.53,1,1,0,1,0,0
Fayoum University,Bed,Male,185.0,4,2,5,1620.71,1,1,1,1,1,1
GUC,Room,Male,111.4,4,2,8,2866.7,1,1,0,1,1,1
Cairo University,Room,Female,107.5,1,1,1,7396.13,0,1,1,0,1,0
Benha University,Bed,Female,183.7,4,2,4,2291.78,1,1,1,1,0,1
AUC,EntireUnit,Male,107.1,4,2,6,11791.09,1,1,1,1,1,1
Mansoura University,Room,Female,168.9,4,2,8,2261.47,0,1,0,1,1,0
AUC,Bed,Male,50.5,2,1,3,1846.29,1,0,1,0,0,1
Fayoum University,EntireUnit,Female,177.5,1,1,1,5744.15,0,0,0,0,0,0
Cairo University,Room,Female,188.1,2,2,4,6286.64,1,1,1,0,1,1
Zagazig University,Room,Female,196.3,1,1,1,6911.07,0,0,0,0,0,0
Cairo University,Bed,Female,197.8,2,1,2,6060.35,0,1,0,0,0,0
Minia University,Bed,Female,159.7,4,2,7,898.27,0,1,0,1,0,0
Ain Shams University,Bed,Female,139.0,1,1,2,4864.14,0,1,1,0,1,0
Benha University,EntireUnit,Male,151.3,4,2,5,6833.84,1,0,1,1,0,1
Mansoura University,EntireUnit,Male,152.9,4,2,8,7370.89,0,0,1,0,0,1
Mansoura University,EntireUnit,Female,131.1,4,2,5,8196.33,1,1,1,0,1,1
Benha University,EntireUnit,Male,25.3,1,1,2,2372.81,1,1,1,0,0,0
Minia University,EntireUnit,Female,103.8,3,2,5,4903.12,0,1,1,1,1,0
Mansoura University,Bed,Male,106.2,3,1,3,2245.25,1,1,1,1,1,1
AUC,EntireUnit,Male,194.4,4,2,8,23180.73,1,1,1,1,1,1
Helwan University,EntireUnit,Female,103.7,1,1,1,4429.08,1,0,0,1,0,1
Alexandria University,EntireUnit,Female,144.3,4,2,4,9774.8,0,0,0,0,0,1
Alexandria University,Bed,Female,145.9,4,2,8,1283.66,1,1,1,1,1,1
Fayoum University,Bed,Female,86.8,2,1,3,1359.6,1,1,0,1,1,1
Minia University,EntireUnit,Male,134.1,4,2,5,6483.17,1,1,1,1,0,1
Mansoura University,Room,Male,87.6,2,1,2,2009.57,0,0,0,0,0,0
Fayoum University,EntireUnit,Male,85.7,3,1,3,4481.32,1,1,1,1,0,1
Suez Canal University,Bed,Male,154.1,3,2,6,1223.77,1,1,1,1,1,1
GUC,EntireUnit,Male,197.9,3,2,5,20256.64,1,1,0,0,1,0
Alexandria University,Bed,Male,158.2,1,1,1,9138.75,0,0,0,0,0,0
Tanta University,Bed,Female,141.3,4,2,5,1172.57,1,0,0,1,1,0
Fayoum University,Bed,Male,72.9,1,1,2,1836.85,0,1,0,0,1,0
Ain Shams University,Room,Male,81.5,1,1,2,6632.63,1,1,1,1,1,1
Ain Shams University,EntireUnit,Male,144.3,3,2,5,8425.1,0,0,0,0,0,0
Ain Shams University,Bed,Female,183.3,4,2,5,2223.66,1,1,1,1,0,0
Alexandria University,Bed,Female,127.3,2,1,3,2961.49,1,1,0,1,1,1
Helwan University,EntireUnit,Male,176.1,2,2,4,10184.42,0,1,1,0,1,1
AUC,EntireUnit,Male,195.0,3,2,6,24043.26,1,1,1,1,0,0
Assiut University,Bed,Female,139.5,4,2,8,602.77,0,0,1,0,0,0
Suez Canal University,Bed,Male,172.2,3,2,6,1189.26,0,0,0,0,0,1
Benha University,Room,Male,161.9,1,1,1,8119.32,1,1,1,1,1,1
Mansoura University,Room,Male,159.2,1,1,1,9111.54,0,1,0,1,1,0
Ain Shams University,EntireUnit,Male,70.3,1,1,2,5783.2,1,1,1,0,0,0
Cairo University,Bed,Male,137.7,1,1,1,9779.29,1,0,1,1,1,0
Helwan University,Bed,Female,126.7,2,2,4,1645.79,0,0,1,1,1,0
Helwan University,Room,Female,164.5,2,1,2,4402.53,1,1,1,1,1,1
AUC,Room,Female,109.3,2,1,2,5785.85,0,0,0,0,0,0
Assiut University,Room,Male,133.2,3,2,6,2266.49,0,1,1,1,1,1
GUC,Bed,Male,73.3,2,1,2,3526.11,0,0,0,0,0,1
Mansoura University,Room,Female,199.6,1,1,2,10238.01,1,0,1,1,0,0
Cairo University,EntireUnit,Male,143.2,2,2,4,10475.56,1,1,1,1,1,1
Suez Canal University,Room,Female,197.4,4,2,5,1991.54,0,0,0,0,0,1
Benha University,Bed,Female,131.8,4,2,8,869.21,1,1,1,1,0,1
Helwan University,Bed,Female,155.4,4,2,4,2093.3,1,1,1,1,1,1
Assiut University,Bed,Male,146.2,4,2,4,1495.01,0,0,1,0,0,0
GUC,Room,Male,125.3,2,1,3,5602.53,0,0,1,1,1,0
Alexandria University,Room,Male,177.9,3,1,3,4310.58,0,1,0,1,0,0
Tanta University,Room,Male,115.6,4,2,7,1498.98,1,1,1,1,1,1
Suez Canal University,Room,Male,183.3,4,2,7,1621.73,0,0,0,0,0,0
Assiut University,Bed,Male,196.3,4,2,5,1275.99,0,0,0,0,0,0
Cairo University,Bed,Female,50.3,1,1,2,1534.97,0,0,0,1,1,0
Mansoura University,EntireUnit,Female,115.2,4,2,5,6068.26,1,1,1,0,0,1
Benha University,Room,Female,191.7,4,2,4,2326.71,1,1,1,1,1,0
Zagazig University,EntireUnit,Male,113.5,3,1,3,5662.8,1,0,1,1,1,0
Helwan University,Bed,Male,76.6,2,2,4,934.08,0,1,0,0,0,0
Ain Shams University,Bed,Female,179.8,2,1,2,5254.2,0,0,1,0,0,0
Ain Shams University,EntireUnit,Male,111.2,3,2,5,7417.45,1,1,1,1,1,1
Cairo University,Room,Male,182.5,3,2,5,4592.18,1,1,1,1,1,0
Cairo University,EntireUnit,Female,129.5,3,1,3,9678.1,1,1,1,1,1,1
Mansoura University,EntireUnit,Female,175.8,2,1,3,8234.03,0,0,1,0,0,0
AUC,Bed,Female,62.7,2,2,4,1809.9,0,0,0,0,0,1
Fayoum University,Room,Female,87.9,2,1,3,1464.65,0,0,0,0,0,0
Benha University,EntireUnit,Female,133.5,4,2,8,5223.01,0,0,0,0,1,0
Ain Shams University,Bed,Male,148.2,2,2,4,2239.86,0,1,0,0,0,0
Minia University,Room,Male,85.7,2,1,3,2146.84,0,1,0,0,0,1
Minia University,EntireUnit,Female,130.5,2,1,2,6308.46,1,1,1,0,0,0
Alexandria University,Bed,Female,157.5,3,2,5,2061.26,1,1,1,1,1,1
Ain Shams University,Bed,Male,155.6,1,1,2,4885.37,1,1,1,0,0,1
Suez Canal University,Room,Female,115.0,3,1,3,1747.66,0,0,0,0,0,1
Cairo University,Bed,Female,180.3,2,2,4,2869.11,1,1,0,1,1,1
GUC,Room,Female,90.9,3,2,5,3474.44,0,1,1,1,1,1
Benha University,Room,Female,124.2,4,2,5,1315.86,0,0,0,0,0,0
Ain Shams University,Bed,Male,100.5,2,1,3,2284.36,0,1,0,0,0,0
Assiut University,Room,Male,177.9,4,2,5,1924.54,1,0,0,1,1,0
Suez Canal University,Bed,Female,47.8,1,1,2,1875.02,1,1,1,0,1,1
Benha University,EntireUnit,Female,30.3,1,1,2,1560.47,1,0,0,0,0,0
Minia University,Room,Male,104.7,3,2,5,1619.07,0,1,1,0,1,1
Zagazig University,Bed,Male,159.4,3,2,4,2198.84,1,1,1,1,0,1
Alexandria University,EntireUnit,Male,152.7,1,1,2,9341.6,1,0,0,0,1,0
Minia University,Room,Female,108.6,4,2,6,1217.7,0,0,1,1,0,0
Mansoura University,Room,Male,76.7,2,1,3,1829.06,0,0,0,1,0,1
Alexandria University,EntireUnit,Male,127.0,4,2,7,8326.15,1,1,0,0,0,0
GUC,EntireUnit,Female,133.7,1,1,2,12369.43,0,0,0,0,1,1
Ain Shams University,EntireUnit,Male,170.8,4,2,8,10358.52,1,0,1,0,0,1
Fayoum University,EntireUnit,Female,135.0,4,2,4,6066.79,1,1,1,1,0,0
Cairo University,Bed,Male,173.1,3,1,3,3802.22,1,1,1,1,0,1
GUC,EntireUnit,Female,145.8,3,2,4,15272.08,1,1,1,1,1,1
Mansoura University,Bed,Male,138.6,2,1,3,2447.2,1,1,1,1,1,1
Tanta University,EntireUnit,Female,143.3,4,2,6,7054.71,1,1,1,1,0,1
Alexandria University,EntireUnit,Female,107.0,2,2,4,6904.65,0,0,0,1,0,0
Fayoum University,Room,Male,181.9,3,2,6,2847.32,1,1,1,1,1,1
Helwan University,Bed,Male,164.3,3,2,6,1324.0,0,0,0,0,0,0
Cairo University,EntireUnit,Female,71.4,2,1,2,6742.67,1,1,1,1,1,1
Assiut University,Room,Male,183.2,4,2,7,1750.17,0,0,1,0,1,1
Fayoum University,Bed,Female,189.1,3,1,3,2169.49,1,0,0,0,1,1
Fayoum University,Room,Male,167.1,4,2,5,1900.21,1,1,1,1,1,1
Zagazig University,EntireUnit,Male,142.4,3,2,4,6695.99,1,0,1,0,0,0
Ain Shams University,Room,Female,86.1,3,2,6,1913.68,1,0,1,0,0,1
Assiut University,Room,Male,115.8,4,2,5,1296.45,0,1,0,0,0,0
Helwan University,EntireUnit,Male,141.5,4,2,4,6207.0,1,0,0,1,0,1
Alexandria University,EntireUnit,Male,182.9,2,1,2,10357.11,1,0,1,0,0,0
Cairo University,EntireUnit,Female,61.8,2,1,3,3761.06,1,0,1,0,0,0
Minia University,Room,Female,148.6,4,2,8,1839.46,1,1,1,0,1,1
Cairo University,EntireUnit,Male,156.3,4,2,5,10034.46,1,0,1,1,0,1
Tanta University,EntireUnit,Female,50.3,1,1,2,3414.34,1,1,1,1,1,1
Mansoura University,Room,Male,56.5,2,1,3,1256.24,0,0,0,0,0,0
Benha University,EntireUnit,Male,118.3,3,2,6,5843.33,0,1,1,0,0,1
Helwan University,Room,Male,110.5,3,1,3,1760.97,0,0,0,0,0,0
Assiut University,Room,Male,198.6,4,2,8,1932.05,0,0,0,0,0,0
Mansoura University,Room,Male,90.7,3,2,6,1496.96,1,0,0,0,0,0
Minia University,Bed,Male,197.7,4,2,6,1089.07,1,0,0,0,0,0
Fayoum University,Room,Male,183.8,2,1,2,3643.65,1,1,0,0,1,1
Fayoum University,EntireUnit,Male,150.0,4,2,7,6327.44,1,0,1,1,1,0
Assiut University,EntireUnit,Male,77.0,2,1,2,2888.74,0,0,0,0,0,0
Minia University,EntireUnit,Female,58.3,1,1,1,2158.06,0,0,0,0,1,1
Suez Canal University,Bed,Male,105.8,4,2,5,808.44,0,0,1,0,0,0
Minia University,EntireUnit,Male,144.9,3,2,6,5623.22,1,0,1,1,1,1
Ain Shams University,EntireUnit,Female,175.2,4,2,8,9674.01,0,0,0,0,0,0
Benha University,Bed,Male,132.7,3,2,6,1095.26,0,1,1,0,1,0
Suez Canal University,Room,Female,54.4,2,1,2,1464.28,0,1,0,1,0,0
Helwan University,EntireUnit,Male,43.5,1,1,1,2796.74,1,0,1,1,1,1
Zagazig University,EntireUnit,Male,171.8,3,2,5,8282.44,1,1,1,1,1,1
GUC,Room,Male,136.6,4,2,8,3288.8,0,0,0,1,0,0
AUC,Bed,Male,107.7,4,2,8,1424.34,1,1,1,1,1,0
AUC,Bed,Female,183.8,2,2,4,4735.1,0,1,0,0,0,1
Cairo University,Bed,Female,169.3,2,1,2,5563.53,1,1,1,1,1,1
Ain Shams University,EntireUnit,Female,139.3,4,2,5,9167.45,1,0,0,1,1,1
Helwan University,Room,Female,160.5,4,2,7,1673.95,1,0,0,1,0,1
Fayoum University,Room,Female,191.2,1,1,1,8909.79,1,1,1,1,1,1
Alexandria University,Bed,Female,76.9,3,2,6,814.81,0,1,0,0,0,1
Suez Canal University,EntireUnit,Female,185.7,2,1,3,9104.01,1,1,1,1,1,1
Mansoura University,Room,Male,137.8,3,1,3,1986.88,0,0,0,1,1,0
Ain Shams University,Room,Male,93.7,2,2,4,3165.63,1,1,1,1,1,1
Ain Shams University,EntireUnit,Female,151.3,3,1,3,10708.22,1,1,0,1,1,1
Helwan University,Bed,Female,90.8,2,1,3,1780.01,1,1,1,1,1,1
Ain Shams University,Bed,Female,26.8,1,1,2,1467.85,1,1,1,1,0,1
Mansoura University,Room,Male,155.0,1,1,2,8330.55,1,0,0,1,1,1
Zagazig University,EntireUnit,Female,139.6,4,2,6,6445.29,1,0,0,1,1,1
Minia University,Bed,Female,173.0,1,1,1,7134.83,1,1,0,1,1,1
Assiut University,EntireUnit,Male,165.8,3,2,5,5629.57,0,0,0,0,0,0
Alexandria University,Bed,Female,154.6,2,2,4,2560.53,1,0,0,0,0,0
Ain Shams University,EntireUnit,Male,110.6,1,1,1,7798.38,1,1,0,0,1,1
GUC,EntireUnit,Female,52.0,2,1,3,7273.39,1,1,1,1,1,1
Suez Canal University,EntireUnit,Female,81.7,3,2,6,3246.11,0,0,0,1,1,0
Cairo University,Room,Male,83.4,2,2,4,2900.07,0,0,1,0,0,1
Ain Shams University,Room,Female,127.4,1,1,1,7775.56,0,1,0,1,0,0
GUC,Bed,Male,104.3,4,2,5,2467.12,1,1,1,1,0,1
Assiut University,Room,Female,189.9,4,2,4,1825.36,1,0,1,0,1,0
Zagazig University,EntireUnit,Male,189.2,2,2,4,7631.44,0,1,0,0,1,0
GUC,Room,Male,68.5,2,1,3,3610.78,1,0,1,1,0,1
Fayoum University,Room,Female,113.9,2,2,4,2740.56,0,1,1,1,1,0
Fayoum University,Room,Female,115.4,2,2,4,2638.74,1,1,1,1,1,1
Tanta University,Room,Female,191.5,1,1,1,6748.32,0,0,0,0,0,0
AUC,EntireUnit,Female,53.4,1,1,2,6199.19,0,0,0,1,1,0
Benha University,EntireUnit,Male,131.3,4,2,5,5623.81,1,1,0,0,0,1
Minia University,Room,Female,140.4,4,2,6,1696.17,1,1,1,1,1,1
Alexandria University,Room,Male,115.7,4,2,6,2254.17,0,1,0,1,1,0
Tanta University,EntireUnit,Female,192.4,3,2,4,8551.51,1,1,1,1,1,1
Benha University,Bed,Male,132.6,2,1,2,3012.28,0,1,0,0,1,0
Fayoum University,Room,Male,121.5,4,2,5,1363.74,1,1,0,1,1,1
Cairo University,EntireUnit,Female,134.7,4,2,6,11002.85,1,1,1,1,1,1
Minia University,Room,Female,90.8,3,2,5,1414.76,1,0,1,1,0,1
Assiut University,Bed,Female,150.1,2,2,4,1775.28,1,1,1,1,1,1
Zagazig University,EntireUnit,Male,82.5,3,1,3,4662.73,0,1,0,1,0,0
Ain Shams University,Bed,Female,41.7,1,1,1,2591.65,0,0,0,0,0,0
Alexandria University,Room,Female,154.3,1,1,1,8773.35,0,0,1,0,0,0
Benha University,Room,Male,162.7,3,2,4,2571.58,0,1,0,0,0,1
Helwan University,Room,Male,51.1,1,1,1,2835.47,0,1,0,1,0,0
Assiut University,EntireUnit,Male,138.6,3,2,6,6921.2,1,1,1,1,0,0
Suez Canal University,EntireUnit,Female,112.8,2,1,2,5080.42,0,0,0,0,0,1
Suez Canal University,Room,Male,107.3,4,2,7,1629.52,0,1,1,1,1,1
Helwan University,Bed,Male,187.0,2,1,3,2930.63,1,1,0,1,1,0
Fayoum University,Room,Male,131.8,1,1,2,6211.51,0,1,0,1,1,0
Ain Shams University,EntireUnit,Female,99.3,2,2,4,5985.97,0,0,1,0,1,0
Fayoum University,EntireUnit,Female,191.2,4,2,5,8302.81,1,1,0,0,1,0
Mansoura University,Room,Male,83.5,1,1,1,3290.72,0,0,0,0,0,0
Alexandria University,Bed,Female,161.3,4,2,7,1534.49,0,0,0,0,0,1
Zagazig University,Room,Female,92.7,1,1,2,4006.31,0,0,0,0,0,1
Tanta University,Room,Female,185.5,3,2,4,2733.54,0,0,0,0,0,0
Ain Shams University,Bed,Male,130.7,2,2,4,1927.02,0,0,0,0,0,0
Tanta University,Room,Female,95.7,1,1,2,4895.82,0,1,1,1,1,1
Fayoum University,Room,Male,78.2,3,1,3,1057.01,0,0,1,1,1,0
Cairo University,Room,Male,197.8,4,2,8,3322.27,0,0,0,0,0,0
Helwan University,Bed,Female,78.6,3,2,5,717.82,0,0,1,0,0,0
Fayoum University,Bed,Male,193.2,4,2,8,826.54,0,0,0,0,0,1
Benha University,EntireUnit,Female,184.2,3,2,4,8311.42,1,0,1,0,1,1
Zagazig University,EntireUnit,Male,128.3,2,2,4,5936.57,0,1,0,0,0,0
Minia University,Room,Female,156.4,4,2,4,1396.96,0,0,0,1,1,0
Ain Shams University,Bed,Male,196.2,2,1,2,5795.51,0,0,0,0,0,0
Cairo University,Bed,Female,56.7,2,1,3,1438.53,0,1,1,0,0,1
Mansoura University,Room,Female,180.9,3,1,3,3102.32,0,1,1,0,0,1
Alexandria University,Room,Male,142.4,4,2,6,2629.19,0,1,1,1,1,1
Benha University,Bed,Female,163.3,3,1,3,2539.99,1,0,1,1,1,0
Minia University,EntireUnit,Male,58.7,2,1,2,4130.64,1,1,1,1,1,1
Tanta University,EntireUnit,Male,45.9,1,1,2,3122.3,1,1,0,1,1,1
Minia University,Bed,Female,151.6,2,1,3,1713.41,0,0,0,0,0,0
Mansoura University,Room,Male,106.6,2,1,3,2717.14,1,1,0,1,0,1
AUC,EntireUnit,Female,155.0,3,1,3,18365.09,1,1,1,1,1,1
Mansoura University,Bed,Female,117.5,3,1,3,1749.57,0,0,0,0,0,0
Zagazig University,EntireUnit,Male,146.7,1,1,2,8460.19,1,1,1,1,1,1
Fayoum University,EntireUnit,Female,189.2,2,1,3,7241.17,0,0,0,0,0,0
Benha University,Room,Female,63.8,2,1,2,1504.04,0,1,0,0,0,0
Alexandria University,Room,Male,133.7,2,2,4,5113.29,1,1,1,1,0,1
Fayoum University,Bed,Female,190.7,4,2,6,1282.34,0,0,0,0,1,0
Fayoum University,Bed,Male,195.9,3,1,3,2367.04,0,0,0,0,0,0
Ain Shams University,EntireUnit,Female,63.1,2,2,4,4083.33,1,0,1,1,1,1
Cairo University,Bed,Male,146.8,2,1,3,3434.45,0,1,0,0,1,0
Ain Shams University,EntireUnit,Male,150.4,3,2,6,10223.16,1,1,1,1,1,1
Zagazig University,Room,Female,199.7,4,2,5,2513.04,1,1,0,1,1,1
Ain Shams University,Room,Female,198.5,3,1,3,4169.31,1,1,0,1,1,0
GUC,Bed,Male,180.0,3,2,6,2957.7,1,1,1,1,1,1
Helwan University,EntireUnit,Male,119.6,1,1,2,4969.46,0,0,0,0,0,0
Ain Shams University,Room,Female,99.6,3,1,3,2510.32,1,1,1,1,1,1
Fayoum University,Room,Female,113.3,4,2,6,1406.74,0,1,1,1,1,1
Cairo University,Room,Male,94.6,2,1,2,3168.36,0,0,0,0,1,0
GUC,Room,Male,192.0,3,2,4,5508.21,1,0,0,0,0,0
Fayoum University,Room,Male,137.9,1,1,2,6606.42,1,1,1,1,1,1
Minia University,EntireUnit,Male,147.3,4,2,6,6129.38,0,0,0,0,1,1
Helwan University,EntireUnit,Female,108.0,4,2,8,4949.82,1,0,0,0,0,1
Mansoura University,Room,Female,109.3,1,1,1,4700.11,0,0,1,0,0,0
Assiut University,Bed,Female,89.3,3,1,3,1146.73,1,0,0,0,0,0
GUC,Bed,Female,134.9,1,1,1,11739.48,0,0,1,1,1,1
GUC,Bed,Male,65.5,2,2,4,2102.94,1,1,1,1,1,1
Suez Canal University,Bed,Female,128.6,2,1,3,1934.88,1,0,1,0,1,1
Suez Canal University,Bed,Male,84.5,3,1,3,1177.64,0,0,0,0,0,0
Benha University,EntireUnit,Male,165.4,3,2,6,7951.13,1,1,1,1,1,1
AUC,Room,Male,128.7,2,1,2,7810.45,1,1,1,1,1,1
Cairo University,Room,Male,195.1,3,2,6,4559.51,1,0,0,0,1,1
Fayoum University,Room,Male,154.2,3,2,6,1884.32,1,0,1,0,0,0
GUC,Bed,Male,151.6,2,1,3,4638.74,1,1,0,0,1,0
Suez Canal University,EntireUnit,Male,135.3,2,2,4,7122.77,0,1,1,1,0,0
Zagazig University,Room,Female,173.6,1,1,1,6709.91,0,0,0,0,0,0
Minia University,Bed,Male,70.7,1,1,2,1948.59,1,1,1,1,0,1
Helwan University,Bed,Female,146.0,2,2,4,1818.6,1,0,1,1,1,1
AUC,Bed,Female,93.9,1,1,1,10500.44,1,1,1,1,0,1
AUC,Room,Male,167.9,3,1,3,5908.9,0,0,1,1,1,0
Suez Canal University,Room,Female,176.1,4,2,6,1704.8,0,0,0,0,0,0
Ain Shams University,Room,Female,74.9,1,1,2,5946.78,1,1,1,1,1,1
Minia University,Room,Male,50.2,2,1,3,1687.2,1,1,0,1,1,1
Ain Shams University,Room,Female,116.9,3,2,6,2371.22,0,0,0,1,0,0
Ain Shams University,Room,Male,88.1,1,1,1,5491.6,0,0,0,0,0,0
Benha University,Bed,Female,94.6,2,1,2,2590.89,0,1,0,1,1,0
AUC,EntireUnit,Female,64.8,2,1,2,6274.64,0,0,0,0,0,0
Zagazig University,Room,Female,84.5,2,1,3,1676.36,1,0,0,0,0,0
Zagazig University,Room,Male,105.7,1,1,2,5690.02,0,1,1,0,0,0
Cairo University,Room,Male,92.8,2,1,3,3973.27,1,1,1,1,1,1
Cairo University,EntireUnit,Female,95.2,1,1,1,7255.12,1,1,1,1,1,0
Tanta University,Bed,Female,151.6,3,1,3,2604.77,1,1,0,1,0,1
Cairo University,Bed,Female,130.5,4,2,7,1373.94,1,1,1,1,1,1
Mansoura University,EntireUnit,Female,189.4,3,1,3,7862.33,1,0,0,0,0,0
Zagazig University,EntireUnit,Female,102.2,4,2,5,4303.11,0,0,0,0,1,0
Assiut University,EntireUnit,Male,71.5,2,2,4,3892.06,1,1,1,1,0,1
Helwan University,EntireUnit,Male,65.4,2,2,4,2777.41,0,0,0,0,0,1
Suez Canal University,Room,Male,102.8,2,2,4,3265.78,1,1,1,1,1,1
Ain Shams University,Bed,Male,162.8,2,2,4,2934.58,0,1,1,1,1,1
Tanta University,EntireUnit,Female,128.9,1,1,2,4822.16,0,0,0,1,0,0
Zagazig University,Bed,Female,161.8,2,1,3,2364.37,0,0,1,1,1,1
Assiut University,Room,Male,176.5,2,1,2,3907.73,1,1,1,1,1,1
Benha University,EntireUnit,Female,92.2,1,1,2,4002.17,1,0,0,1,0,1
Minia University,EntireUnit,Male,199.4,2,2,4,7411.15,1,0,1,1,1,1
Fayoum University,Room,Female,116.4,1,1,2,5787.15,1,1,1,1,1,1
Cairo University,EntireUnit,Male,87.8,2,1,3,5077.82,0,0,0,0,0,0
Fayoum University,Room,Male,119.1,3,2,6,1870.83,1,0,1,0,1,1
Cairo University,Room,Male,112.6,3,2,4,2376.84,0,0,0,0,0,1
Alexandria University,Bed,Female,199.4,4,2,4,2765.45,1,0,0,1,0,0
Minia University,EntireUnit,Male,71.6,2,1,3,4561.83,1,1,1,1,1,1
Assiut University,EntireUnit,Female,83.3,2,2,4,3526.16,0,0,1,1,1,1
Mansoura University,EntireUnit,Male,145.7,2,2,4,7525.49,0,1,1,0,1,0
Assiut University,Room,Male,104.6,4,2,5,1161.43,1,0,0,1,1,0
Tanta University,Room,Female,125.3,4,2,4,1884.64,1,1,1,1,1,1
Cairo University,Room,Female,120.7,4,2,5,2085.98,0,0,1,0,1,0
Tanta University,EntireUnit,Male,110.1,3,2,6,6144.53,1,1,1,1,1,1
Alexandria University,EntireUnit,Female,76.9,1,1,1,4202.45,0,0,0,0,0,0
Zagazig University,EntireUnit,Female,53.4,1,1,1,3660.25,1,1,1,1,1,1
Alexandria University,Bed,Female,183.1,4,2,6,2175.99,1,1,1,0,0,1
Ain Shams University,Bed,Male,123.5,1,1,1,8431.96,0,1,1,0,1,1
Benha University,EntireUnit,Female,130.4,3,2,6,5775.3,0,0,0,0,0,0
GUC,Bed,Male,179.9,4,2,8,2218.8,1,0,0,1,1,1
Assiut University,Bed,Female,102.7,3,2,5,668.48,0,0,0,0,0,1
Alexandria University,EntireUnit,Female,190.5,4,2,8,14061.24,0,1,1,1,1,1
Cairo University,EntireUnit,Female,181.5,3,2,5,12216.99,1,0,1,1,0,0
Minia University,Room,Female,166.7,1,1,2,6973.52,1,1,0,1,1,0
Benha University,Room,Male,134.8,2,2,4,2941.0,1,0,0,0,1,0
Ain Shams University,Bed,Male,173.4,3,1,3,3724.04,1,1,0,0,0,1
Zagazig University,Room,Male,147.0,4,2,7,1638.7,0,1,0,0,1,1
Alexandria University,Room,Female,92.7,3,2,5,2166.16,1,1,1,1,1,1
Helwan University,Bed,Male,163.5,4,2,6,1436.07,1,1,1,1,1,1
Zagazig University,Bed,Female,39.9,1,1,2,863.85,0,0,1,0,0,0
Minia University,Room,Female,136.8,4,2,8,1780.52,1,1,1,1,0,1
Mansoura University,EntireUnit,Male,133.2,3,2,4,7033.66,1,1,0,1,1,1
Ain Shams University,EntireUnit,Male,110.7,3,1,3,5540.2,0,0,0,0,0,0
Ain Shams University,EntireUnit,Male,160.7,2,1,3,9634.31,0,0,1,1,1,0
AUC,Bed,Male,57.6,2,1,2,3150.48,0,0,0,0,0,0
Alexandria University,Bed,Female,198.6,1,1,1,12846.88,1,0,1,1,1,0
Suez Canal University,Bed,Male,106.5,3,2,5,1039.75,0,1,1,1,1,1
Helwan University,EntireUnit,Female,109.0,2,2,4,5920.81,0,1,1,1,1,0
Assiut University,EntireUnit,Male,197.1,3,2,4,9636.63,1,1,1,1,0,1
Fayoum University,Bed,Male,184.9,1,1,1,6424.23,0,0,0,1,1,0
Suez Canal University,Room,Male,195.1,1,1,2,9704.94,1,1,1,1,1,1
GUC,EntireUnit,Male,76.5,1,1,1,7646.85,1,0,1,0,1,0
GUC,Room,Male,171.2,4,2,6,4294.82,1,1,1,1,1,1
Alexandria University,Room,Female,50.3,2,1,3,2093.03,1,1,0,1,1,1
Suez Canal University,EntireUnit,Male,132.0,3,2,6,6715.76,1,1,1,1,1,0
AUC,Room,Male,120.9,4,2,6,3009.89,0,0,0,0,0,0
Helwan University,Bed,Male,167.5,4,2,5,1691.68,1,1,1,1,0,1
Ain Shams University,Bed,Male,166.1,1,1,2,4107.3,0,0,0,0,0,0
Cairo University,Room,Female,143.0,4,2,5,2275.31,0,0,0,0,0,0
AUC,Bed,Female,103.9,3,2,5,2441.44,0,0,1,0,0,0
Minia University,Bed,Female,71.9,1,1,1,3275.41,0,0,0,1,1,0
Minia University,EntireUnit,Male,120.6,4,2,6,6268.41,1,1,1,1,1,1
Minia University,EntireUnit,Female,130.4,3,2,6,6173.75,1,1,1,1,1,1
Cairo University,EntireUnit,Male,195.6,4,2,7,13360.23,1,1,1,0,1,1
Minia University,Bed,Male,169.5,4,2,7,1031.67,1,0,1,1,0,1
AUC,Room,Female,78.1,3,2,4,3023.84,0,1,0,0,0,0
Fayoum University,Room,Male,93.4,3,2,6,1216.18,0,0,1,0,0,0
Cairo University,Bed,Male,85.9,3,2,4,1207.9,0,0,0,0,0,0
Alexandria University,Bed,Female,85.6,2,2,4,1438.08,0,0,0,0,0,1
Minia University,EntireUnit,Female,166.8,3,2,6,6732.6,0,0,0,0,0,1
Assiut University,Bed,Male,146.7,4,2,8,729.38,0,0,0,0,0,0
GUC,Room,Female,97.2,1,1,1,8039.62,0,0,0,1,0,0
Tanta University,EntireUnit,Male,159.9,4,2,4,6839.57,1,0,0,0,1,1
Minia University,Bed,Female,179.7,3,1,3,2253.9,1,0,1,1,0,0
Ain Shams University,Room,Female,142.5,3,1,3,2842.81,1,0,1,1,1,1
Mansoura University,Room,Female,125.4,2,1,3,3093.85,0,1,0,0,0,1
Assiut University,Room,Female,99.7,2,1,2,2475.68,0,1,0,1,0,1
Benha University,Room,Male,170.8,4,2,7,2043.66,1,1,1,1,1,1
Benha University,Bed,Female,75.9,3,1,3,1274.89,0,0,0,1,1,1
Mansoura University,Room,Female,134.9,1,1,2,5960.49,1,0,1,0,0,1
Cairo University,EntireUnit,Female,149.8,2,1,2,11409.09,1,1,1,1,1,0
Ain Shams University,Bed,Male,153.0,4,2,7,1341.39,0,0,0,0,0,1
Helwan University,Room,Female,182.8,1,1,1,7555.56,0,0,0,0,0,0
AUC,Room,Female,153.9,2,1,3,9201.07,1,0,1,1,0,1
Mansoura University,Bed,Female,90.0,3,2,4,1096.44,1,0,1,1,1,0
AUC,Bed,Male,148.2,4,2,7,2204.09,1,1,1,0,0,1
Fayoum University,Room,Male,34.9,1,1,2,2873.8,0,1,1,0,1,0
Mansoura University,Room,Female,172.2,3,2,5,3289.58,0,1,1,1,0,0
AUC,EntireUnit,Male,114.0,1,1,2,12753.28,1,0,1,1,1,1
Suez Canal University,Room,Female,133.6,2,1,3,2804.97,0,0,0,0,0,1
Suez Canal University,Room,Female,121.4,1,1,2,5204.31,1,0,0,1,1,1
Zagazig University,Bed,Female,84.9,2,1,2,1562.11,0,0,0,0,0,0
Helwan University,EntireUnit,Female,180.9,4,2,5,8007.09,1,0,0,0,1,1
AUC,Room,Male,91.6,1,1,1,10071.26,1,0,1,1,0,1
Benha University,EntireUnit,Female,103.6,2,1,2,4861.82,0,1,1,0,1,0
Mansoura University,EntireUnit,Male,186.9,3,2,5,9377.38,1,1,1,0,0,1
Suez Canal University,Room,Female,130.5,4,2,8,1539.52,1,0,1,1,0,1
Suez Canal University,Room,Male,188.6,1,1,1,8905.83,1,1,1,1,1,0
Suez Canal University,EntireUnit,Male,130.3,2,1,3,5410.78,0,0,1,1,0,0
Mansoura University,EntireUnit,Female,85.8,3,2,6,4630.15,0,1,1,0,0,0
Alexandria University,EntireUnit,Female,134.4,1,1,1,8522.2,1,0,1,0,1,1
Mansoura University,EntireUnit,Male,131.6,2,2,4,6867.66,1,0,0,1,0,0
Cairo University,Bed,Male,40.4,1,1,1,3677.83,0,1,1,0,0,0
AUC,Room,Female,83.5,3,1,3,3260.58,1,1,1,0,0,1
Suez Canal University,Room,Male,138.6,2,2,4,3364.9,1,1,0,1,1,1
AUC,Bed,Female,193.4,2,1,2,9622.39,1,0,0,1,1,0
Assiut University,Bed,Male,162.2,2,2,4,1424.98,0,0,0,0,1,0
Suez Canal University,Bed,Male,197.4,1,1,1,7939.98,0,0,0,0,0,0
Fayoum University,Room,Male,73.8,1,1,1,2928.79,0,0,0,0,0,0
AUC,Room,Female,143.2,3,2,4,5931.31,0,1,1,1,1,0
Alexandria University,Bed,Male,121.1,2,1,3,2674.6,0,0,0,0,1,0
Benha University,Room,Male,186.6,3,2,5,3196.73,1,1,1,1,0,1
Suez Canal University,EntireUnit,Female,155.5,4,2,7,7935.26,1,1,1,0,1,1
Helwan University,Room,Male,166.9,4,2,8,2184.67,0,1,1,0,0,1
AUC,Room,Male,105.4,3,2,5,4091.97,1,1,1,1,1,1
Zagazig University,EntireUnit,Male,107.2,4,2,4,4115.63,1,0,0,0,0,0
Minia University,Room,Male,123.7,3,2,5,1647.84,0,0,0,0,0,0
Ain Shams University,Bed,Male,112.4,4,2,5,1291.8,0,0,0,1,1,0
Benha University,EntireUnit,Female,121.9,4,2,8,5890.59,1,0,1,1,0,1
Ain Shams University,Bed,Male,159.4,4,2,8,1128.42,0,0,0,0,0,1
Tanta University,Room,Female,65.2,2,1,3,1860.15,1,0,1,1,1,1
Benha University,EntireUnit,Female,102.1,2,1,2,3604.15,0,0,0,0,0,0
AUC,Bed,Female,182.9,4,2,5,4145.6,0,0,1,1,0,1
Minia University,Bed,Female,166.4,2,2,4,1913.68,1,1,1,1,1,1
Assiut University,Room,Male,52.7,2,1,2,1681.52,1,1,0,1,1,1
GUC,EntireUnit,Male,127.6,4,2,5,12851.75,1,0,1,1,1,0
Suez Canal University,Bed,Male,153.7,3,2,5,1450.2,1,0,1,1,1,1
Ain Shams University,Room,Male,114.3,1,1,1,7793.39,1,1,1,1,1,1
Suez Canal University,Room,Male,176.6,4,2,8,2083.96,0,0,1,1,1,1
Tanta University,EntireUnit,Male,166.5,2,1,2,5937.92,0,0,0,0,0,0
GUC,Room,Female,150.9,4,2,6,3288.63,0,0,0,0,0,0
Zagazig University,EntireUnit,Female,60.4,1,1,1,3658.84,1,1,0,1,1,1
Benha University,Bed,Female,85.1,3,2,5,836.84,0,0,1,0,1,0
Zagazig University,Bed,Male,144.7,3,2,5,1361.0,1,0,1,0,0,1
Ain Shams University,Bed,Male,116.2,2,2,4,1672.51,0,0,0,1,1,0
Minia University,Bed,Male,160.1,3,2,4,1468.66,0,0,0,0,0,0
Tanta University,Room,Male,58.4,2,1,3,2074.49,1,1,1,1,1,1
Helwan University,Bed,Female,130.9,2,1,2,3760.98,0,1,1,1,0,1
Mansoura University,EntireUnit,Female,151.4,3,2,5,8724.99,1,1,1,1,1,0
Benha University,Room,Female,164.1,2,1,2,3663.53,0,1,0,1,1,1
Helwan University,Bed,Male,175.6,4,2,4,2295.15,0,1,1,1,1,1
Cairo University,Bed,Female,191.6,2,1,3,4604.67,1,1,1,1,0,0
Tanta University,EntireUnit,Male,69.8,1,1,1,2951.89,0,0,0,0,0,0
Minia University,EntireUnit,Male,146.5,2,1,2,7464.41,1,1,0,1,1,1
Fayoum University,EntireUnit,Male,118.8,4,2,8,5730.38,1,1,0,0,1,0
Alexandria University,EntireUnit,Male,84.1,3,2,4,6544.54,0,1,0,0,0,1
Helwan University,Bed,Female,97.8,2,1,3,1774.52,1,0,1,1,1,1
Tanta University,Room,Male,76.0,1,1,2,2979.22,0,0,0,1,0,0
Benha University,Bed,Male,199.8,2,1,3,2789.56,0,1,1,1,1,0
Zagazig University,Bed,Male,102.9,4,2,4,1522.17,1,1,1,1,1,1
Tanta University,EntireUnit,Female,184.8,4,2,7,8450.68,0,1,0,1,1,1
Mansoura University,Bed,Male,59.9,1,1,2,1686.76,1,0,1,1,0,1
Fayoum University,Bed,Male,114.7,4,2,7,636.76,0,0,0,0,1,0
Zagazig University,Bed,Female,184.7,4,2,5,1883.38,1,1,1,1,1,1
Cairo University,Room,Male,107.3,4,2,5,1895.74,0,1,0,1,1,1
Fayoum University,EntireUnit,Female,81.4,2,2,4,4121.27,1,0,1,0,1,1
Benha University,Bed,Female,158.2,1,1,2,3827.11,0,0,1,1,1,1
Ain Shams University,Bed,Male,153.5,4,2,4,2871.16,1,1,1,1,1,1
GUC,Bed,Female,190.3,4,2,7,2563.15,0,0,1,0,0,0
GUC,Room,Male,131.7,4,2,7,3636.4,1,1,1,1,1,1
Minia University,Bed,Male,185.5,3,1,3,2558.14,0,0,1,0,0,0
Assiut University,EntireUnit,Female,111.9,1,1,2,5363.46,1,1,1,1,1,1
Alexandria University,Bed,Female,53.4,1,1,1,3384.32,1,0,0,1,0,0
Helwan University,Room,Male,89.9,3,1,3,1878.88,1,1,1,0,1,0
GUC,EntireUnit,Male,115.6,3,2,5,13254.93,1,1,1,1,1,1
Suez Canal University,EntireUnit,Female,44.0,1,1,2,3947.12,1,1,1,1,1,1
Cairo University,EntireUnit,Female,89.5,1,1,2,7491.66,1,1,1,1,1,0
Tanta University,EntireUnit,Male,77.2,2,1,3,4671.58,0,1,1,1,1,0
Mansoura University,Bed,Male,169.7,1,1,1,8295.97,0,0,1,0,0,1
Zagazig University,EntireUnit,Female,46.1,1,1,2,3375.28,1,1,1,1,1,1
Mansoura University,EntireUnit,Female,81.2,1,1,1,5741.35,1,1,1,1,1,1
AUC,Room,Male,161.4,3,2,4,6463.17,1,1,0,1,1,0
Assiut University,EntireUnit,Male,128.0,3,2,6,6272.19,1,1,1,1,1,1
Minia University,Bed,Female,190.4,1,1,2,4141.81,1,1,1,1,0,1
Helwan University,Room,Male,85.1,2,2,4,2656.39,1,1,0,0,0,1
Minia University,Room,Female,136.6,4,2,8,1593.06,1,1,1,1,1,0
Fayoum University,Room,Male,190.8,1,1,2,8136.61,1,0,0,1,1,1
Cairo University,Room,Female,196.5,4,2,4,2919.04,0,0,1,1,1,1
Fayoum University,Room,Male,99.2,3,1,3,1230.12,0,0,0,0,0,0
GUC,EntireUnit,Male,198.0,2,1,3,20622.67,1,0,0,0,0,0
Fayoum University,Bed,Male,59.2,1,1,1,3867.79,1,1,1,1,1,1
Suez Canal University,Room,Male,56.9,2,2,4,1666.29,1,1,0,1,0,1
GUC,Room,Female,139.2,3,2,5,4760.37,1,1,1,1,1,1
Helwan University,Room,Male,184.7,1,1,1,8612.9,1,0,0,0,1,0
AUC,Bed,Male,199.7,2,2,4,5729.16,1,1,1,1,1,1
Zagazig University,EntireUnit,Male,81.9,1,1,1,3300.74,0,0,0,0,1,1
Minia University,EntireUnit,Male,64.6,2,1,2,4409.56,1,1,1,1,1,1
Minia University,EntireUnit,Female,87.3,3,2,5,4615.27,1,1,0,0,1,0
Alexandria University,EntireUnit,Male,145.2,1,1,1,10293.83,0,1,1,1,1,1
Assiut University,EntireUnit,Male,179.8,2,1,2,8298.21,0,1,0,1,0,0
Assiut University,EntireUnit,Female,87.6,3,2,6,4439.3,1,1,1,1,1,0
Fayoum University,Bed,Male,79.0,1,1,2,2376.64,1,1,1,1,1,1
Ain Shams University,Bed,Female,95.3,3,2,6,895.36,1,0,0,0,0,1
Assiut University,Bed,Female,175.2,3,1,3,2050.93,0,0,0,0,0,0
Zagazig University,Room,Female,29.2,1,1,1,2599.1,1,1,0,1,1,1
Minia University,Bed,Female,151.6,3,2,4,1637.74,1,1,1,1,1,1
Zagazig University,EntireUnit,Male,188.2,3,1,3,10338.7,1,1,1,1,1,1
Mansoura University,Bed,Female,160.0,4,2,5,1792.65,1,1,0,1,1,0
Assiut University,Room,Female,183.1,1,1,2,7630.11,0,0,1,0,0,1
Cairo University,EntireUnit,Female,167.2,4,2,5,11996.7,0,0,1,1,1,1
Zagazig University,EntireUnit,Male,65.3,2,1,2,3587.21,0,1,1,0,1,1
Ain Shams University,EntireUnit,Male,178.1,1,1,1,12207.31,1,1,1,1,1,0
Assiut University,Room,Female,160.6,1,1,1,7637.25,1,1,1,1,1,1
Alexandria University,Bed,Male,166.1,4,2,8,1284.31,0,0,0,1,0,0
Zagazig University,Bed,Male,75.9,1,1,2,1447.33,0,0,0,1,0,0
Cairo University,Room,Male,82.2,1,1,1,4929.24,0,0,0,0,0,0
Minia University,EntireUnit,Male,190.8,4,2,8,7686.8,0,1,1,1,1,1
Benha University,EntireUnit,Female,156.7,4,2,7,7562.24,1,1,1,0,1,1
Ain Shams University,EntireUnit,Female,109.2,3,2,6,6164.46,1,0,0,0,0,0
Benha University,EntireUnit,Male,55.7,1,1,2,3099.28,0,1,0,0,1,1
Mansoura University,EntireUnit,Female,195.0,2,1,3,8750.2,0,1,0,0,0,1
Zagazig University,EntireUnit,Male,120.4,2,2,4,5350.83,1,0,0,0,0,0
Helwan University,EntireUnit,Female,157.5,4,2,5,8407.74,1,1,1,1,1,1
Fayoum University,Room,Female,159.8,4,2,6,1432.27,1,0,1,0,0,0
Suez Canal University,Bed,Female,167.5,1,1,1,7587.11,0,1,1,1,1,1
Cairo University,EntireUnit,Male,143.2,1,1,2,11279.03,0,1,1,1,1,1
Assiut University,Room,Male,119.0,1,1,2,4336.74,0,0,0,1,0,1
Fayoum University,Room,Female,50.2,1,1,1,3762.29,1,1,1,1,1,1
Ain Shams University,EntireUnit,Female,183.4,1,1,1,11230.36,0,1,1,1,1,1
Tanta University,Room,Female,105.1,4,2,8,1064.4,0,0,0,0,0,0
Mansoura University,EntireUnit,Male,142.0,4,2,6,6037.01,0,0,0,0,1,0
Benha University,EntireUnit,Female,114.9,3,1,3,6700.4,1,1,1,1,1,1
Benha University,EntireUnit,Male,150.0,3,2,5,5987.82,0,0,1,1,0,0
Ain Shams University,EntireUnit,Male,161.0,2,2,4,9916.04,1,1,1,1,1,1
Helwan University,Room,Male,93.2,1,1,2,5569.34,1,0,1,1,1,1
Zagazig University,Bed,Male,112.7,2,2,4,1606.65,0,1,1,1,1,1
Fayoum University,Bed,Female,163.7,3,1,3,2571.42,1,1,1,0,1,1
Cairo University,EntireUnit,Female,99.4,2,1,2,8301.71,1,1,1,1,1,0
Alexandria University,Bed,Male,75.4,3,2,5,957.4,1,0,1,1,0,0
Benha University,Bed,Female,82.2,3,1,3,1706.66,1,1,1,1,1,1
Benha University,Bed,Female,195.3,4,2,8,1160.72,0,0,1,0,1,1
Zagazig University,EntireUnit,Female,148.0,1,1,1,6588.57,1,1,1,0,0,1
Alexandria University,EntireUnit,Male,163.8,4,2,5,11358.08,0,0,0,0,1,1
Ain Shams University,Bed,Female,107.5,3,2,6,1125.03,1,1,1,0,0,0
Tanta University,Room,Male,148.4,4,2,8,1619.18,0,1,0,1,0,0
Alexandria University,EntireUnit,Male,110.6,4,2,4,7768.98,1,0,0,1,0,0
Assiut University,EntireUnit,Male,54.1,1,1,1,3696.54,0,1,1,1,1,0
Suez Canal University,EntireUnit,Female,108.9,4,2,6,5643.16,0,1,0,0,0,1
Suez Canal University,Room,Female,169.7,3,1,3,2832.68,1,1,1,1,1,1
Helwan University,EntireUnit,Male,147.4,2,1,2,7666.64,1,1,1,1,0,0
Alexandria University,Bed,Female,138.8,1,1,2,3978.99,1,0,0,0,0,0
Tanta University,Bed,Male,175.1,4,2,5,1370.96,0,0,0,0,0,0
Fayoum University,Bed,Male,27.6,1,1,1,1872.95,0,1,0,0,1,0
GUC,Room,Male,181.0,4,2,7,4498.11,1,1,1,1,1,0
GUC,Bed,Male,75.1,1,1,2,3901.84,1,1,0,1,0,1
Mansoura University,Room,Female,137.5,3,2,5,1785.85,0,0,0,0,0,0
Assiut University,Bed,Female,173.1,1,1,2,3828.46,1,1,0,0,0,0
Fayoum University,EntireUnit,Male,134.3,1,1,2,5607.46,0,0,1,0,1,0
Benha University,Room,Female,93.5,3,2,6,1447.52,0,0,0,0,1,0
Zagazig University,EntireUnit,Female,151.5,1,1,1,6706.63,0,0,1,1,0,0
AUC,Room,Male,91.2,2,2,4,4399.76,0,0,1,1,0,0
Zagazig University,Room,Male,195.0,3,2,4,2870.52,1,1,1,1,1,1
Fayoum University,Bed,Female,115.5,3,2,5,1012.59,1,1,1,1,0,1
Alexandria University,EntireUnit,Male,44.6,1,1,1,2851.44,0,0,0,0,0,0
AUC,Bed,Female,198.2,4,2,6,3766.01,0,0,0,0,0,1
Assiut University,Bed,Male,153.4,3,2,6,1043.79,1,1,1,0,0,0
Suez Canal University,Room,Female,169.7,1,1,2,7953.27,1,1,1,1,1,1
Suez Canal University,Room,Female,104.8,1,1,2,5495.75,1,1,1,1,1,1
Helwan University,Bed,Female,194.2,4,2,7,1356.57,0,0,0,0,0,0
Assiut University,EntireUnit,Male,192.4,4,2,8,7230.29,1,0,0,1,1,1
AUC,EntireUnit,Female,152.1,2,1,3,17170.55,0,0,1,0,0,0
Assiut University,Bed,Male,121.2,2,1,2,2279.34,0,0,0,0,0,0
Mansoura University,Room,Female,94.5,2,2,4,3102.81,1,1,1,1,1,1
Assiut University,Room,Female,184.9,2,1,2,3324.63,1,0,1,0,0,0
Zagazig University,Room,Male,128.2,2,2,4,2916.26,1,0,0,1,1,1
Ain Shams University,Bed,Female,125.3,4,2,7,1173.04,1,0,1,0,0,0
Zagazig University,EntireUnit,Female,155.4,1,1,1,7791.23,0,1,1,1,0,1
Minia University,Bed,Female,165.8,4,2,8,824.09,0,0,0,0,0,0
Mansoura University,EntireUnit,Female,150.5,3,2,5,8531.55,1,1,1,0,1,0
Benha University,EntireUnit,Male,130.2,1,1,1,5267.1,1,0,0,1,0,0
Cairo University,EntireUnit,Female,147.5,3,2,6,10553.82,1,1,1,1,1,1
GUC,Room,Male,197.1,3,2,4,5871.92,0,0,0,0,0,0
Benha University,Bed,Male,196.8,2,1,2,4117.76,0,0,0,0,0,0
Fayoum University,EntireUnit,Female,142.7,4,2,4,7445.2,1,1,1,1,0,1
AUC,EntireUnit,Female,133.0,2,1,2,12841.13,1,0,0,1,0,0
Helwan University,Bed,Male,152.7,2,2,4,2316.74,1,1,1,1,1,0
Tanta University,Bed,Male,154.1,1,1,1,5454.15,0,0,0,0,0,0
Tanta University,Room,Female,162.5,3,1,3,2253.03,1,0,0,1,1,1
Zagazig University,Bed,Male,85.5,3,1,3,1929.87,1,1,1,1,1,1
Mansoura University,Room,Male,170.1,4,2,4,2082.22,0,0,0,0,0,0
Cairo University,EntireUnit,Male,67.0,1,1,1,5692.92,1,1,0,1,0,1
Tanta University,Room,Male,90.9,2,2,4,1983.64,1,0,0,1,0,1
AUC,EntireUnit,Male,112.9,3,2,6,15081.18,1,1,1,1,1,1
Zagazig University,Room,Male,158.3,2,1,3,3657.02,1,1,0,1,0,1
Minia University,Room,Female,128.1,2,1,2,3528.52,1,1,1,1,1,1
AUC,Bed,Male,179.1,2,1,2,9089.29,1,0,0,1,0,0
Tanta University,EntireUnit,Male,105.0,4,2,7,5332.33,0,1,1,0,1,1
Helwan University,Bed,Female,178.1,3,2,5,1989.72,1,1,1,1,1,1
Assiut University,Room,Female,71.2,2,2,4,2030.17,1,1,1,0,1,1
Cairo University,Room,Female,78.2,3,2,5,1750.32,0,0,0,0,0,0
Alexandria University,Room,Female,196.8,1,1,2,14051.26,1,1,0,1,0,0
Assiut University,Bed,Female,69.1,1,1,1,2992.71,1,0,0,0,0,0
Alexandria University,Bed,Male,138.1,4,2,4,1877.22,0,0,0,0,0,0
GUC,Bed,Male,26.5,1,1,2,2101.74,1,1,1,1,0,1
Mansoura University,EntireUnit,Female,133.7,3,2,6,5517.73,0,0,0,0,0,0
Assiut University,Bed,Female,156.1,2,1,3,2332.73,1,1,0,0,0,0
Tanta University,Room,Male,198.7,4,2,5,2349.06,1,0,1,0,0,0
Mansoura University,Bed,Male,172.3,2,1,3,3058.26,1,1,1,1,1,1
Tanta University,EntireUnit,Male,121.8,4,2,5,6300.81,0,1,0,1,1,1
Helwan University,EntireUnit,Female,176.7,4,2,6,9204.22,1,1,1,1,1,1
AUC,EntireUnit,Female,134.2,4,2,5,13662.74,0,0,0,0,0,0
Suez Canal University,EntireUnit,Male,168.9,3,1,3,7561.22,0,0,1,1,1,0
Suez Canal University,EntireUnit,Female,80.3,3,1,3,4539.76,1,1,1,1,1,1
AUC,Room,Female,171.1,3,2,5,6801.9,1,0,1,1,1,1
Assiut University,EntireUnit,Female,125.1,2,1,2,4821.27,0,0,0,0,0,1
Alexandria University,Room,Male,148.7,1,1,1,8956.12,0,0,0,0,0,0
Helwan University,EntireUnit,Male,184.2,3,2,5,9882.36,1,1,0,0,0,1
Zagazig University,Room,Male,151.7,2,1,2,3134.35,0,0,0,1,1,0
Mansoura University,Bed,Male,174.9,4,2,8,1210.4,1,1,1,1,1,1
Minia University,Room,Female,197.5,2,1,3,4690.01,0,1,1,0,1,1
Ain Shams University,EntireUnit,Male,68.4,2,1,3,5896.5,1,1,1,1,1,1
Assiut University,Room,Female,164.4,3,1,3,2337.8,1,0,1,0,0,1
GUC,Bed,Male,137.0,4,2,5,2684.09,0,0,0,0,0,0
Suez Canal University,Bed,Male,132.0,3,2,4,1662.61,1,1,1,1,0,1
Zagazig University,EntireUnit,Male,192.4,1,1,2,7785.67,0,1,0,0,0,0
Zagazig University,Room,Male,115.3,1,1,1,4492.22,0,0,0,0,0,0
Suez Canal University,Bed,Female,190.9,1,1,1,9438.69,1,1,0,1,1,1
Ain Shams University,Room,Female,191.9,4,2,6,3372.64,0,1,1,0,1,0
Cairo University,EntireUnit,Male,186.6,4,2,6,14410.67,1,1,1,1,1,1
Helwan University,Bed,Female,198.3,4,2,7,1500.34,0,1,1,1,0,0
Assiut University,Room,Female,101.1,2,1,3,1755.22,0,0,0,0,0,1
Assiut University,EntireUnit,Female,107.6,4,2,4,4931.59,0,1,1,0,1,0
Helwan University,Room,Male,181.3,4,2,7,2199.77,1,1,1,0,1,0
Fayoum University,Bed,Male,132.4,3,2,4,1650.39,1,1,1,1,0,0
Ain Shams University,Bed,Male,125.9,4,2,7,1297.42,1,1,1,1,1,1
Zagazig University,Bed,Female,188.6,2,2,4,2249.61,1,1,1,0,0,1
AUC,EntireUnit,Male,129.9,2,2,4,16273.89,1,1,1,1,1,1
Benha University,Room,Male,190.5,2,2,4,4386.89,1,0,1,1,0,1
AUC,Bed,Male,176.5,2,2,4,4879.26,0,0,0,0,0,0
Mansoura University,Bed,Female,107.6,4,2,6,702.34,0,0,0,0,0,0
Minia University,EntireUnit,Female,132.4,4,2,5,4452.69,0,0,0,0,0,0
Ain Shams University,Room,Male,178.6,1,1,2,11046.7,1,1,1,1,1,1
Alexandria University,Room,Male,133.8,4,2,7,1843.15,1,0,0,0,0,0
Suez Canal University,EntireUnit,Female,182.8,2,2,4,8413.92,0,0,0,1,1,1
Minia University,Room,Female,99.8,1,1,2,4348.95,0,0,0,1,1,0
Tanta University,Room,Female,124.6,3,1,3,2230.97,1,1,1,0,0,0
Fayoum University,Bed,Male,141.7,1,1,1,7315.96,1,1,1,0,1,0
Mansoura University,Bed,Female,70.0,1,1,1,2996.66,0,0,0,0,0,0
Minia University,Room,Female,105.8,4,2,6,917.12,0,0,0,0,1,0
Suez Canal University,EntireUnit,Female,173.3,4,2,5,7213.7,0,0,1,0,1,1
Tanta University,Bed,Female,103.6,3,2,5,1054.55,1,1,1,0,1,1
Ain Shams University,Room,Male,189.6,4,2,7,3034.77,1,1,1,1,0,1
Ain Shams University,Bed,Male,120.4,4,2,5,1216.35,0,0,0,0,0,0
Minia University,EntireUnit,Female,179.5,3,2,6,8544.05,1,1,0,0,1,1
Helwan University,EntireUnit,Male,112.8,4,2,5,5791.76,0,0,1,1,0,0
Zagazig University,Bed,Male,117.3,3,2,4,1539.77,1,1,1,1,1,1
GUC,Room,Female,123.3,3,2,4,3718.42,0,0,0,0,1,0
AUC,Room,Female,153.4,4,2,4,4237.46,0,0,0,0,0,0
Alexandria University,Room,Female,190.4,1,1,1,11760.75,1,1,0,1,1,1
Helwan University,EntireUnit,Male,111.8,4,2,4,7123.53,1,1,1,1,1,1
AUC,EntireUnit,Female,145.9,2,1,3,15913.22,0,1,1,1,1,1
Benha University,Room,Female,181.8,2,2,4,3758.35,0,0,1,1,1,0
Helwan University,EntireUnit,Female,98.7,3,2,6,6184.38,1,1,0,0,1,1
Minia University,Bed,Female,178.6,4,2,7,972.07,0,0,0,0,0,0
Suez Canal University,Room,Female,78.7,3,2,6,1595.81,1,1,0,1,1,1
GUC,EntireUnit,Female,88.4,3,1,3,10260.0,0,1,1,1,1,1
Assiut University,Bed,Female,48.1,1,1,2,1040.69,0,0,0,1,0,0
AUC,Room,Female,157.4,4,2,8,3860.39,0,1,0,0,0,0
AUC,Room,Female,118.1,3,2,4,3727.0,0,0,0,0,0,0
Mansoura University,Bed,Female,154.2,4,2,4,2011.76,0,0,0,1,1,1
Cairo University,Room,Male,196.6,4,2,4,2885.51,0,0,0,0,0,0
Tanta University,Bed,Female,178.5,2,1,3,2799.09,1,1,0,0,0,1
Benha University,Bed,Female,181.3,4,2,5,1692.67,1,1,1,1,1,1
GUC,Room,Female,79.6,1,1,2,7919.55,1,0,1,0,0,1
Tanta University,EntireUnit,Female,195.5,2,1,2,8116.23,0,0,0,0,0,1
Suez Canal University,EntireUnit,Male,130.7,3,2,5,5806.03,0,0,0,0,0,0
Mansoura University,Bed,Male,196.0,4,2,6,1477.28,1,0,0,1,1,1
Minia University,EntireUnit,Male,183.8,2,1,2,6752.29,0,0,0,1,0,1
Mansoura University,Room,Female,133.7,4,2,6,1623.25,1,0,0,0,1,1
GUC,Bed,Female,175.6,1,1,2,9032.91,0,1,0,0,1,1
Mansoura University,EntireUnit,Male,165.1,2,1,3,8651.24,0,1,0,0,0,1
Helwan University,EntireUnit,Female,98.3,3,2,4,4021.83,0,0,0,0,0,0
GUC,EntireUnit,Female,39.8,1,1,1,4909.37,1,1,1,1,1,1
AUC,Room,Female,117.2,2,2,4,6433.06,1,1,0,1,1,1
GUC,Room,Male,102.2,4,2,4,2548.7,1,1,1,0,1,1
Benha University,Room,Male,112.1,3,2,5,1458.36,0,0,0,0,0,0
Zagazig University,Bed,Male,178.2,1,1,1,8558.33,0,1,0,1,1,0
Fayoum University,Room,Male,131.7,4,2,5,1057.73,0,0,0,0,0,0
Mansoura University,Room,Female,140.6,4,2,7,1869.21,1,0,1,0,1,0
Ain Shams University,Bed,Male,118.3,4,2,4,1943.18,1,1,1,1,0,0
Mansoura University,EntireUnit,Male,193.2,4,2,5,10418.72,1,1,0,0,0,1
Assiut University,Room,Female,180.6,1,1,2,7866.77,0,0,1,1,1,1
AUC,Bed,Male,135.0,3,2,5,2976.25,0,0,0,0,0,0
AUC,Bed,Female,186.7,3,1,3,6475.21,1,1,0,0,0,0
Fayoum University,EntireUnit,Female,114.2,2,1,2,5238.53,1,1,1,1,1,1
Minia University,EntireUnit,Female,145.6,4,2,8,6252.06,1,1,1,0,0,1
Minia University,Bed,Male,166.1,1,1,2,3654.38,1,1,1,0,0,0
GUC,Bed,Male,119.2,1,1,2,6880.75,0,1,1,1,1,1
Minia University,Room,Male,84.0,1,1,2,3609.65,1,0,0,0,0,1
Tanta University,EntireUnit,Female,55.3,2,1,2,3313.69,0,0,1,1,1,1
Assiut University,Room,Male,110.1,1,1,1,6055.67,1,1,0,1,1,1
AUC,Bed,Male,177.7,3,1,3,6429.16,0,0,0,0,0,0
AUC,EntireUnit,Female,78.9,3,1,3,8618.47,0,1,0,0,0,0
GUC,Room,Female,63.7,2,1,3,3565.95,1,1,1,0,1,0
Tanta University,Room,Male,171.9,4,2,5,1765.25,1,0,1,1,1,1
Tanta University,EntireUnit,Male,188.0,1,1,2,8549.17,1,0,1,0,1,1
Suez Canal University,Bed,Male,122.6,2,1,3,2177.55,1,1,0,0,0,1
Benha University,Room,Male,142.9,3,2,5,2151.63,1,0,1,1,1,1
AUC,EntireUnit,Female,110.0,3,1,3,12847.47,0,0,0,1,0,0
Assiut University,Room,Female,51.7,2,1,2,976.88,1,0,0,0,0,0
Assiut University,Bed,Female,157.5,2,2,4,1867.13,1,1,0,0,1,1
Benha University,EntireUnit,Female,186.6,1,1,1,7399.67,0,0,1,1,0,0
Cairo University,Bed,Male,77.4,3,1,3,2208.97,1,1,1,1,1,1
Assiut University,EntireUnit,Male,123.4,1,1,2,6341.08,1,1,1,1,0,1
Fayoum University,EntireUnit,Male,162.4,4,2,8,6337.26,1,0,1,0,1,1
Ain Shams University,Bed,Female,164.8,2,1,2,5486.19,1,1,1,1,0,0
Helwan University,Bed,Male,65.9,2,2,4,1207.04,0,1,1,0,1,1
Tanta University,Room,Male,128.1,1,1,2,6858.56,1,1,1,1,1,1
Helwan University,EntireUnit,Male,77.7,1,1,1,5214.81,1,1,1,0,1,1
GUC,EntireUnit,Male,149.2,2,1,3,13833.63,1,0,1,0,0,0
Assiut University,EntireUnit,Male,122.8,4,2,8,5743.73,1,1,1,1,1,1
Mansoura University,Room,Male,85.1,3,2,6,1825.04,0,1,1,0,1,1
Suez Canal University,Bed,Female,86.7,2,1,3,1348.49,1,0,0,0,0,1
Benha University,Bed,Female,195.8,2,1,3,2934.37,1,1,0,1,0,0
Mansoura University,Room,Male,101.7,2,1,2,2188.87,0,0,0,0,0,0
Mansoura University,EntireUnit,Female,188.6,3,2,5,8944.63,1,1,1,1,1,1
GUC,Room,Female,164.2,4,2,8,4234.91,0,0,0,1,0,1
Zagazig University,Bed,Female,164.3,1,1,1,6597.51,0,0,1,0,0,0
Helwan University,Bed,Male,178.8,4,2,6,1804.16,1,1,1,1,1,1
Benha University,Room,Male,193.4,3,2,4,2945.69,0,0,0,0,1,1
Ain Shams University,Room,Female,118.6,2,2,4,3270.23,0,0,1,1,0,1
Mansoura University,EntireUnit,Male,162.3,2,2,4,9340.45,1,1,0,0,1,1
Helwan University,Bed,Male,170.5,2,1,2,4513.96,1,0,1,0,0,1
Tanta University,Bed,Male,78.6,3,1,3,1317.23,0,0,1,1,1,1
GUC,Bed,Female,51.8,2,1,2,2658.07,0,0,0,1,0,1
Fayoum University,Room,Female,68.3,2,1,3,2068.85,0,1,1,1,1,0
Cairo University,Room,Female,81.4,2,2,4,2978.17,1,0,1,1,0,1
Alexandria University,EntireUnit,Male,143.0,4,2,8,9690.42,0,1,0,0,1,0
Minia University,Room,Male,140.0,3,2,4,1692.96,0,0,0,1,1,0
Cairo University,Bed,Male,173.8,2,1,2,6461.64,1,1,1,1,1,0
GUC,Bed,Female,152.8,1,1,1,16326.3,1,1,1,1,1,1
GUC,Room,Female,95.5,3,1,3,3006.47,1,0,0,1,0,0
GUC,Bed,Female,151.6,2,1,2,8441.77,0,1,1,1,1,1
Ain Shams University,Room,Female,134.0,3,2,4,2283.05,0,0,0,0,0,0
Helwan University,EntireUnit,Male,192.7,4,2,4,9016.54,1,1,0,1,1,0
Alexandria University,EntireUnit,Female,178.7,3,2,4,9854.0,1,0,0,0,0,0
Suez Canal University,Room,Male,165.3,2,1,3,3803.24,1,0,0,0,0,0
Suez Canal University,Bed,Female,193.5,3,2,6,1308.02,0,0,1,1,0,1
AUC,EntireUnit,Male,159.2,3,2,6,18595.07,1,1,1,1,1,1
Helwan University,Bed,Male,125.0,4,2,8,829.2,1,0,1,1,0,1
Zagazig University,EntireUnit,Male,168.5,4,2,6,7744.55,1,1,1,1,1,0
Minia University,Room,Male,174.0,4,2,6,1596.66,0,0,0,0,0,0
GUC,Room,Male,150.9,4,2,7,3717.72,0,0,1,0,0,0
Suez Canal University,EntireUnit,Female,179.9,3,2,6,7995.67,0,0,0,1,0,1
Cairo University,Room,Female,65.0,1,1,1,4944.84,0,1,0,0,0,0
Mansoura University,EntireUnit,Male,156.0,3,2,5,9259.1,1,1,1,1,0,1
Cairo University,Room,Male,112.0,3,1,3,2823.62,1,1,1,1,1,1
GUC,Room,Male,154.5,3,2,6,4409.3,0,0,1,0,1,0
Benha University,Bed,Male,154.5,4,2,7,990.82,0,0,0,0,1,0
Alexandria University,Bed,Female,155.5,2,1,2,5056.75,0,0,1,1,0,0
Zagazig University,Bed,Female,149.9,4,2,5,1395.83,0,0,1,1,1,1
Zagazig University,Room,Male,40.4,1,1,1,2020.1,0,0,0,1,1,0
GUC,EntireUnit,Male,76.0,1,1,2,7033.62,1,0,1,0,1,1
AUC,EntireUnit,Male,114.2,3,2,6,14374.18,0,1,1,1,1,1
GUC,Room,Female,185.4,1,1,2,19466.35,1,1,1,0,0,1
Cairo University,Room,Male,165.4,2,1,2,5343.24,1,0,0,1,1,0
Helwan University,EntireUnit,Male,68.3,2,2,4,3404.28,0,0,1,0,0,1
Ain Shams University,EntireUnit,Male,80.3,3,2,5,5334.17,0,0,1,0,0,0
Minia University,Room,Female,173.8,3,2,5,1994.51,0,0,0,0,0,0
Cairo University,EntireUnit,Female,200.0,1,1,2,12438.52,1,1,1,1,1,1
Benha University,EntireUnit,Male,121.9,2,1,2,5936.31,1,0,0,1,1,1
Ain Shams University,Bed,Male,66.5,1,1,2,3060.13,1,1,1,1,1,1
Benha University,EntireUnit,Female,153.7,2,1,3,8012.88,1,1,1,1,1,1
AUC,EntireUnit,Male,146.4,4,2,4,16731.14,0,1,0,0,1,0
Minia University,Bed,Male,131.6,4,2,4,1330.72,1,0,0,0,1,1
Zagazig University,EntireUnit,Female,180.9,2,2,4,7844.54,0,0,0,1,0,1
Suez Canal University,Room,Female,137.3,4,2,5,1795.96,0,1,0,1,0,0
Tanta University,Bed,Female,107.8,2,2,4,1444.9,1,0,1,1,1,1
Benha University,Bed,Male,92.8,3,2,6,821.39,1,1,1,1,1,1
Alexandria University,Room,Female,116.6,2,1,2,4387.04,1,1,1,0,1,0
Cairo University,Room,Female,117.8,3,2,5,3153.18,1,1,1,1,1,1
Cairo University,Room,Male,141.3,3,2,6,3757.0,1,1,1,1,1,1
Minia University,Bed,Male,170.6,2,1,3,2220.06,0,0,0,0,0,0
Benha University,Room,Male,86.2,2,1,3,1875.06,0,0,0,0,0,1
Suez Canal University,Room,Male,101.6,3,2,5,2126.65,1,1,1,1,1,0
Alexandria University,EntireUnit,Male,146.4,1,1,1,10301.26,1,1,1,1,1,0
Tanta University,EntireUnit,Male,86.7,1,1,2,5449.21,1,1,1,1,0,1
Mansoura University,Room,Male,133.8,4,2,8,1549.33,1,0,1,1,1,1
Zagazig University,Bed,Male,110.2,4,2,6,931.64,1,1,1,1,1,1
Fayoum University,Bed,Female,195.6,2,2,4,2308.99,1,1,0,0,1,1
Ain Shams University,Room,Female,152.8,4,2,8,2129.93,0,0,0,0,0,0
Suez Canal University,Bed,Female,50.9,1,1,1,2554.65,0,0,0,0,1,0
Assiut University,Bed,Male,191.4,4,2,4,1777.25,0,0,0,0,0,0
Alexandria University,Bed,Male,125.8,2,1,2,3798.84,0,0,0,0,1,0
Zagazig University,Room,Female,90.4,3,2,6,1991.74,1,1,1,1,1,1
GUC,Room,Female,170.7,4,2,4,3924.0,0,0,0,0,0,0
Benha University,Room,Female,146.0,1,1,1,7007.08,1,1,0,1,1,0
Suez Canal University,Room,Female,182.0,4,2,8,1960.08,0,0,0,1,0,0
AUC,Bed,Male,196.1,2,1,3,7276.76,1,1,0,0,0,1
Mansoura University,Bed,Male,103.9,4,2,6,851.32,0,1,1,0,0,0
Benha University,Bed,Female,96.0,1,1,1,4499.75,1,0,1,1,1,1
Zagazig University,Room,Female,156.4,4,2,4,1723.53,0,1,1,0,1,0
Ain Shams University,Room,Female,60.9,2,1,2,2319.52,1,1,1,1,1,1
Fayoum University,Bed,Female,70.6,1,1,2,1365.79,0,0,1,0,0,0
GUC,Room,Male,193.7,3,2,5,6885.66,1,1,1,1,1,1
Fayoum University,Bed,Male,104.7,1,1,2,2325.1,1,1,0,0,1,1
Helwan University,Bed,Female,130.4,2,1,3,1904.61,1,0,0,0,1,1
Helwan University,EntireUnit,Female,155.8,4,2,5,7483.1,0,0,1,1,0,0
Benha University,Bed,Male,103.8,2,2,4,1215.1,1,0,0,1,1,1
Helwan University,Room,Female,125.3,4,2,5,1438.61,0,0,0,1,0,0
Suez Canal University,Bed,Male,174.0,2,2,4,2159.97,1,1,1,1,1,1
Fayoum University,EntireUnit,Female,156.0,1,1,1,5700.25,0,0,0,0,0,0
Alexandria University,Bed,Male,139.9,4,2,8,1280.07,1,1,1,1,0,1
Cairo University,Bed,Male,75.8,3,1,3,2137.37,1,1,1,1,1,1
Cairo University,Room,Female,58.1,1,1,1,3129.83,0,0,0,0,0,0
Helwan University,Room,Male,108.4,3,2,6,2105.98,1,1,0,0,0,0
Zagazig University,Room,Female,177.8,1,1,1,8628.85,0,1,1,1,1,1
AUC,Bed,Female,164.9,4,2,8,2418.5,0,0,1,1,1,0
AUC,Bed,Female,164.0,3,2,6,3400.95,1,1,1,1,1,1
Fayoum University,Room,Male,88.7,3,1,3,1257.07,1,0,1,1,1,1
GUC,Room,Female,104.7,4,2,7,2783.11,1,1,0,1,1,0
Assiut University,EntireUnit,Female,87.5,3,1,3,4048.95,0,1,1,0,1,1
Fayoum University,Room,Female,112.3,4,2,5,948.18,1,0,0,0,0,0
Benha University,EntireUnit,Male,195.6,4,2,6,8603.46,0,1,1,1,0,0
GUC,EntireUnit,Male,95.0,3,2,4,10222.27,1,1,1,1,1,1
AUC,Bed,Male,173.7,4,2,8,2391.57,0,0,0,0,1,0
Mansoura University,Room,Female,86.1,2,1,2,1750.31,0,0,0,0,0,0
Assiut University,EntireUnit,Male,148.8,3,2,4,6005.22,0,0,1,0,1,1
Zagazig University,Room,Male,168.2,3,1,3,2945.17,1,1,1,1,1,1
Minia University,EntireUnit,Male,198.9,4,2,5,7146.52,1,0,0,0,0,0
Cairo University,EntireUnit,Male,195.2,2,1,3,14110.73,1,1,1,1,1,1
Suez Canal University,Room,Female,143.9,1,1,1,6399.39,0,0,0,0,0,0
Minia University,Room,Female,160.6,4,2,4,1976.47,0,1,0,1,1,1
Suez Canal University,Room,Female,173.9,4,2,5,2230.87,0,1,1,1,1,0
Suez Canal University,EntireUnit,Male,163.6,4,2,7,7550.57,1,1,1,1,1,0
Benha University,Bed,Male,196.9,4,2,6,1521.02,1,1,1,0,0,1
AUC,Room,Male,134.5,2,1,2,7343.67,1,1,0,1,1,0
Mansoura University,Bed,Male,145.7,3,1,3,2640.03,1,1,1,0,0,0
GUC,Bed,Male,188.2,2,2,4,4893.95,0,1,1,0,1,0
Assiut University,Room,Female,102.7,2,2,4,2137.84,1,1,0,1,0,0
GUC,Room,Female,179.0,2,1,2,7869.67,0,0,0,1,0,0
Zagazig University,Bed,Female,149.0,3,2,4,1680.82,0,0,1,1,1,1
Minia University,EntireUnit,Male,145.3,3,2,4,6887.95,1,1,1,1,1,1
Tanta University,Room,Female,115.4,4,2,6,1066.68,0,0,0,0,0,0
Alexandria University,EntireUnit,Female,169.6,4,2,4,12033.77,1,0,0,1,1,1
Minia University,EntireUnit,Male,138.4,2,1,2,4755.82,0,0,0,0,0,0
Suez Canal University,EntireUnit,Male,199.5,3,2,5,9036.44,0,1,1,1,1,1
Tanta University,Bed,Male,152.5,3,2,6,1001.53,1,0,0,1,1,1
Alexandria University,EntireUnit,Male,187.5,3,2,4,10548.36,1,0,0,0,1,1
GUC,EntireUnit,Female,176.2,1,1,2,17707.32,1,0,0,1,0,1
Fayoum University,Bed,Female,163.9,3,1,3,2042.47,1,0,1,1,1,1
Mansoura University,Bed,Male,182.8,4,2,4,2016.24,1,0,1,1,0,1
Ain Shams University,Room,Female,155.5,2,2,4,5625.7,1,1,0,1,1,1
Tanta University,Room,Female,171.7,3,1,3,2316.75,1,0,0,1,0,0
Fayoum University,Bed,Male,56.4,2,2,4,970.28,1,1,1,1,1,1
Helwan University,Room,Male,188.7,3,1,3,3349.23,1,1,1,1,1,1
Alexandria University,EntireUnit,Male,187.3,1,1,1,13524.91,1,1,1,1,1,1
Cairo University,Room,Female,92.1,2,1,2,3091.2,0,0,1,0,0,1
Fayoum University,Room,Female,170.2,2,2,4,4335.1,1,1,1,1,1,1
Fayoum University,Bed,Male,176.9,2,1,2,3392.81,1,0,1,0,1,1
Benha University,Room,Female,97.6,3,2,5,1297.97,0,0,0,0,0,0
GUC,Room,Female,101.2,3,1,3,2810.43,1,0,0,0,0,0
Tanta University,Bed,Female,55.4,2,1,2,1459.36,1,0,1,0,0,1
Assiut University,Bed,Female,117.7,4,2,7,804.7,0,1,1,1,1,1
Ain Shams University,EntireUnit,Male,196.1,2,1,3,12896.34,0,1,1,0,0,1
Mansoura University,EntireUnit,Female,179.4,2,2,4,8459.14,0,1,0,1,0,0
Assiut University,Room,Male,145.2,2,2,4,2743.28,1,0,0,1,0,0
Tanta University,Room,Female,179.4,4,2,7,2371.46,1,1,1,1,1,0
GUC,Room,Male,185.8,4,2,8,4579.16,0,1,0,0,0,0
Cairo University,Bed,Female,169.0,1,1,2,5538.7,1,1,0,1,1,1
Helwan University,EntireUnit,Female,111.4,3,2,6,5822.39,1,1,1,0,1,1
Helwan University,Room,Male,53.4,1,1,2,2585.35,1,0,0,0,1,0
Helwan University,Room,Female,105.3,1,1,2,4943.33,1,0,0,1,0,0
AUC,Room,Female,179.4,2,2,4,9548.95,1,0,0,0,0,0
Suez Canal University,Bed,Female,172.8,4,2,5,1343.55,0,0,0,0,1,0
Benha University,Room,Female,134.4,4,2,4,1685.26,1,1,1,1,1,1
Minia University,Bed,Male,168.4,3,2,5,1212.78,1,0,1,1,0,0
Mansoura University,Room,Male,45.3,1,1,1,2159.52,0,0,0,0,1,1
Zagazig University,Room,Female,157.0,3,2,6,2317.93,0,1,1,0,1,1
Zagazig University,Bed,Male,88.7,3,2,6,847.1,1,1,1,0,0,1
Minia University,EntireUnit,Male,130.6,3,2,5,6329.85,0,1,1,0,1,0
Helwan University,EntireUnit,Male,112.5,1,1,1,5197.11,1,0,0,1,0,0
Mansoura University,EntireUnit,Male,192.6,4,2,6,9679.74,1,1,1,1,0,0
Alexandria University,Bed,Female,131.4,3,2,4,2541.09,1,1,1,0,1,1
Mansoura University,Bed,Female,162.8,1,1,1,10029.01,1,1,1,1,1,1
Helwan University,EntireUnit,Female,181.9,3,2,5,7987.2,0,0,1,0,0,0
Mansoura University,Room,Female,117.7,1,1,1,6307.83,1,0,0,0,1,1
Tanta University,Room,Female,107.5,3,2,5,1432.85,0,0,0,1,1,0
Fayoum University,Bed,Female,106.8,2,2,4,1310.99,1,1,0,1,0,1
Suez Canal University,Bed,Female,111.7,4,2,8,700.27,1,0,1,1,1,0
Cairo University,Bed,Female,177.5,4,2,6,1789.16,0,0,0,1,0,0
Mansoura University,EntireUnit,Male,160.5,4,2,7,8835.18,1,1,1,1,1,1
AUC,Bed,Female,94.9,1,1,2,5180.57,0,0,0,0,0,0
Ain Shams University,Room,Female,40.7,1,1,2,2935.3,1,0,0,1,1,1
Suez Canal University,EntireUnit,Female,81.9,3,2,4,3612.53,1,0,0,0,1,0
Tanta University,Bed,Male,154.3,4,2,7,922.29,0,0,0,0,0,0
Helwan University,Bed,Female,133.0,3,1,3,2142.84,0,0,1,1,0,0
Helwan University,Room,Female,160.9,2,1,2,4575.62,0,1,0,1,1,0
Alexandria University,EntireUnit,Female,173.1,2,1,2,11848.3,1,0,0,0,1,1
Suez Canal University,Room,Female,168.8,4,2,7,2282.22,1,1,1,1,0,1
Assiut University,EntireUnit,Male,62.5,2,2,4,2571.45,0,0,1,0,0,0
Fayoum University,EntireUnit,Male,131.5,3,1,3,5385.07,1,0,1,0,0,0
Suez Canal University,Room,Male,175.9,2,1,2,4808.08,1,1,1,0,1,1
Minia University,EntireUnit,Male,107.5,2,1,3,4577.14,0,0,0,0,1,1
Minia University,Bed,Female,197.3,4,2,8,995.8,1,1,0,1,1,0
Minia University,Room,Male,144.7,4,2,7,1362.01,0,0,0,0,0,0
Alexandria University,Room,Female,194.9,1,1,1,12181.71,0,1,0,0,1,0
Alexandria University,EntireUnit,Male,107.3,4,2,5,8284.8,1,1,1,1,0,0
AUC,EntireUnit,Female,147.0,2,2,4,15357.24,0,0,0,0,0,0
GUC,EntireUnit,Male,193.3,4,2,8,18936.33,0,0,0,0,0,0
Minia University,EntireUnit,Male,179.0,4,2,4,8157.78,1,1,1,1,1,1
Ain Shams University,Bed,Male,98.2,1,1,1,7888.58,1,1,1,1,1,1
Fayoum University,Bed,Male,145.0,4,2,5,1305.79,0,1,1,1,1,1
Minia University,EntireUnit,Female,141.4,4,2,8,5789.48,0,1,0,1,1,1
Cairo University,Room,Female,125.5,4,2,6,1763.95,0,0,0,0,0,0
Mansoura University,EntireUnit,Female,143.5,3,2,4,5856.34,0,0,0,0,0,1
Zagazig University,Room,Male,67.2,2,2,4,1732.83,0,0,0,1,1,1
Fayoum University,Room,Female,101.2,3,2,5,1966.53,1,1,1,1,1,0
AUC,EntireUnit,Male,195.8,4,2,6,22188.48,0,0,0,0,0,0
Suez Canal University,Room,Female,177.1,2,1,3,4171.69,0,1,1,1,1,1
Helwan University,Bed,Male,199.6,4,2,6,1694.75,1,1,1,1,1,1
Alexandria University,Room,Female,130.9,3,1,3,2792.06,0,1,0,0,0,0
Alexandria University,Bed,Male,109.7,3,2,6,1078.43,1,0,0,0,0,0
Minia University,Bed,Male,133.5,2,1,3,1724.53,0,0,0,0,0,0
Tanta University,Bed,Female,192.4,3,2,4,1823.04,0,0,0,0,0,0
Cairo University,Room,Female,139.5,2,2,4,4872.68,1,1,1,1,1,1
Benha University,EntireUnit,Female,137.7,2,1,3,6810.3,1,1,1,1,1,1
Ain Shams University,Room,Male,175.5,1,1,1,10801.52,0,0,0,0,0,0
Assiut University,Room,Male,52.5,1,1,1,2095.2,0,0,0,0,0,0
Minia University,EntireUnit,Female,131.4,1,1,1,6361.51,1,1,1,1,1,1
Zagazig University,Bed,Female,199.6,3,2,6,1695.3,1,1,1,1,1,1
AUC,EntireUnit,Male,106.0,4,2,8,11336.63,1,0,0,0,0,1
GUC,Bed,Male,190.6,1,1,2,9220.19,0,1,0,1,0,0
Ain Shams University,Room,Female,181.2,3,2,5,3592.18,1,0,1,1,0,1
Tanta University,EntireUnit,Male,126.8,4,2,8,6745.64,0,1,0,1,1,0
Assiut University,EntireUnit,Female,139.7,3,2,5,5802.16,0,1,1,0,0,0
Minia University,Room,Male,116.4,1,1,2,4779.45,1,0,0,0,1,0
Fayoum University,Room,Female,188.4,3,2,6,2127.94,0,0,1,0,0,0
Minia University,Bed,Female,70.0,1,1,1,3419.99,1,1,0,0,1,1
Assiut University,Room,Male,118.9,3,1,3,1519.01,1,0,1,1,0,1
Cairo University,Bed,Female,64.7,1,1,1,5612.69,1,1,1,1,1,1
Mansoura University,EntireUnit,Female,107.1,4,2,6,4994.98,0,0,0,1,0,1
Tanta University,EntireUnit,Male,100.0,2,1,3,4197.9,0,0,0,0,0,1
AUC,EntireUnit,Female,136.6,3,2,4,17225.18,0,1,1,1,0,1
Minia University,Bed,Male,100.5,4,2,4,1216.44,1,1,1,1,1,1
Benha University,Room,Female,77.4,3,2,4,1470.35,1,1,0,1,0,1
Cairo University,Room,Female,166.5,2,1,3,5007.16,0,0,0,0,1,1
Fayoum University,EntireUnit,Female,193.8,3,1,3,6155.02,0,0,0,0,0,0
Assiut University,Room,Female,106.3,1,1,2,5728.69,1,1,1,1,1,1
Assiut University,Room,Female,174.3,4,2,6,1767.05,0,1,1,0,1,0
Benha University,EntireUnit,Female,170.2,2,1,2,6394.69,0,0,0,0,0,0
Ain Shams University,Bed,Male,79.9,3,2,5,856.41,0,0,0,0,1,1
Zagazig University,EntireUnit,Female,82.5,2,1,2,3438.19,0,0,0,0,0,0
Tanta University,Bed,Female,155.7,4,2,4,2002.62,1,1,1,1,1,1
Helwan University,Room,Male,194.6,2,1,3,4694.22,0,0,1,0,1,0
Zagazig University,Room,Female,108.8,1,1,1,4874.46,1,0,0,1,1,0
Tanta University,Room,Male,185.1,3,2,5,2906.47,1,1,0,0,0,0
AUC,Bed,Female,138.6,4,2,6,2539.26,0,0,0,0,0,0
Alexandria University,Room,Female,49.9,1,1,2,3041.96,0,0,1,0,0,1
Minia University,EntireUnit,Female,82.2,3,2,6,4963.52,1,1,1,1,1,0
Helwan University,EntireUnit,Female,159.7,2,2,4,6468.83,1,0,0,0,0,0
Mansoura University,EntireUnit,Female,144.4,2,1,3,7134.36,0,0,0,0,1,1
Ain Shams University,Bed,Female,114.1,3,2,5,1443.99,1,1,1,1,1,1
Assiut University,Room,Male,97.7,3,1,3,1774.59,1,1,1,1,1,1
Cairo University,Bed,Female,138.5,4,2,6,1396.73,0,1,0,0,0,1
Cairo University,EntireUnit,Female,157.0,2,1,2,11108.61,0,0,0,1,1,1
AUC,Room,Female,79.4,3,2,5,3015.99,1,0,1,1,1,1
GUC,EntireUnit,Female,136.9,1,1,1,11594.24,0,0,0,0,0,0
Suez Canal University,Room,Female,91.4,3,1,3,1555.0,0,1,0,1,1,0
Ain Shams University,Room,Male,191.0,4,2,5,2906.45,1,1,0,1,1,1
Assiut University,EntireUnit,Female,175.4,4,2,7,6605.73,0,0,0,0,0,0
Benha University,Room,Female,115.7,4,2,6,1414.11,0,1,1,1,0,1
Minia University,Bed,Male,126.1,1,1,2,2747.67,0,0,1,1,0,0
Minia University,Room,Male,157.7,2,1,2,3037.84,1,0,1,1,1,1
Mansoura University,Bed,Female,184.3,2,1,2,4742.69,1,1,1,1,1,1
Cairo University,Bed,Female,191.2,4,2,6,2030.21,1,0,0,1,1,0
Helwan University,EntireUnit,Female,196.3,3,2,5,10455.28,0,1,0,0,0,1
Zagazig University,Bed,Male,143.0,2,1,2,4086.38,1,1,1,1,1,1
Suez Canal University,EntireUnit,Female,131.0,4,2,7,5794.81,0,0,0,0,0,0
Minia University,Room,Male,163.5,1,1,2,5824.88,0,0,1,0,1,0
Fayoum University,EntireUnit,Female,63.6,2,1,3,4184.57,0,1,1,0,1,1
Assiut University,Room,Female,185.5,4,2,8,1967.71,1,0,1,0,1,0
Benha University,Bed,Male,149.8,1,1,2,3868.7,0,1,1,0,0,1
Tanta University,EntireUnit,Male,113.0,3,2,5,4048.04,0,0,0,0,0,0
GUC,EntireUnit,Male,85.5,3,2,6,8240.7,0,0,1,1,1,1
Minia University,Bed,Male,132.2,3,2,5,904.47,1,0,0,0,0,0
Zagazig University,EntireUnit,Female,140.5,4,2,6,7110.28,1,0,1,0,1,0
GUC,Bed,Female,175.5,4,2,7,2584.67,1,1,1,1,1,1
Assiut University,Bed,Female,129.9,2,2,4,1438.11,0,1,1,0,0,1
Suez Canal University,EntireUnit,Male,188.3,1,1,2,8306.78,0,0,0,0,0,0
Helwan University,Bed,Male,184.7,1,1,1,7731.42,0,0,1,0,1,1
Benha University,Room,Female,177.3,3,1,3,3227.0,1,1,1,1,1,1
Benha University,Bed,Female,136.6,4,2,8,814.01,1,1,1,1,1,1
Ain Shams University,Bed,Female,157.7,3,1,3,3089.18,0,1,0,0,1,0
GUC,Bed,Female,178.9,2,1,3,5260.52,0,0,0,0,0,0
Assiut University,Room,Male,114.6,3,2,4,1842.15,1,1,0,1,0,1
Suez Canal University,EntireUnit,Female,167.5,4,2,7,7071.83,1,0,1,0,1,1
AUC,EntireUnit,Female,77.3,2,2,4,10226.51,1,1,1,1,1,1
GUC,EntireUnit,Female,191.5,2,2,4,20102.28,1,1,1,0,1,1
Zagazig University,EntireUnit,Male,189.8,3,2,4,7840.91,0,0,0,0,0,1
Fayoum University,Bed,Male,26.9,1,1,1,2019.32,1,1,0,0,0,0
Suez Canal University,Bed,Male,126.9,3,2,4,1736.77,1,1,1,1,1,1
Cairo University,EntireUnit,Female,113.8,4,2,6,8479.25,1,1,1,1,1,1
Fayoum University,EntireUnit,Male,108.5,1,1,1,5360.41,1,1,1,1,0,1
Zagazig University,Room,Female,183.1,3,2,6,2843.22,0,1,1,1,1,1
Zagazig University,EntireUnit,Male,150.0,4,2,5,6324.16,0,0,0,0,0,0
Assiut University,Bed,Male,142.3,4,2,8,600.21,0,0,1,0,0,0
Ain Shams University,EntireUnit,Male,181.8,4,2,8,10811.88,1,1,1,1,1,1
AUC,Room,Female,65.8,2,2,4,3863.84,0,0,1,0,0,0
Zagazig University,EntireUnit,Female,173.1,3,1,3,7684.52,0,1,1,1,0,1
Zagazig University,Bed,Female,82.7,3,1,3,1304.48,0,1,0,0,0,0
Ain Shams University,EntireUnit,Female,57.9,2,1,3,4758.82,1,1,1,1,1,1
AUC,EntireUnit,Female,112.5,3,1,3,11405.11,0,0,1,0,1,1
GUC,Room,Female,161.5,4,2,5,3724.89,1,1,1,1,1,1
GUC,EntireUnit,Female,154.3,3,2,5,13167.89,1,0,1,0,0,1
Alexandria University,Bed,Male,174.4,4,2,6,1927.3,0,1,1,1,1,1
Mansoura University,EntireUnit,Female,170.6,3,1,3,8047.48,0,0,0,0,0,0
Alexandria University,Room,Male,149.9,4,2,8,2803.76,0,1,1,0,0,1
Fayoum University,Bed,Male,98.9,2,1,2,2062.61,0,0,1,1,1,1
Helwan University,Room,Male,103.0,4,2,6,1506.78,0,1,0,0,1,0
Cairo University,EntireUnit,Female,111.6,1,1,2,8597.68,1,1,1,1,1,1
Alexandria University,Bed,Male,152.1,1,1,1,10074.05,0,0,1,1,1,0
Alexandria University,Room,Male,113.4,3,2,6,2543.8,1,0,1,0,1,1
Fayoum University,Room,Male,156.7,2,1,3,3209.88,1,1,1,0,0,1
Alexandria University,Bed,Female,154.8,4,2,5,2328.68,0,1,0,1,1,1
Ain Shams University,Room,Male,178.9,2,1,2,5979.72,1,1,1,1,1,1
Cairo University,Bed,Male,186.8,2,1,3,3328.25,0,0,0,0,0,1
Fayoum University,EntireUnit,Male,106.5,3,2,4,4962.15,1,1,1,1,1,0
Helwan University,Room,Female,175.9,1,1,2,8032.1,1,0,0,0,0,1
AUC,Room,Female,123.5,3,2,4,4374.18,1,1,1,1,1,1
Minia University,Bed,Male,195.5,4,2,4,2037.05,1,1,0,0,1,1
Helwan University,EntireUnit,Male,194.7,3,2,4,8995.16,0,1,1,1,1,1
Minia University,Room,Male,103.7,1,1,2,4887.21,1,1,1,1,1,1
Helwan University,Room,Female,151.0,2,2,4,3835.07,0,1,1,0,0,1
Mansoura University,Room,Female,144.2,2,2,4,3910.43,1,1,1,1,1,1
Mansoura University,EntireUnit,Female,196.3,4,2,8,8752.5,0,0,0,0,0,0
Cairo University,EntireUnit,Female,160.3,4,2,6,11073.74,0,1,1,1,1,0
Ain Shams University,EntireUnit,Female,189.6,4,2,6,10624.9,1,0,1,0,0,0
Cairo University,Room,Male,126.4,3,2,6,2600.64,0,0,0,0,0,0
Assiut University,Bed,Female,110.6,1,1,2,2152.15,0,0,0,0,0,0
AUC,Bed,Female,56.4,2,1,3,1937.37,0,0,0,0,0,0
Fayoum University,Room,Male,107.3,4,2,7,1276.49,0,1,1,0,0,0
Helwan University,Room,Male,115.5,1,1,1,4945.95,0,0,0,0,1,0
Fayoum University,Bed,Female,182.7,4,2,8,1129.34,0,1,1,1,1,1
Mansoura University,EntireUnit,Male,130.8,3,1,3,7741.15,1,1,1,1,1,1
Ain Shams University,EntireUnit,Female,154.9,3,2,4,7758.38,0,0,0,0,0,0
Ain Shams University,EntireUnit,Female,159.9,3,2,6,9657.79,1,1,1,1,1,1
Ain Shams University,Bed,Female,44.2,1,1,2,1490.21,1,0,0,0,0,0
Alexandria University,Bed,Female,129.8,1,1,2,3799.15,0,0,0,0,0,0
Fayoum University,Room,Female,116.7,1,1,2,5275.31,1,1,1,0,0,1
Minia University,EntireUnit,Female,166.0,4,2,5,7160.19,0,1,0,1,0,1
Ain Shams University,Room,Male,114.1,1,1,1,7327.16,0,0,0,0,1,0
Benha University,Bed,Male,83.5,2,1,3,1414.92,0,1,0,0,0,0
Assiut University,Bed,Female,179.1,4,2,6,1262.8,1,1,1,1,1,1
Alexandria University,Room,Female,141.2,1,1,2,9290.79,1,1,0,0,0,0
Benha University,Bed,Male,97.8,3,2,5,1176.13,1,1,1,1,1,0
GUC,Room,Female,195.7,4,2,4,4489.2,1,1,1,1,1,1
Minia University,EntireUnit,Male,174.1,3,2,6,7155.27,0,1,1,1,1,0
Alexandria University,Bed,Male,171.0,4,2,7,1635.42,0,0,0,1,1,0
Alexandria University,Bed,Male,125.6,1,1,1,6778.6,0,0,0,0,0,0
Zagazig University,Bed,Female,149.4,2,1,2,3082.33,1,0,1,1,0,0
Fayoum University,Bed,Female,83.2,3,2,4,957.01,0,0,1,0,1,0
Alexandria University,EntireUnit,Male,156.1,4,2,8,9667.82,0,1,0,0,0,0
Cairo University,EntireUnit,Male,36.9,1,1,1,4006.78,1,1,1,1,1,1
Suez Canal University,Room,Female,168.6,4,2,5,2142.17,1,1,1,1,1,1
GUC,Room,Female,165.4,4,2,4,3790.57,0,1,0,0,0,1
Mansoura University,EntireUnit,Male,186.8,4,2,8,9367.49,1,0,1,1,0,0
Suez Canal University,Bed,Female,75.6,3,2,5,592.71,1,0,0,0,0,0
Alexandria University,Bed,Female,189.1,1,1,2,5953.75,1,1,1,1,1,1
GUC,Room,Female,127.0,1,1,2,13558.68,1,1,1,1,1,1
Tanta University,EntireUnit,Female,122.3,2,1,3,4803.7,1,0,0,1,0,0
Suez Canal University,Bed,Female,102.9,3,2,6,820.71,1,1,1,1,0,0
Minia University,Room,Male,69.8,2,1,3,2082.53,0,1,1,1,0,0
Mansoura University,Bed,Male,147.6,4,2,4,2277.03,1,1,1,1,1,1
Assiut University,EntireUnit,Female,179.0,2,2,4,6608.23,0,0,0,0,0,0
Zagazig University,EntireUnit,Female,116.1,3,2,6,4989.05,0,0,0,0,0,0
Zagazig University,EntireUnit,Male,153.4,1,1,1,7289.2,1,1,1,0,1,0
Zagazig University,EntireUnit,Male,187.3,3,2,6,9241.53,1,0,1,1,1,0
Cairo University,Room,Female,185.5,2,2,4,7083.06,1,1,1,1,1,1
AUC,EntireUnit,Female,163.2,4,2,7,16638.01,1,1,1,1,0,1
Mansoura University,Bed,Female,73.4,2,1,3,1073.61,0,0,0,0,1,1
Tanta University,Room,Male,195.5,1,1,1,8608.67,1,1,0,0,0,1
Benha University,Bed,Female,66.0,1,1,1,2398.47,0,0,0,0,0,0
Alexandria University,EntireUnit,Female,53.5,1,1,1,5285.25,1,1,1,1,1,1
Tanta University,EntireUnit,Female,182.3,1,1,2,7578.07,0,0,0,0,1,0
AUC,EntireUnit,Female,75.8,3,2,5,9062.03,0,1,1,1,1,0
AUC,Room,Male,102.4,1,1,2,12180.73,0,0,0,1,0,1
Helwan University,Room,Male,29.6,1,1,1,1641.93,1,0,0,0,1,1
Helwan University,Bed,Female,192.8,4,2,6,1548.53,0,0,1,1,1,1
AUC,Bed,Female,184.4,1,1,2,10104.99,0,0,1,0,0,0
Tanta University,Bed,Male,186.2,4,2,5,1849.2,1,1,1,1,1,1
GUC,Bed,Female,69.9,2,2,4,1541.99,0,0,0,0,0,0
Helwan University,EntireUnit,Male,196.5,1,1,2,9820.54,1,0,0,0,0,0
Minia University,Room,Male,53.5,2,1,3,1755.34,1,1,1,1,1,1
Alexandria University,EntireUnit,Female,51.0,1,1,2,2985.2,0,0,0,1,0,1
Suez Canal University,Room,Female,193.4,1,1,1,7700.08,1,0,0,1,0,0
Suez Canal University,Room,Male,78.5,2,2,4,1925.36,1,0,1,0,1,0
Ain Shams University,Room,Female,96.3,3,2,5,2453.03,1,1,0,1,1,0
Tanta University,Bed,Male,123.6,4,2,5,1118.2,0,1,1,0,0,0
Fayoum University,EntireUnit,Female,91.0,3,1,3,5083.08,1,1,1,1,1,1
Assiut University,Bed,Female,113.3,2,1,3,1717.79,0,1,1,0,0,1
Ain Shams University,Room,Female,118.3,4,2,4,1935.33,0,1,1,0,1,1
Benha University,EntireUnit,Female,104.2,4,2,5,4464.05,0,0,0,1,1,0
GUC,EntireUnit,Male,151.0,3,1,3,16743.56,1,1,1,1,1,1
Mansoura University,Bed,Male,120.1,4,2,4,1390.68,0,0,0,0,0,0
Fayoum University,Room,Female,109.5,1,1,2,5074.92,1,1,0,1,0,0
GUC,EntireUnit,Male,151.4,2,2,4,15598.69,1,1,1,1,0,0
Assiut University,Room,Male,194.8,4,2,8,1741.87,1,0,0,0,0,1
Helwan University,EntireUnit,Female,136.5,1,1,1,6891.96,1,1,1,1,1,1
Fayoum University,Room,Female,100.2,2,1,2,2708.39,1,1,1,1,1,1
Zagazig University,Bed,Male,104.2,3,2,4,1001.28,0,0,0,0,1,1
Fayoum University,EntireUnit,Female,178.3,3,1,3,8310.16,1,1,1,1,1,1
Alexandria University,EntireUnit,Male,94.0,3,2,4,7279.11,0,1,0,1,1,1
Helwan University,EntireUnit,Female,159.8,2,1,3,8856.87,1,1,1,1,0,1
Assiut University,Bed,Female,173.8,1,1,2,3493.34,0,1,0,0,0,1
Zagazig University,EntireUnit,Male,189.3,4,2,7,8674.89,0,1,1,1,1,1
Ain Shams University,EntireUnit,Female,31.0,1,1,1,3538.48,0,1,1,0,1,1
Zagazig University,Room,Female,113.6,4,2,5,1053.36,1,0,0,0,0,0
Alexandria University,Bed,Male,83.4,2,1,3,1581.26,0,0,0,0,0,0
Minia University,EntireUnit,Male,102.4,4,2,4,3588.06,0,0,0,0,0,0
AUC,EntireUnit,Female,144.2,2,1,2,15469.12,1,0,1,0,1,0
Cairo University,Room,Male,125.6,2,1,3,4053.02,1,1,1,0,1,1
Assiut University,Room,Male,161.9,2,1,3,2909.64,0,0,1,0,0,1
Suez Canal University,EntireUnit,Male,183.3,4,2,6,7572.2,1,0,0,1,0,1
Tanta University,EntireUnit,Male,82.1,2,2,4,3664.49,0,0,1,0,0,0
Minia University,EntireUnit,Male,72.2,1,1,1,2502.68,0,0,0,0,0,1
Benha University,Room,Male,69.5,1,1,1,4064.33,1,0,1,1,1,1
Helwan University,Bed,Male,197.4,3,2,6,1824.97,1,1,1,1,1,1
Ain Shams University,Bed,Male,126.8,4,2,4,1691.91,0,0,0,1,0,1
Fayoum University,Room,Male,77.8,1,1,1,3193.72,0,0,1,0,0,1
GUC,Room,Female,106.7,1,1,2,10705.14,1,0,0,0,1,0
Suez Canal University,Bed,Male,168.3,2,1,3,2380.67,0,0,1,0,1,1
Suez Canal University,EntireUnit,Male,149.5,2,2,4,6557.52,1,1,1,0,0,1
Helwan University,Room,Male,116.3,2,2,4,2630.53,0,0,0,0,0,1
Cairo University,Room,Female,126.1,1,1,1,10004.23,1,1,1,1,1,1
Alexandria University,Bed,Male,35.1,1,1,1,2046.97,1,0,0,0,0,0
Zagazig University,Room,Female,174.6,4,2,4,1975.48,1,0,1,1,1,1
Cairo University,Room,Male,199.4,3,2,6,4184.03,0,0,1,0,1,0
Benha University,EntireUnit,Female,119.1,3,2,5,6139.25,1,1,0,0,0,0
Fayoum University,Bed,Female,108.6,4,2,5,784.05,0,0,1,0,0,0
Cairo University,Bed,Male,105.3,4,2,4,1978.85,1,1,1,1,0,1
Suez Canal University,Room,Female,132.0,3,2,4,2245.3,1,1,1,0,0,0
Fayoum University,Room,Female,77.0,1,1,1,3515.19,0,0,1,0,1,1
GUC,Room,Male,55.0,2,2,4,2582.67,0,0,0,0,0,1
Assiut University,EntireUnit,Male,92.3,3,2,5,4444.36,0,1,1,1,1,1
GUC,Bed,Female,84.1,3,2,4,1775.71,0,0,0,1,0,0
Ain Shams University,Bed,Female,148.7,2,1,3,3193.28,0,0,1,1,1,0
Helwan University,EntireUnit,Male,173.7,4,2,4,7461.75,0,0,0,0,0,0
Ain Shams University,Room,Female,121.6,3,2,5,2854.9,0,1,1,0,0,1
GUC,EntireUnit,Male,131.9,3,1,3,15435.98,1,1,1,1,1,1
Minia University,Room,Male,125.2,1,1,1,5708.33,1,1,1,1,1,1
Suez Canal University,EntireUnit,Female,152.3,2,1,3,8662.81,1,1,1,0,1,1
Ain Shams University,EntireUnit,Female,126.8,3,2,4,7452.0,0,0,0,0,1,0
Minia University,Bed,Female,151.9,1,1,2,3138.76,1,1,0,1,1,1
Helwan University,Bed,Female,171.9,3,2,5,1785.1,1,1,1,1,1,1
Minia University,EntireUnit,Male,182.0,3,2,6,7313.71,0,1,0,0,0,1
Zagazig University,Bed,Female,77.2,1,1,2,2182.33,0,1,1,1,1,1
GUC,EntireUnit,Male,196.1,1,1,1,17955.71,1,1,1,1,0,1
Benha University,Room,Female,94.7,2,1,3,2333.35,0,0,1,0,1,1
Suez Canal University,EntireUnit,Male,108.6,4,2,4,4370.41,1,0,0,0,0,0
AUC,EntireUnit,Female,123.7,4,2,7,15344.06,1,1,0,0,0,0
Benha University,Room,Female,167.1,4,2,7,1797.76,0,0,0,0,0,0
Suez Canal University,EntireUnit,Female,159.7,1,1,2,7208.42,0,1,0,0,0,0
Minia University,EntireUnit,Male,141.8,4,2,7,5405.3,0,0,1,0,1,0
Mansoura University,Bed,Male,130.0,2,1,2,3128.12,0,1,0,0,0,1
Benha University,Bed,Female,141.0,4,2,7,922.31,0,1,1,1,1,0
Benha University,EntireUnit,Male,107.9,2,1,3,6455.02,1,1,1,1,1,1
GUC,EntireUnit,Female,53.8,1,1,2,6366.04,1,1,1,1,1,1
Zagazig University,Bed,Male,53.8,2,1,3,1028.83,0,0,1,0,1,1
Mansoura University,Bed,Male,110.3,4,2,4,1296.09,0,0,0,0,0,0
Tanta University,Room,Female,195.1,1,1,2,8300.83,1,1,1,0,0,0
GUC,EntireUnit,Female,156.4,4,2,8,15764.62,0,0,0,0,0,0
Suez Canal University,Bed,Male,133.7,1,1,1,7633.84,1,1,1,1,1,1
Ain Shams University,Bed,Male,83.9,3,2,5,1288.68,1,1,1,1,1,1
GUC,Room,Female,70.6,1,1,2,7276.73,0,0,0,1,0,0
GUC,Room,Female,194.4,2,1,2,10047.01,0,0,1,1,0,1
Fayoum University,Room,Male,145.1,4,2,4,1786.58,1,1,1,1,1,1
Benha University,EntireUnit,Female,150.4,4,2,7,6623.66,0,0,0,0,0,0
Suez Canal University,EntireUnit,Male,193.0,4,2,7,8704.23,1,0,1,1,1,1
Alexandria University,Room,Male,96.9,1,1,2,7070.18,1,1,1,1,1,1
Benha University,EntireUnit,Male,169.2,3,2,6,7681.13,1,1,1,0,1,1
Minia University,Room,Male,174.2,3,2,4,2395.8,0,1,0,0,0,1
Cairo University,EntireUnit,Female,70.5,2,1,3,6043.1,1,1,1,1,1,1
Cairo University,Room,Male,124.9,4,2,7,2202.01,0,1,1,1,1,1
AUC,Room,Female,30.6,1,1,1,3242.03,1,0,0,0,0,0
AUC,EntireUnit,Male,157.8,2,1,3,17866.41,0,1,1,1,1,1
Zagazig University,EntireUnit,Male,143.8,2,1,3,6337.28,0,0,0,0,1,0
GUC,Bed,Male,142.0,4,2,5,2331.95,0,0,0,0,0,1
Suez Canal University,Room,Male,179.9,3,2,5,2331.81,0,0,0,0,0,0
Mansoura University,Bed,Female,196.2,3,2,5,1960.53,0,0,0,0,1,0
Mansoura University,Room,Female,116.7,3,1,3,1827.6,1,0,0,1,1,0
GUC,Bed,Male,75.6,3,2,4,1926.4,0,0,0,0,0,0
Assiut University,Room,Female,176.1,4,2,5,2001.38,1,1,1,1,1,1
GUC,EntireUnit,Female,97.7,3,2,6,11240.86,1,1,1,1,1,1
AUC,Bed,Female,91.3,1,1,2,5514.86,1,1,1,1,1,1
Tanta University,Bed,Male,149.6,3,1,3,2218.6,0,0,1,1,1,1
Benha University,Room,Male,131.8,1,1,2,5005.28,0,0,0,1,0,1
Minia University,EntireUnit,Female,157.8,2,1,3,8359.13,1,1,1,1,1,1
Fayoum University,Room,Male,161.2,4,2,4,2076.04,1,1,1,1,1,1
Ain Shams University,Bed,Male,98.2,2,1,2,3108.81,1,1,0,0,1,1
Benha University,EntireUnit,Male,138.9,2,1,2,6537.3,1,1,1,0,1,1
Alexandria University,EntireUnit,Male,64.6,1,1,1,4355.55,0,0,1,0,0,1
Zagazig University,Bed,Female,198.4,2,1,2,5082.99,1,1,0,1,1,0
Fayoum University,Room,Male,118.9,4,2,5,1108.35,1,0,1,0,0,0
Fayoum University,Bed,Male,149.1,2,1,2,3025.11,0,0,0,0,0,1
Helwan University,EntireUnit,Male,34.4,1,1,2,2498.55,0,0,1,1,1,1
Fayoum University,Bed,Female,128.8,2,1,2,2723.98,1,1,1,0,0,0
Suez Canal University,EntireUnit,Female,85.7,2,1,3,3646.61,1,0,0,1,0,0
Benha University,EntireUnit,Male,74.8,1,1,1,3025.61,0,0,0,0,0,0
GUC,EntireUnit,Male,97.9,3,2,4,8239.67,0,0,0,0,0,0
Suez Canal University,Bed,Male,104.5,3,2,5,767.49,0,0,0,0,0,0
Mansoura University,Bed,Female,51.6,1,1,1,3236.0,0,1,1,0,1,0
Helwan University,Room,Female,131.6,4,2,4,1655.07,0,1,0,1,0,1
Ain Shams University,Bed,Male,60.2,1,1,2,2307.91,0,1,0,0,1,1
Zagazig University,Room,Male,121.9,4,2,4,1549.48,1,1,1,1,0,1
Helwan University,Room,Female,128.0,1,1,2,7213.37,1,1,0,1,1,1
Mansoura University,Bed,Female,66.1,2,1,3,1308.39,0,1,0,0,1,1
Cairo University,Room,Female,183.5,3,2,6,4563.06,1,1,0,0,1,1
Mansoura University,Room,Male,89.8,1,1,1,4151.06,0,0,0,0,0,1
Helwan University,Room,Male,106.0,3,2,6,1397.27,0,0,0,0,0,0
Cairo University,EntireUnit,Male,158.7,2,2,4,10050.89,0,0,0,0,0,1
Zagazig University,Bed,Female,50.3,1,1,1,2768.39,1,0,1,0,0,1
Fayoum University,Bed,Female,109.8,3,2,5,1017.23,0,1,0,0,0,0
Suez Canal University,EntireUnit,Female,29.4,1,1,1,2573.14,1,1,0,1,1,1
Zagazig University,Room,Male,138.7,4,2,8,1798.75,0,1,1,0,0,1
AUC,EntireUnit,Male,200.0,4,2,7,23726.26,0,1,1,0,0,1
Cairo University,EntireUnit,Male,96.0,2,1,2,5749.89,0,0,0,0,0,0
Suez Canal University,EntireUnit,Male,111.6,3,1,3,5325.47,1,1,1,1,0,1
Zagazig University,Room,Male,42.2,1,1,2,3519.15,1,1,1,1,1,1
Tanta University,Bed,Male,84.6,3,2,4,953.9,1,0,0,1,1,0
Mansoura University,EntireUnit,Female,139.6,3,1,3,7450.83,0,1,0,1,0,1
Tanta University,EntireUnit,Male,77.9,2,1,3,5463.08,1,1,1,1,1,1
GUC,EntireUnit,Male,182.3,2,1,2,17361.35,0,0,0,0,0,0
Zagazig University,EntireUnit,Female,96.7,1,1,2,4721.75,1,1,0,1,0,1
Mansoura University,Bed,Female,40.5,1,1,1,3477.16,1,1,1,1,1,1
GUC,Bed,Male,103.8,3,2,4,2613.01,0,0,1,0,1,0
Minia University,Bed,Male,151.7,3,2,4,1767.7,0,1,1,1,1,1
Mansoura University,EntireUnit,Female,110.7,4,2,5,6589.58,1,1,1,0,1,1
Alexandria University,Room,Female,176.5,3,2,4,3630.56,0,1,1,1,0,1
Helwan University,Room,Male,28.2,1,1,1,2977.92,1,1,1,1,0,0
GUC,Bed,Male,103.7,4,2,5,2004.08,1,1,1,1,1,1
Helwan University,EntireUnit,Female,189.4,3,1,3,8861.8,1,1,0,1,0,1
GUC,EntireUnit,Male,124.6,4,2,5,14571.12,1,1,1,1,1,1
Tanta University,Bed,Male,150.2,2,1,3,2403.26,0,1,0,1,1,1
Cairo University,Room,Male,145.8,4,2,4,2733.11,0,1,1,0,1,0
Benha University,EntireUnit,Female,61.7,1,1,2,4081.53,1,1,1,0,0,1
Fayoum University,Bed,Female,128.7,4,2,5,1059.54,0,0,1,0,0,0
Assiut University,EntireUnit,Female,139.2,3,2,4,7097.02,1,1,1,1,1,1
Fayoum University,Bed,Male,198.2,4,2,5,1685.62,1,1,0,1,0,1
Alexandria University,EntireUnit,Male,132.8,2,1,2,8228.89,0,0,0,0,0,0
Alexandria University,Bed,Female,141.8,1,1,1,9393.55,0,1,1,1,1,0
Zagazig University,EntireUnit,Male,129.9,4,2,7,6897.52,1,1,1,1,1,0
Tanta University,Room,Female,88.2,3,1,3,1530.24,0,1,1,0,1,1
AUC,Room,Male,83.2,1,1,1,10526.71,0,1,0,0,0,0
Mansoura University,EntireUnit,Female,161.2,2,1,2,8065.19,0,0,1,1,1,0
Cairo University,Room,Female,51.5,1,1,2,5365.32,1,1,1,1,1,1
Assiut University,EntireUnit,Male,93.6,2,2,4,3406.41,0,0,0,0,0,0
Minia University,EntireUnit,Male,112.3,4,2,7,3933.12,0,0,0,0,0,0
Assiut University,Bed,Female,173.5,3,2,5,1576.24,1,1,1,1,1,1
Tanta University,EntireUnit,Male,166.3,2,1,2,7661.26,0,1,0,1,0,0
Helwan University,Room,Male,116.2,2,1,2,3461.58,1,1,0,1,1,1
Benha University,Room,Female,71.0,2,1,3,1718.49,0,0,0,0,1,0
GUC,EntireUnit,Female,173.7,4,2,4,14515.28,0,0,0,1,0,1
Ain Shams University,EntireUnit,Female,107.7,4,2,7,6759.61,1,0,0,0,1,0
Zagazig University,Bed,Male,78.2,3,2,4,781.71,0,0,0,0,0,0
Tanta University,EntireUnit,Male,122.5,1,1,1,5495.14,0,1,0,1,0,1
Minia University,Room,Female,121.2,4,2,5,1155.12,0,0,0,0,0,0
Minia University,EntireUnit,Female,153.3,1,1,1,5957.06,1,0,1,0,0,1
Alexandria University,Bed,Male,64.1,1,1,1,4644.88,1,0,0,1,1,1
Ain Shams University,Room,Female,185.5,3,2,5,4116.26,1,1,1,1,1,1
Cairo University,Room,Female,111.6,4,2,8,1952.14,1,1,0,1,1,1
Helwan University,Room,Male,173.9,2,2,4,3895.97,0,1,0,1,0,0
Zagazig University,Room,Male,27.7,1,1,2,1042.4,0,0,0,0,0,0
Mansoura University,Room,Male,119.3,2,1,2,2888.56,0,1,0,0,0,0
Benha University,EntireUnit,Male,164.2,2,1,2,7245.36,1,0,1,1,1,1
Ain Shams University,EntireUnit,Male,161.7,2,1,3,9522.59,1,1,0,0,1,0
AUC,EntireUnit,Female,147.3,3,2,6,17954.41,1,1,1,1,1,1
Fayoum University,Room,Female,114.3,2,1,2,2101.7,0,0,1,0,0,0
Cairo University,Room,Male,83.5,3,2,5,2132.27,0,1,0,0,1,0
Tanta University,Room,Female,180.9,1,1,1,7590.94,0,0,0,0,1,0
Alexandria University,EntireUnit,Female,184.8,3,1,3,10256.54,0,0,0,1,1,0
Suez Canal University,EntireUnit,Female,179.4,1,1,1,8350.04,1,1,1,1,1,1
Suez Canal University,Bed,Female,126.8,2,1,2,3279.83,1,1,1,1,1,1
Mansoura University,Room,Male,112.2,1,1,1,4742.0,1,0,0,0,0,0
Fayoum University,Room,Male,185.0,4,2,7,1759.6,0,0,1,1,1,0
Benha University,Bed,Female,87.3,1,1,2,1935.86,0,0,0,0,1,0
Benha University,Bed,Male,114.0,2,1,3,2062.89,1,1,0,0,1,1
AUC,Room,Female,119.9,4,2,4,3861.06,1,1,0,0,1,1
Zagazig University,Bed,Female,179.9,3,2,4,1988.98,0,1,1,1,0,1
Ain Shams University,EntireUnit,Male,151.8,4,2,4,9243.06,1,1,1,1,0,1
Assiut University,Bed,Female,119.3,2,2,4,1234.05,0,0,1,1,1,1
Alexandria University,Bed,Male,190.4,1,1,2,5733.15,0,1,1,0,1,0
Suez Canal University,Bed,Male,118.9,3,1,3,1562.77,0,0,1,0,0,1
Tanta University,Room,Female,158.1,4,2,4,1693.21,0,1,0,0,1,0
Cairo University,EntireUnit,Male,104.5,1,1,2,6767.58,1,1,0,1,1,0
Mansoura University,Room,Female,127.2,1,1,1,5894.27,0,0,0,0,0,1
Suez Canal University,Bed,Male,112.4,2,2,4,1166.41,0,0,0,0,0,0
Tanta University,Room,Male,190.4,4,2,4,1999.03,0,1,0,1,1,0
Tanta University,EntireUnit,Male,103.6,4,2,7,4586.31,0,0,0,0,0,0
Ain Shams University,Bed,Female,125.1,3,2,5,1516.04,0,0,0,0,1,0
Benha University,EntireUnit,Female,70.6,1,1,1,4425.1,1,1,0,1,1,0
Mansoura University,EntireUnit,Male,175.6,3,2,6,7159.2,1,0,0,1,0,0
Tanta University,Room,Male,79.9,1,1,2,3073.44,0,0,0,0,0,0
AUC,Room,Male,80.2,3,2,4,2837.31,1,1,0,1,0,0
Benha University,Room,Female,176.8,4,2,7,2177.26,1,1,0,1,1,1
Suez Canal University,EntireUnit,Male,170.7,2,1,2,6817.01,0,0,0,0,0,0
Ain Shams University,EntireUnit,Male,166.2,4,2,5,10055.1,1,1,1,1,1,1
Ain Shams University,EntireUnit,Female,117.3,4,2,5,7810.41,0,1,1,1,1,0
Helwan University,Room,Female,50.6,1,1,2,4425.44,1,1,1,1,1,1
Assiut University,EntireUnit,Male,130.7,2,2,4,5253.41,1,1,0,0,0,0
Cairo University,Bed,Male,179.0,2,1,3,4184.06,0,1,0,0,1,0
Benha University,Room,Female,128.7,2,1,3,3877.57,1,1,1,1,1,1
Alexandria University,Bed,Female,174.9,4,2,8,1603.27,1,1,0,1,1,0
Assiut University,Bed,Male,104.7,3,1,3,1273.67,0,0,0,0,1,0
Benha University,Bed,Female,106.7,3,2,6,712.4,1,0,0,0,0,0
GUC,EntireUnit,Female,130.8,1,1,2,11121.64,0,0,0,0,0,0
Ain Shams University,Room,Female,176.0,4,2,6,3188.74,1,1,1,1,1,1
Alexandria University,EntireUnit,Female,149.4,3,2,4,8288.96,0,0,0,0,0,0
Tanta University,Bed,Female,76.7,3,2,5,824.79,0,1,0,1,0,0
Helwan University,Bed,Female,134.3,1,1,2,3130.87,0,0,0,0,0,0
Alexandria University,EntireUnit,Female,150.5,4,2,8,11506.24,1,1,1,1,1,1
Ain Shams University,Room,Female,183.2,4,2,5,2733.11,0,0,0,1,0,1
AUC,EntireUnit,Female,131.4,4,2,8,16586.46,0,1,1,0,1,1
Cairo University,Bed,Female,140.4,1,1,2,4742.32,1,1,1,0,0,0
GUC,EntireUnit,Male,175.9,2,1,3,15478.79,1,0,1,1,1,0
Fayoum University,EntireUnit,Male,113.3,1,1,1,3861.15,0,0,0,0,0,0
AUC,Bed,Female,49.4,1,1,2,2851.97,0,0,0,0,0,0
Assiut University,Room,Male,118.8,4,2,6,1346.98,0,1,0,1,1,0
Alexandria University,Bed,Male,161.5,3,2,4,2429.15,1,0,0,0,1,0
AUC,Room,Male,117.2,4,2,8,3405.47,1,1,1,1,1,1
GUC,Bed,Female,101.6,3,2,5,2093.28,0,0,0,1,0,0
Tanta University,Bed,Female,168.4,3,2,6,1217.2,0,1,1,0,0,1
Fayoum University,Bed,Female,197.1,2,1,3,2605.16,0,0,0,0,0,0
Fayoum University,Room,Male,34.5,1,1,2,1764.57,1,0,1,1,0,0
Benha University,EntireUnit,Female,88.2,3,2,5,3832.21,1,0,0,0,1,0
Cairo University,Bed,Male,70.5,2,1,2,2710.01,0,1,1,1,1,1
Mansoura University,EntireUnit,Female,188.5,2,1,2,10105.35,1,1,1,1,1,1
Alexandria University,EntireUnit,Female,179.8,4,2,7,10277.09,1,0,0,0,0,1
GUC,Room,Male,48.0,1,1,2,6306.04,1,1,1,1,1,1
Fayoum University,Room,Male,50.9,2,1,2,1978.22,1,1,1,1,1,1
Benha University,Bed,Female,87.1,3,2,5,977.36,0,1,0,0,1,1
AUC,Room,Female,92.6,3,1,3,3337.37,0,0,0,0,1,0
Cairo University,EntireUnit,Male,78.5,2,1,2,6197.97,1,1,1,1,0,1
GUC,Room,Female,94.3,2,1,3,4813.92,1,1,1,1,1,1
Alexandria University,Room,Male,79.8,3,2,4,2191.81,1,1,1,1,1,1
Cairo University,EntireUnit,Male,47.4,1,1,1,3130.17,0,0,0,0,0,0
Assiut University,EntireUnit,Female,174.8,3,2,6,6990.15,1,0,1,1,0,1
Benha University,Bed,Female,137.1,4,2,5,1030.79,0,0,0,0,0,0
Minia University,EntireUnit,Male,190.3,4,2,6,7682.56,0,0,1,1,0,0
Ain Shams University,EntireUnit,Female,145.2,3,2,5,8762.15,1,0,1,1,1,1
Mansoura University,Room,Male,167.5,3,1,3,2463.98,1,0,0,0,0,1
Zagazig University,Room,Male,98.5,1,1,2,5575.77,1,1,0,1,1,1
Alexandria University,Room,Female,112.3,4,2,4,2018.7,0,1,0,1,1,1
Alexandria University,Room,Female,111.2,3,2,5,2701.47,1,1,0,1,1,1
Tanta University,Bed,Female,172.8,4,2,8,936.66,1,0,0,1,0,0
AUC,Bed,Male,170.2,1,1,2,10078.88,1,1,0,1,1,1
Suez Canal University,Room,Female,89.5,1,1,1,4358.01,0,0,0,1,1,1
Zagazig University,EntireUnit,Female,191.9,3,2,4,8264.44,1,1,1,1,0,1
AUC,Room,Male,113.6,4,2,8,3484.31,0,1,0,1,1,1
Tanta University,EntireUnit,Male,83.8,3,1,3,3840.34,0,0,0,1,0,1
Minia University,Bed,Female,157.6,4,2,6,983.76,1,0,0,0,0,0
Fayoum University,Bed,Male,97.5,2,1,3,1630.93,1,1,0,1,1,0
Alexandria University,EntireUnit,Male,142.8,1,1,2,10463.61,1,1,0,0,0,1
AUC,Room,Female,195.7,4,2,4,5469.63,1,1,1,1,1,1
Alexandria University,Room,Male,179.8,3,1,3,3395.93,0,0,0,0,0,0
Fayoum University,EntireUnit,Male,135.9,2,1,2,5237.5,1,0,1,1,1,0
Zagazig University,Bed,Female,48.7,1,1,1,2711.27,0,1,0,0,0,1
Assiut University,Bed,Female,188.0,3,2,6,1018.5,0,0,0,0,0,0
Zagazig University,Room,Female,116.2,1,1,2,4708.79,0,0,0,0,0,0
Alexandria University,EntireUnit,Male,153.5,4,2,8,10072.94,1,1,1,0,1,0
Fayoum University,Bed,Female,103.6,2,1,3,1109.6,0,0,0,0,0,0
Fayoum University,Room,Female,85.2,3,2,4,1451.84,1,0,1,0,1,1
Helwan University,Room,Male,133.4,3,2,5,1963.2,0,0,0,1,1,0
Zagazig University,Bed,Male,186.6,4,2,6,1441.06,1,1,1,1,1,1
Tanta University,Room,Male,132.0,3,2,5,2296.65,1,1,1,1,1,1
Ain Shams University,EntireUnit,Female,144.2,3,1,3,9849.83,0,1,1,1,1,1
GUC,EntireUnit,Female,85.0,2,2,4,7601.8,0,0,0,0,0,0
GUC,Bed,Male,199.9,4,2,5,4206.44,1,1,1,0,0,1
GUC,Room,Female,109.5,1,1,2,10444.75,0,1,1,1,1,0
Suez Canal University,Room,Female,117.1,4,2,4,1248.71,0,0,0,1,1,0
Fayoum University,Room,Female,68.4,1,1,1,4037.62,1,1,1,1,1,1
AUC,EntireUnit,Male,170.5,3,2,4,19448.97,0,0,0,1,1,1
Benha University,Room,Male,85.3,1,1,1,3712.01,1,0,0,1,0,0
Minia University,EntireUnit,Female,119.7,3,2,6,5269.92,0,1,1,0,1,0
Tanta University,Bed,Male,65.9,1,1,2,1866.15,1,1,1,1,0,1
Zagazig University,Room,Female,99.0,3,2,5,1911.67,1,1,1,1,1,1
AUC,Bed,Female,62.8,1,1,2,4164.57,1,1,0,0,0,1
Mansoura University,Room,Male,88.3,3,2,5,1831.93,1,1,1,0,1,1
Alexandria University,EntireUnit,Male,72.7,1,1,2,4367.29,0,0,0,0,0,0
Helwan University,Bed,Female,120.5,2,1,3,2152.13,1,1,0,0,1,0
Assiut University,EntireUnit,Male,172.9,4,2,4,6625.48,0,0,0,0,0,1
Alexandria University,Bed,Female,199.4,3,2,6,2083.15,1,1,0,1,0,1
Ain Shams University,Bed,Female,174.2,3,2,5,2143.52,1,1,1,1,1,0
Benha University,EntireUnit,Female,114.4,2,1,2,4297.3,0,0,0,0,0,1
Fayoum University,Bed,Male,93.8,3,2,6,619.24,1,0,0,1,0,0
Benha University,EntireUnit,Female,130.4,4,2,7,5832.76,1,0,1,1,1,1
Assiut University,Bed,Female,120.3,2,2,4,1149.81,0,0,1,0,0,0
Zagazig University,Bed,Female,139.9,4,2,7,808.95,0,0,0,0,0,0
Benha University,EntireUnit,Female,151.8,1,1,1,6665.69,1,0,0,1,0,0
Fayoum University,EntireUnit,Female,109.3,1,1,1,3981.2,0,0,1,1,0,1
Mansoura University,Room,Male,151.0,4,2,5,1810.24,1,1,0,1,1,0
Helwan University,Bed,Male,136.7,3,2,6,1085.08,0,1,1,1,0,0
Benha University,EntireUnit,Male,108.5,3,2,6,4001.11,0,0,0,0,0,0
Fayoum University,Room,Female,140.2,1,1,1,7068.62,1,1,1,1,1,0
Fayoum University,EntireUnit,Female,129.9,4,2,5,4596.71,0,0,0,1,0,0
Suez Canal University,Bed,Female,57.7,2,2,4,871.55,1,0,1,1,1,0
Alexandria University,Room,Female,172.9,4,2,6,2537.46,1,0,0,0,1,0
Zagazig University,Bed,Male,39.5,1,1,1,3178.26,1,1,0,1,1,0
Cairo University,Bed,Male,108.0,4,2,4,1944.62,0,1,0,0,0,0
Benha University,EntireUnit,Female,61.6,1,1,2,3969.36,0,1,1,1,1,1
GUC,EntireUnit,Female,100.6,4,2,8,9879.11,0,0,0,1,0,0
Tanta University,EntireUnit,Male,28.8,1,1,2,1353.5,0,0,0,1,0,1
Cairo University,Bed,Female,56.7,1,1,2,2309.72,0,1,1,0,1,0
Benha University,Room,Female,168.1,4,2,5,1745.58,0,0,1,1,1,1
Minia University,Room,Female,85.2,2,1,3,1392.82,0,0,0,0,0,0
Zagazig University,EntireUnit,Female,173.2,1,1,1,7045.62,0,0,1,0,0,0
Benha University,EntireUnit,Female,113.6,1,1,2,6609.14,1,1,1,1,1,1
Fayoum University,EntireUnit,Female,167.9,4,2,5,6979.58,1,0,0,0,1,1
Cairo University,Bed,Male,122.9,3,2,6,1578.5,1,1,1,1,0,1
AUC,EntireUnit,Female,62.8,1,1,1,7621.86,1,1,1,0,1,1
Ain Shams University,Bed,Female,129.2,1,1,2,4355.68,1,1,1,1,1,1
Alexandria University,EntireUnit,Female,53.9,2,2,4,4243.8,0,1,1,1,0,1
Cairo University,Bed,Male,58.6,1,1,2,2278.2,0,1,0,0,0,1
Assiut University,Bed,Female,76.2,2,1,2,1660.07,0,1,0,0,0,0
Zagazig University,Room,Male,124.0,4,2,7,1534.3,0,1,1,1,1,1
Alexandria University,EntireUnit,Female,113.2,4,2,8,7237.41,1,1,0,0,1,1
Benha University,Bed,Male,154.6,3,2,6,1107.77,0,0,0,0,0,0
Alexandria University,EntireUnit,Female,79.1,2,1,3,6641.76,1,1,1,1,1,0
Benha University,Room,Male,125.7,2,2,4,3253.84,0,1,1,1,1,0
GUC,Bed,Male,151.3,1,1,1,14330.6,0,0,0,0,0,0
Zagazig University,Bed,Male,150.7,4,2,6,1170.0,0,1,1,0,0,0
Zagazig University,EntireUnit,Male,171.0,4,2,8,7924.11,1,1,1,1,0,1
Fayoum University,Bed,Male,101.1,4,2,8,603.11,1,1,0,1,1,1
Helwan University,EntireUnit,Male,130.6,4,2,4,5936.42,1,0,0,0,0,0
Mansoura University,EntireUnit,Male,147.6,2,1,2,6797.86,0,0,1,0,0,0
GUC,EntireUnit,Female,193.5,4,2,4,19241.89,1,1,0,1,0,0
Alexandria University,Bed,Male,159.4,4,2,8,1120.5,1,0,0,0,1,0
Benha University,Room,Male,139.4,4,2,4,1600.16,0,1,0,0,0,1
AUC,Room,Female,113.8,4,2,5,3111.93,0,1,0,1,0,0
AUC,EntireUnit,Female,136.8,3,2,5,16931.91,1,1,0,0,1,1
Tanta University,EntireUnit,Female,78.1,3,1,3,4557.98,0,1,0,1,1,1
Ain Shams University,Bed,Female,27.9,1,1,2,1334.84,0,1,0,1,1,0
Cairo University,Room,Female,133.8,4,2,7,1991.52,0,0,0,0,1,0
Minia University,Bed,Male,191.3,3,2,5,1854.5,1,1,1,1,1,1
Alexandria University,EntireUnit,Female,120.9,4,2,8,7891.44,1,0,0,0,0,1
Assiut University,Bed,Female,169.4,4,2,4,1591.65,0,0,0,0,1,0
Zagazig University,EntireUnit,Male,155.7,4,2,7,7273.45,1,0,0,0,1,1
Ain Shams University,Room,Male,112.1,4,2,7,1572.48,0,0,0,0,0,1
Mansoura University,EntireUnit,Male,60.1,1,1,1,4433.65,1,1,1,1,1,0
Benha University,EntireUnit,Male,123.3,1,1,2,4750.63,0,0,0,1,0,0
GUC,EntireUnit,Female,181.8,4,2,4,19545.45,1,0,1,0,1,0
